{"type":"FeatureCollection", "features": [
{"type":"Feature","geometry":{"type":"MultiPolygon","coordinates":[[[[3.9043,50.3275],[3.8474,50.3531],[3.7392,50.3476],[3.7103,50.3031],[3.665,50.347],[3.6747,50.4032],[3.6642,50.4532],[3.6073,50.4969],[3.4963,50.4987],[3.5199,50.5237],[3.474,50.5336],[3.4492,50.5066],[3.3919,50.4984],[3.3271,50.5095],[3.2865,50.5277],[3.2739,50.6045],[3.2442,50.6405],[3.2413,50.6687],[3.2611,50.7016],[3.2185,50.7122],[3.154,50.7792],[3.0179,50.774],[2.9381,50.7443],[2.9109,50.6945],[2.8587,50.7118],[2.785,50.6604],[2.7149,50.6354],[2.6223,50.6297],[2.5751,50.6394],[2.4637,50.6924],[2.4221,50.7057],[2.3198,50.7031],[2.2598,50.705],[2.2056,50.6794],[2.2662,50.6535],[2.3225,50.5803],[2.2934,50.5238],[2.3471,50.4959],[2.3753,50.4335],[2.4303,50.4164],[2.4257,50.3987],[2.4751,50.3834],[2.4593,50.3485],[2.4927,50.3119],[2.5056,50.2721],[2.4723,50.2423],[2.5099,50.2331],[2.5518,50.1954],[2.606,50.1724],[2.6395,50.1429],[2.6339,50.0966],[2.5822,50.0964],[2.5399,50.0798],[2.5249,50.0573],[2.463,50.0741],[2.4226,50.0514],[2.3823,50.0505],[2.3782,50.0183],[2.3334,49.9967],[2.299,49.9289],[2.2189,49.9189],[2.1663,49.9491],[2.1455,49.946],[2.0745,49.9786],[2.043,50.0138],[1.9803,50.0384],[1.8822,50.0603],[1.8042,50.1125],[1.6461,50.1782],[1.5962,50.1855],[1.5484,50.2152],[1.5168,50.2039],[1.4809,50.1694],[1.4537,50.11],[1.434,50.0955],[1.4417,50.0797],[1.5271,50.0524],[1.6134,50.0418],[1.7285,50.011],[1.7674,49.9665],[1.742,49.9552],[1.7115,49.9077],[1.9279,49.8332],[1.9538,49.8134],[1.8661,49.7743],[1.8251,49.7697],[1.7985,49.7094],[1.8133,49.669],[1.9143,49.6591],[1.9602,49.6344],[2.0061,49.6299],[2.0091,49.6122],[2.093,49.5943],[2.1309,49.6071],[2.2093,49.5622],[2.2263,49.5698],[2.2949,49.5573],[2.3798,49.572],[2.4749,49.5521],[2.5133,49.5576],[2.5584,49.5447],[2.6149,49.5473],[2.6171,49.5659],[2.6866,49.6113],[2.7502,49.6351],[2.7915,49.6228],[2.8765,49.6255],[2.8847,49.6517],[2.9184,49.6731],[2.9841,49.647],[3.005,49.675],[3.0901,49.6794],[3.1306,49.6736],[3.2067,49.6964],[3.2249,49.7309],[3.2555,49.7248],[3.2935,49.7386],[3.3013,49.7429],[3.308,49.7865],[3.331,49.8059],[3.3804,49.9187],[3.3864,49.9647],[3.4421,50.022],[3.4669,50.0277],[3.5941,50.0081],[3.6072,50.0037],[3.6305,50.0065],[3.6751,50.0186],[3.6705,50.0344],[3.6432,50.0444],[3.6511,50.0732],[3.6811,50.0872],[3.6366,50.1174],[3.6929,50.1371],[3.7145,50.1705],[3.7514,50.1779],[3.7568,50.2019],[3.6984,50.2215],[3.7501,50.2586],[3.8118,50.2569],[3.8683,50.2707],[3.8685,50.296],[3.9043,50.3275]]],[[[4.0571,50.3323],[4.0485,50.3276],[4.0731,50.3081],[4.0791,50.311],[4.0781,50.3206],[4.0705,50.3244],[4.065,50.3307],[4.0571,50.3323]]]]},"properties":{"sector_id":2}},
{"type":"Feature","geometry":{"type":"MultiPolygon","coordinates":[[[[-0.2796,47.955],[-0.3005,47.9252],[-0.2893,47.8458],[-0.3013,47.8034],[-0.3434,47.7459],[-0.3784,47.7268],[-0.3281,47.7439],[-0.2741,47.7449],[-0.2691,47.793],[-0.1991,47.7907],[-0.1884,47.8234],[-0.151,47.8435],[-0.1103,47.8385],[-0.0917,47.8644],[-0.0053,47.8787],[0.019,47.8553],[0.137,47.8824],[0.1786,47.8666],[0.2111,47.7855],[0.2833,47.8255],[0.2892,47.8864],[0.3346,47.9034],[0.3379,47.9077],[0.2636,47.9147],[0.2214,47.9047],[0.1826,47.8808],[0.1572,47.8839],[0.1291,47.9078],[0.1,47.91],[0.1047,47.9517],[0.0872,47.962],[0.079,48.0306],[0.1329,48.0214],[0.1491,48.0851],[0.0689,48.1121],[0.0465,48.1365],[0.0626,48.1608],[0.103,48.1175],[0.1406,48.1178],[0.1609,48.0973],[0.2014,48.0893],[0.2668,48.1023],[0.3178,48.0922],[0.3523,48.0646],[0.3887,48.0664],[0.3877,48.0972],[0.3508,48.0982],[0.3269,48.1176],[0.3375,48.1659],[0.2372,48.1251],[0.2242,48.1537],[0.2371,48.1712],[0.2861,48.1581],[0.3011,48.1896],[0.3316,48.1973],[0.3917,48.1823],[0.4532,48.2173],[0.4812,48.2199],[0.481,48.2554],[0.5132,48.2724],[0.5816,48.2632],[0.6133,48.2371],[0.6533,48.1746],[0.5845,48.1072],[0.586,48.0815],[0.6509,48.0919],[0.7028,48.11],[0.7445,48.177],[0.7739,48.1969],[0.8029,48.1853],[0.8479,48.1933],[0.7996,48.2441],[0.7253,48.2519],[0.7713,48.2739],[0.784,48.2943],[0.7636,48.3257],[0.776,48.3456],[0.8281,48.377],[0.8568,48.3612],[0.8691,48.3712],[0.9069,48.394],[0.8795,48.4209],[0.8342,48.4228],[0.7921,48.4629],[0.7473,48.4537],[0.6552,48.464],[0.6554,48.5032],[0.6379,48.5431],[0.6779,48.5881],[0.5954,48.5945],[0.5698,48.6],[0.5517,48.6128],[0.5355,48.6128],[0.5247,48.623],[0.5335,48.6301],[0.5298,48.633],[0.5325,48.645],[0.5037,48.6516],[0.4966,48.6507],[0.4931,48.6535],[0.5021,48.6561],[0.4914,48.6591],[0.4425,48.6712],[0.3769,48.6577],[0.3498,48.6635],[0.3213,48.7164],[0.2855,48.7246],[0.2653,48.7544],[0.1908,48.7597],[0.1934,48.7976],[0.151,48.8259],[0.1373,48.8485],[0.0646,48.8741],[0.0129,48.9292],[0.0389,48.9706],[0.0185,49.0173],[0.0213,49.042],[-0.0244,49.0495],[-0.0694,49.0915],[-0.055,49.1065],[-0.0816,49.1498],[-0.1187,49.1718],[-0.1748,49.1806],[-0.1838,49.2356],[-0.1674,49.2482],[-0.186,49.2871],[-0.3001,49.2989],[-0.3626,49.3252],[-0.4135,49.3366],[-0.5592,49.3469],[-0.6012,49.34],[-0.8145,49.3562],[-0.9004,49.3784],[-0.9247,49.3925],[-1.0082,49.3958],[-1.074,49.3899],[-1.1202,49.3567],[-1.1068,49.3182],[-1.0143,49.3054],[-0.9822,49.3092],[-0.8882,49.2869],[-0.8296,49.2521],[-0.7822,49.2352],[-0.691,49.2382],[-0.7166,49.1606],[-0.6534,49.1437],[-0.6199,49.1798],[-0.6067,49.1598],[-0.644,49.1203],[-0.6271,49.0893],[-0.572,49.0837],[-0.5483,49.1253],[-0.4677,49.1539],[-0.4324,49.161],[-0.4807,49.1275],[-0.5376,49.1025],[-0.5577,49.0744],[-0.529,49.0544],[-0.5154,49.0191],[-0.4737,49.0435],[-0.4753,49.0728],[-0.4327,49.072],[-0.4472,49.0333],[-0.4377,49.0006],[-0.4059,48.986],[-0.3733,48.938],[-0.3256,48.9547],[-0.2887,48.9189],[-0.2163,48.917],[-0.1977,48.8881],[-0.1621,48.8681],[-0.0419,48.826],[-0.0245,48.7967],[-0.1284,48.8277],[-0.1595,48.8126],[-0.2871,48.8785],[-0.3122,48.8562],[-0.21,48.8315],[-0.1778,48.7929],[-0.1843,48.7648],[-0.1254,48.7653],[-0.1655,48.7324],[-0.1826,48.6855],[-0.2389,48.6656],[-0.2225,48.6491],[-0.1722,48.6553],[-0.1419,48.6967],[-0.1061,48.6667],[-0.0763,48.698],[-0.0327,48.6675],[0.0068,48.669],[0.0382,48.6199],[0.0259,48.5914],[0.0715,48.5836],[0.1326,48.5907],[0.1692,48.5564],[0.2121,48.5443],[0.1965,48.5205],[0.1463,48.5256],[0.0765,48.4978],[0.0116,48.4811],[0.028,48.4332],[0.0703,48.4133],[0.0528,48.3817],[0.0833,48.3589],[0.041,48.343],[0.0639,48.2949],[0.0206,48.2807],[0.0186,48.2406],[-0.0081,48.2375],[-0.0717,48.1803],[-0.0464,48.1807],[-0.0477,48.1825],[-0.0649,48.1853],[-0.0477,48.1825],[-0.042,48.1783],[-0.0678,48.1765],[-0.0739,48.1639],[-0.0681,48.1309],[-0.1169,48.124],[-0.1519,48.0977],[-0.1487,48.0593],[-0.1347,48.0584],[-0.2009,48.0513],[-0.2251,48.0182],[-0.2801,47.9772],[-0.2766,47.9574],[-0.2791,47.9541],[-0.2796,47.955]],[[0.0321,47.9577],[0.0474,47.9625],[0.0799,47.9695],[0.0967,47.9331],[0.0498,47.937],[0.0321,47.9577]],[[-0.2273,47.9592],[-0.2346,47.9555],[-0.2465,47.9664],[-0.2373,47.9657],[-0.2273,47.9592]],[[-0.0889,48.0947],[-0.0813,48.0899],[-0.1041,48.1002],[-0.0889,48.0961],[-0.0889,48.0947]],[[0.156,48.3463],[0.1286,48.3698],[0.1653,48.3943],[0.2538,48.431],[0.3295,48.4299],[0.3168,48.3839],[0.2682,48.357],[0.1974,48.3612],[0.156,48.3463]],[[0.581,48.4021],[0.5868,48.3955],[0.5267,48.3825],[0.437,48.3899],[0.4599,48.4038],[0.5021,48.4069],[0.5129,48.4031],[0.5084,48.3982],[0.5168,48.4021],[0.5545,48.4139],[0.5614,48.4123],[0.581,48.4021]]],[[[1.4096,48.3588],[1.3932,48.3661],[1.4102,48.3416],[1.4404,48.3436],[1.4425,48.345],[1.4262,48.3525],[1.4096,48.3588]]],[[[0.4585,48.1253],[0.4772,48.088],[0.5128,48.1108],[0.4585,48.1253]]],[[[0.8342,48.0674],[0.7988,48.0986],[0.7377,48.0765],[0.7429,48.0615],[0.8041,48.0704],[0.8312,48.0694],[0.8342,48.0674]]]]},"properties":{"sector_id":3}},
{"type":"Feature","geometry":{"type":"Polygon","coordinates":[[[2.6171,49.5659],[2.6149,49.5473],[2.5584,49.5447],[2.5133,49.5576],[2.4749,49.5521],[2.3798,49.572],[2.2949,49.5573],[2.2263,49.5698],[2.2093,49.5622],[2.1309,49.6071],[2.093,49.5943],[2.0091,49.6122],[2.0061,49.6299],[1.9602,49.6344],[1.9143,49.6591],[1.8133,49.669],[1.7985,49.7094],[1.8251,49.7697],[1.8661,49.7743],[1.9538,49.8134],[1.9279,49.8332],[1.7115,49.9077],[1.742,49.9552],[1.7674,49.9665],[1.7285,50.011],[1.6134,50.0418],[1.5271,50.0524],[1.4417,50.0797],[1.434,50.0955],[1.3452,50.0538],[1.206,49.9739],[1.1319,49.9467],[1.0535,49.9255],[0.9594,49.9196],[0.9322,49.9076],[0.6421,49.8643],[0.5798,49.8523],[0.5128,49.8199],[0.3111,49.7402],[0.2866,49.7387],[0.1937,49.7072],[0.1645,49.6863],[0.1244,49.6041],[0.0746,49.5366],[0.0683,49.507],[0.118,49.4699],[0.121,49.3994],[0.0749,49.3665],[-0.0045,49.3252],[-0.0923,49.2995],[-0.186,49.2871],[-0.1674,49.2482],[-0.1838,49.2356],[-0.1748,49.1806],[-0.1187,49.1718],[-0.0816,49.1498],[-0.055,49.1065],[-0.0694,49.0915],[-0.0244,49.0495],[0.0213,49.042],[0.0185,49.0173],[0.0389,48.9706],[0.0129,48.9292],[0.0646,48.8741],[0.1373,48.8485],[0.151,48.8259],[0.1934,48.7976],[0.1908,48.7597],[0.2653,48.7544],[0.2855,48.7246],[0.3213,48.7164],[0.3498,48.6635],[0.3769,48.6577],[0.4425,48.6712],[0.4914,48.6591],[0.5054,48.6544],[0.5309,48.6503],[0.5376,48.6421],[0.5335,48.6301],[0.53,48.6206],[0.5624,48.6121],[0.6134,48.5942],[0.6292,48.6087],[0.6802,48.6138],[0.7432,48.5976],[0.7888,48.5959],[0.8423,48.6218],[0.9248,48.6002],[1.1013,48.5407],[1.163,48.5022],[1.1686,48.4834],[1.2063,48.4585],[1.2307,48.3997],[1.2513,48.3762],[1.2901,48.3684],[1.3068,48.3685],[1.3158,48.3723],[1.3854,48.3698],[1.4155,48.361],[1.4266,48.3523],[1.4425,48.345],[1.4486,48.3487],[1.4842,48.3933],[1.4978,48.4425],[1.4914,48.471],[1.5258,48.4859],[1.5758,48.5253],[1.5892,48.5632],[1.5679,48.621],[1.6651,48.5987],[1.7664,48.5982],[1.7815,48.5989],[1.8783,48.6338],[1.886,48.6313],[1.9005,48.6572],[1.8606,48.6625],[1.8305,48.7014],[1.7547,48.7128],[1.6629,48.7046],[1.6352,48.6862],[1.5668,48.7128],[1.612,48.7615],[1.6149,48.8432],[1.534,48.8765],[1.568,48.9572],[1.4858,48.9959],[1.4834,49.0213],[1.4372,49.0627],[1.3584,49.0862],[1.355,49.1208],[1.3231,49.1238],[1.2969,49.1465],[1.2566,49.1406],[1.2273,49.1595],[1.2298,49.1889],[1.2896,49.203],[1.3492,49.2328],[1.3734,49.2201],[1.3352,49.1951],[1.3349,49.1606],[1.3552,49.1486],[1.4047,49.1533],[1.5208,49.0676],[1.5588,49.0695],[1.6129,49.0882],[1.6591,49.1318],[1.6745,49.2116],[1.7039,49.2289],[1.7089,49.2641],[1.7516,49.2674],[1.8056,49.2876],[1.8809,49.2695],[1.9006,49.2478],[1.9498,49.2283],[2.0088,49.227],[2.0656,49.2039],[2.1234,49.2133],[2.2234,49.1793],[2.2423,49.1395],[2.2248,49.1312],[2.2284,49.1289],[2.289,49.1198],[2.3276,49.1427],[2.3734,49.1265],[2.4534,49.1531],[2.2752,49.2748],[2.2267,49.2946],[2.1702,49.342],[2.1567,49.3501],[2.1442,49.3458],[2.1484,49.3409],[2.051,49.3548],[1.9831,49.3795],[1.9354,49.4145],[1.8764,49.4276],[1.7257,49.4487],[1.6381,49.4898],[1.5985,49.5275],[1.5407,49.549],[1.5251,49.5772],[1.4768,49.5969],[1.4295,49.6754],[1.3707,49.7287],[1.3559,49.756],[1.433,49.7378],[1.5024,49.7014],[1.5629,49.6821],[1.6279,49.6379],[1.7427,49.5902],[1.8114,49.5436],[1.9553,49.4744],[2.0343,49.4226],[2.0674,49.4288],[2.0982,49.418],[2.1271,49.4104],[2.1413,49.4038],[2.1438,49.3985],[2.153,49.4009],[2.1675,49.3967],[2.1681,49.3992],[2.2125,49.4096],[2.2667,49.4027],[2.3065,49.408],[2.3781,49.3925],[2.4153,49.3937],[2.4609,49.3604],[2.4869,49.3634],[2.618,49.3522],[2.7255,49.3234],[2.6694,49.4021],[2.7128,49.4373],[2.7774,49.4149],[2.8407,49.4307],[2.8182,49.4648],[2.7485,49.4913],[2.7643,49.5157],[2.7409,49.5427],[2.7099,49.5437],[2.6171,49.5659]]]},"properties":{"sector_id":4}},
{"type":"Feature","geometry":{"type":"Polygon","coordinates":[[[3.4284,49.6589],[3.3925,49.6881],[3.3728,49.7294],[3.3527,49.7293],[3.2994,49.7368],[3.2961,49.7406],[3.2935,49.7386],[3.2555,49.7248],[3.2249,49.7309],[3.2067,49.6964],[3.1306,49.6736],[3.0901,49.6794],[3.005,49.675],[2.9841,49.647],[2.9184,49.6731],[2.8847,49.6517],[2.8765,49.6255],[2.7915,49.6228],[2.7502,49.6351],[2.6866,49.6113],[2.6171,49.5659],[2.7099,49.5437],[2.7409,49.5427],[2.7643,49.5157],[2.7485,49.4913],[2.8182,49.4648],[2.8407,49.4307],[2.7774,49.4149],[2.7128,49.4373],[2.6694,49.4021],[2.7255,49.3234],[2.618,49.3522],[2.4869,49.3634],[2.4609,49.3604],[2.4153,49.3937],[2.3781,49.3925],[2.3065,49.408],[2.2667,49.4027],[2.2125,49.4096],[2.1681,49.3992],[2.1663,49.3944],[2.1488,49.3548],[2.1702,49.342],[2.2267,49.2946],[2.2752,49.2748],[2.4534,49.1531],[2.3734,49.1265],[2.3276,49.1427],[2.289,49.1198],[2.2284,49.1289],[2.2248,49.1312],[2.2423,49.1395],[2.2234,49.1793],[2.1234,49.2133],[2.0656,49.2039],[2.0088,49.227],[1.9498,49.2283],[1.9006,49.2478],[1.8809,49.2695],[1.8056,49.2876],[1.7516,49.2674],[1.7089,49.2641],[1.7039,49.2289],[1.6745,49.2116],[1.6591,49.1318],[1.6129,49.0882],[1.5588,49.0695],[1.5208,49.0676],[1.4047,49.1533],[1.3552,49.1486],[1.3349,49.1606],[1.3352,49.1951],[1.3734,49.2201],[1.3492,49.2328],[1.2896,49.203],[1.2298,49.1889],[1.2273,49.1595],[1.2566,49.1406],[1.2969,49.1465],[1.3231,49.1238],[1.355,49.1208],[1.3584,49.0862],[1.4372,49.0627],[1.4834,49.0213],[1.4858,48.9959],[1.568,48.9572],[1.534,48.8765],[1.6149,48.8432],[1.612,48.7615],[1.5668,48.7128],[1.6352,48.6862],[1.6629,48.7046],[1.7547,48.7128],[1.8305,48.7014],[1.8606,48.6625],[1.9005,48.6572],[1.886,48.6313],[1.8906,48.6292],[1.873,48.6134],[1.9268,48.5819],[2.0183,48.578],[2.0486,48.5656],[2.1025,48.574],[2.2012,48.5778],[2.2378,48.5859],[2.3001,48.6255],[2.3001,48.6498],[2.3259,48.6678],[2.3611,48.6687],[2.382,48.6921],[2.4433,48.7364],[2.4111,48.7673],[2.45,48.8167],[2.4724,48.7909],[2.5106,48.7849],[2.5132,48.851],[2.5991,48.8676],[2.6361,48.8578],[2.6889,48.8807],[2.7537,48.8847],[2.7623,48.9196],[2.8473,48.9061],[2.8771,48.9491],[2.8993,48.9349],[2.9448,48.9566],[2.9451,48.9953],[2.9966,48.9946],[3.033,49.0095],[3.0449,48.9812],[3.0334,48.9565],[3.1266,48.944],[3.1919,48.9934],[3.2173,48.9756],[3.2737,48.9639],[3.3331,48.9709],[3.3437,48.9984],[3.3763,49.0003],[3.3944,49.042],[3.4672,49.0442],[3.4851,49.07],[3.5218,49.0686],[3.5502,49.0841],[3.5817,49.0569],[3.6463,49.0897],[3.7279,49.104],[3.8128,49.0819],[3.8947,49.073],[3.9775,49.0864],[4.0245,49.0729],[4.0463,49.1057],[4.075,49.0959],[4.105,49.1327],[4.1633,49.0996],[4.1836,49.1304],[4.1307,49.1581],[4.0906,49.1478],[4.0298,49.1669],[3.977,49.1651],[3.918,49.2317],[3.8793,49.2605],[3.8447,49.2639],[3.7765,49.3051],[3.8432,49.303],[3.8661,49.2903],[3.9177,49.3017],[3.9446,49.3266],[3.897,49.3347],[3.8931,49.3666],[3.7734,49.3686],[3.7476,49.3904],[3.7992,49.4487],[3.7991,49.4926],[3.85,49.4993],[3.8278,49.545],[3.7718,49.558],[3.7285,49.5462],[3.662,49.5495],[3.5941,49.526],[3.5489,49.5532],[3.5416,49.5875],[3.5095,49.6382],[3.4454,49.6552],[3.4284,49.6589]]]},"properties":{"sector_id":5}},
{"type":"Feature","geometry":{"type":"Polygon","coordinates":[[[4.0346,49.9852],[3.9186,50.0022],[3.9413,50.0245],[3.8426,50.0418],[3.8342,50.0477],[3.7407,50.0406],[3.6746,50.0218],[3.6751,50.0186],[3.6305,50.0065],[3.6072,50.0037],[3.5941,50.0081],[3.4669,50.0277],[3.4421,50.022],[3.3864,49.9647],[3.3804,49.9187],[3.331,49.8059],[3.308,49.7865],[3.3013,49.7429],[3.2961,49.7406],[3.2994,49.7368],[3.3527,49.7293],[3.3728,49.7294],[3.3925,49.6881],[3.4284,49.6589],[3.4454,49.6552],[3.5095,49.6382],[3.5416,49.5875],[3.5489,49.5532],[3.5941,49.526],[3.662,49.5495],[3.7285,49.5462],[3.7718,49.558],[3.8278,49.545],[3.85,49.4993],[3.7991,49.4926],[3.7992,49.4487],[3.7476,49.3904],[3.7734,49.3686],[3.8931,49.3666],[3.897,49.3347],[3.9446,49.3266],[3.9177,49.3017],[3.8661,49.2903],[3.8432,49.303],[3.7765,49.3051],[3.8447,49.2639],[3.8793,49.2605],[3.918,49.2317],[3.977,49.1651],[4.0298,49.1669],[4.0906,49.1478],[4.1307,49.1581],[4.1836,49.1304],[4.1633,49.0996],[4.105,49.1327],[4.075,49.0959],[4.0463,49.1057],[4.0245,49.0729],[3.9775,49.0864],[3.8947,49.073],[3.8128,49.0819],[3.7279,49.104],[3.6463,49.0897],[3.5817,49.0569],[3.6383,49.0579],[3.672,49.0848],[3.6964,49.0758],[3.7514,49.0796],[3.896,49.0501],[3.9061,49.0164],[3.9558,48.9708],[3.9894,48.9859],[3.9973,48.9464],[3.9438,48.9335],[3.9319,48.9065],[3.8835,48.8804],[3.8597,48.8805],[3.7846,48.8385],[3.7569,48.7987],[3.7977,48.7811],[3.7457,48.7452],[3.7084,48.7334],[3.6671,48.7],[3.6787,48.6312],[3.6581,48.6144],[3.6059,48.615],[3.5921,48.5962],[3.5807,48.5946],[3.5623,48.6016],[3.5482,48.5814],[3.5812,48.5659],[3.5842,48.4966],[3.6029,48.4697],[3.7431,48.4077],[3.7592,48.3867],[3.8027,48.2724],[3.819,48.1868],[3.8529,48.1162],[3.883,48.0836],[3.9564,48.1038],[3.9717,48.1182],[4.0305,48.1354],[4.0588,48.181],[4.1228,48.219],[4.0994,48.282],[4.1247,48.2848],[4.2074,48.2707],[4.2605,48.3133],[4.2736,48.3353],[4.3672,48.3718],[4.4002,48.3978],[4.4103,48.4429],[4.5172,48.4578],[4.5928,48.4954],[4.6011,48.5319],[4.5653,48.5491],[4.5689,48.5947],[4.5969,48.6031],[4.5857,48.6538],[4.5983,48.6768],[4.5759,48.7266],[4.6706,48.7611],[4.704,48.7832],[4.7065,48.8042],[4.7398,48.8282],[4.7604,48.8309],[4.8241,48.8344],[4.8282,48.8567],[4.8738,48.8785],[4.8211,48.8925],[4.8347,48.8993],[4.8822,48.9006],[4.8957,48.9941],[4.9072,49.0228],[4.8934,49.0837],[4.8388,49.112],[4.8411,49.1378],[4.776,49.1404],[4.7847,49.1578],[4.7492,49.1788],[4.7736,49.2115],[4.7441,49.2236],[4.7496,49.2618],[4.7045,49.2687],[4.6994,49.3129],[4.6308,49.3596],[4.6416,49.389],[4.6037,49.4109],[4.6063,49.4338],[4.5455,49.4611],[4.4934,49.4733],[4.4185,49.5032],[4.4248,49.5353],[4.3157,49.5573],[4.2852,49.6156],[4.2169,49.6449],[4.2077,49.6886],[4.2414,49.715],[4.1984,49.7287],[4.1947,49.7615],[4.2128,49.7796],[4.1103,49.8406],[4.0039,49.8769],[3.9034,49.8984],[3.9862,49.9323],[4.0068,49.9357],[4.0166,49.9419],[4.017,49.9436],[4.0224,49.9429],[4.0268,49.946],[4.0557,49.9707],[4.045,49.9853],[4.0346,49.9852]]]},"properties":{"sector_id":6}},
{"type":"Feature","geometry":{"type":"Polygon","coordinates":[[[3.5817,49.0569],[3.5502,49.0841],[3.5218,49.0686],[3.4851,49.07],[3.4672,49.0442],[3.3944,49.042],[3.3763,49.0003],[3.3437,48.9984],[3.3331,48.9709],[3.2737,48.9639],[3.2173,48.9756],[3.1919,48.9934],[3.1266,48.944],[3.0334,48.9565],[3.0449,48.9812],[3.033,49.0095],[2.9966,48.9946],[2.9451,48.9953],[2.9448,48.9566],[2.8993,48.9349],[2.8771,48.9491],[2.8473,48.9061],[2.7623,48.9196],[2.7537,48.8847],[2.6889,48.8807],[2.6361,48.8578],[2.5991,48.8676],[2.5132,48.851],[2.5106,48.7849],[2.4724,48.7909],[2.45,48.8167],[2.4111,48.7673],[2.4433,48.7364],[2.382,48.6921],[2.3863,48.6784],[2.4875,48.6099],[2.4783,48.577],[2.5455,48.564],[2.5326,48.5409],[2.6141,48.5155],[2.6686,48.5266],[2.67,48.4939],[2.732,48.4856],[2.7513,48.4854],[2.7693,48.4712],[2.7463,48.4393],[2.7467,48.415],[2.7909,48.412],[2.7892,48.3887],[2.8007,48.3874],[2.8115,48.3801],[2.9026,48.3688],[2.9882,48.4009],[3.0593,48.4131],[3.0594,48.4399],[3.1038,48.4559],[3.1214,48.4784],[3.1653,48.4835],[3.1749,48.5078],[3.2147,48.5008],[3.2931,48.5609],[3.3667,48.5555],[3.3235,48.5513],[3.2885,48.5335],[3.2743,48.5015],[3.3132,48.4937],[3.4038,48.5269],[3.4392,48.5276],[3.5308,48.5913],[3.5623,48.6016],[3.5807,48.5946],[3.5921,48.5962],[3.6059,48.615],[3.6581,48.6144],[3.6787,48.6312],[3.6671,48.7],[3.7084,48.7334],[3.7457,48.7452],[3.7977,48.7811],[3.7569,48.7987],[3.7846,48.8385],[3.8597,48.8805],[3.8835,48.8804],[3.9319,48.9065],[3.9438,48.9335],[3.9973,48.9464],[3.9894,48.9859],[3.9558,48.9708],[3.9061,49.0164],[3.896,49.0501],[3.7514,49.0796],[3.6964,49.0758],[3.672,49.0848],[3.6383,49.0579],[3.5817,49.0569]]]},"properties":{"sector_id":7}},
{"type":"Feature","geometry":{"type":"Polygon","coordinates":[[[3.5623,48.6016],[3.5308,48.5913],[3.4392,48.5276],[3.4038,48.5269],[3.3132,48.4937],[3.2743,48.5015],[3.2885,48.5335],[3.3235,48.5513],[3.3667,48.5555],[3.2931,48.5609],[3.2147,48.5008],[3.1749,48.5078],[3.1653,48.4835],[3.1214,48.4784],[3.1038,48.4559],[3.0594,48.4399],[3.0593,48.4131],[2.9882,48.4009],[2.9026,48.3688],[2.8115,48.3801],[2.8237,48.3624],[2.7864,48.3375],[2.6964,48.3194],[2.6845,48.3084],[2.7153,48.1917],[2.7529,48.1523],[2.7642,48.1058],[2.7518,48.0547],[2.7321,48.04],[2.7232,47.9622],[2.7726,47.9352],[2.7934,47.8733],[2.7816,47.8432],[2.7476,47.831],[2.7384,47.8072],[2.765,47.7834],[2.7476,47.7679],[2.7976,47.7319],[2.7927,47.7146],[2.7785,47.7083],[2.7432,47.6859],[2.6902,47.6833],[2.6751,47.6754],[2.6718,47.6657],[2.6652,47.6656],[2.6706,47.6619],[2.7154,47.6457],[2.7544,47.5948],[2.775,47.5821],[2.8038,47.5696],[2.8277,47.5533],[2.864,47.5192],[2.8851,47.5158],[2.8786,47.5203],[2.9772,47.5534],[2.979,47.5488],[3.0129,47.5426],[3.0338,47.5475],[3.0907,47.55],[3.0974,47.5485],[3.114,47.5609],[3.0839,47.5958],[3.0951,47.6233],[3.1505,47.6214],[3.2017,47.6726],[3.2244,47.677],[3.278,47.7433],[3.2833,47.7705],[3.333,47.7576],[3.3602,47.8003],[3.3268,47.8018],[3.3386,47.8324],[3.3525,47.8436],[3.3898,47.8457],[3.3775,47.8611],[3.3906,47.8852],[3.4763,47.94],[3.4989,47.9624],[3.5354,47.9558],[3.5856,47.9765],[3.59,47.9921],[3.6389,47.9985],[3.7074,48.0309],[3.7571,48.0277],[3.8529,48.0795],[3.883,48.0836],[3.8529,48.1162],[3.819,48.1868],[3.8027,48.2724],[3.7592,48.3867],[3.7431,48.4077],[3.6029,48.4697],[3.5842,48.4966],[3.5812,48.5659],[3.5482,48.5814],[3.5623,48.6016]]]},"properties":{"sector_id":8}},
{"type":"Feature","geometry":{"type":"MultiPolygon","coordinates":[[[[3.7907,47.3162],[3.7837,47.3353],[3.7836,47.3293],[3.7717,47.3184],[3.7741,47.3048],[3.7907,47.3162]]],[[[5.4321,48.0706],[5.3906,48.088],[5.3877,48.0706],[5.3996,48.0686],[5.4261,48.0602],[5.4321,48.0706]]],[[[5.3939,48.1006],[5.3822,48.0898],[5.4105,48.0871],[5.4262,48.0784],[5.4611,48.0719],[5.4509,48.0727],[5.4599,48.0672],[5.4859,48.0723],[5.4766,48.0757],[5.4589,48.0826],[5.4414,48.0893],[5.4387,48.0903],[5.4208,48.0945],[5.413,48.1003],[5.3939,48.1006]]],[[[5.4808,48.2638],[5.4526,48.2897],[5.5557,48.3446],[5.5534,48.3963],[5.5771,48.4072],[5.5683,48.4456],[5.6023,48.5015],[5.6037,48.5233],[5.5781,48.5533],[5.5258,48.5766],[5.519,48.6403],[5.4715,48.6282],[5.4265,48.6437],[5.3893,48.6369],[5.3493,48.65],[5.3285,48.6881],[5.269,48.7272],[5.2184,48.7337],[5.1471,48.788],[5.0285,48.8348],[5.0359,48.8184],[4.995,48.8196],[4.983,48.8014],[5.02,48.7805],[5.0201,48.7091],[5.0746,48.6856],[5.0828,48.6577],[5.1501,48.6536],[5.2395,48.5786],[5.1983,48.5594],[5.1437,48.6074],[5.1022,48.5646],[5.0794,48.5799],[5.0576,48.6475],[5.0104,48.6749],[4.9663,48.6504],[5.0172,48.615],[5.0365,48.5687],[5.0677,48.5525],[5.0926,48.4926],[5.0755,48.4324],[5.0488,48.4291],[4.9992,48.4793],[4.9483,48.4535],[4.9527,48.4365],[4.9187,48.4033],[4.9083,48.3645],[4.7804,48.3435],[4.7463,48.2948],[4.6305,48.307],[4.6037,48.2905],[4.5676,48.3094],[4.5483,48.2797],[4.5775,48.2208],[4.4807,48.2303],[4.4869,48.1951],[4.4475,48.164],[4.3127,48.1522],[4.2875,48.0926],[4.2043,48.0712],[4.1946,48.045],[4.1552,48.0096],[4.1041,48.0053],[4.0791,47.9719],[4.05,47.9638],[3.9958,47.9765],[3.9928,47.9358],[3.9517,47.9237],[3.9014,47.9396],[3.9009,47.8893],[3.8407,47.8972],[3.7703,47.8935],[3.7172,47.8501],[3.7252,47.8294],[3.6677,47.8188],[3.6491,47.778],[3.5809,47.8169],[3.5758,47.798],[3.6089,47.7783],[3.5897,47.7408],[3.6647,47.6978],[3.6872,47.6747],[3.6612,47.6539],[3.6796,47.6],[3.6534,47.5886],[3.6275,47.5472],[3.5181,47.5149],[3.5277,47.4693],[3.5567,47.4462],[3.5688,47.4165],[3.6139,47.409],[3.6357,47.3643],[3.7039,47.3512],[3.7324,47.3193],[3.7832,47.3388],[3.8027,47.4002],[3.8202,47.4268],[3.855,47.4468],[3.8522,47.489],[3.974,47.5015],[3.9837,47.4813],[4.0302,47.4783],[4.0685,47.4598],[4.1256,47.474],[4.1586,47.4526],[4.2479,47.5056],[4.2895,47.5213],[4.3359,47.5127],[4.3318,47.4765],[4.3772,47.43],[4.4061,47.3653],[4.3339,47.3353],[4.3543,47.2778],[4.3321,47.2386],[4.4171,47.2224],[4.4778,47.2393],[4.5538,47.2025],[4.5684,47.2623],[4.7016,47.3055],[4.7755,47.3528],[4.7611,47.4461],[4.7412,47.4564],[4.7423,47.4972],[4.7834,47.5335],[4.7672,47.546],[4.7979,47.5862],[4.8212,47.5975],[4.8806,47.5986],[4.9444,47.6797],[5.0127,47.6927],[5.0313,47.7108],[5.0903,47.7252],[5.1579,47.7207],[5.1823,47.774],[5.2138,47.778],[5.271,47.8071],[5.3063,47.8155],[5.3915,47.8029],[5.3988,47.803],[5.4048,47.8064],[5.3882,47.8064],[5.3537,47.8144],[5.3559,47.8219],[5.352,47.8345],[5.3431,47.8425],[5.3377,47.8534],[5.3372,47.8676],[5.3267,47.837],[5.3173,47.827],[5.2985,47.872],[5.296,47.8857],[5.2792,47.8771],[5.2723,47.8783],[5.2714,47.852],[5.2615,47.8535],[5.2505,47.8777],[5.2393,47.8763],[5.2574,47.8862],[5.2704,47.8936],[5.2641,47.9008],[5.2673,47.9008],[5.2803,47.9098],[5.2832,47.905],[5.2837,47.9162],[5.273,47.9156],[5.2808,47.9314],[5.2759,47.9413],[5.2647,47.9561],[5.2503,47.9419],[5.2526,47.9481],[5.2668,47.9623],[5.2628,47.9782],[5.2459,48.0034],[5.2433,48.0015],[5.2489,48.006],[5.2539,48.0065],[5.2706,47.9991],[5.2843,47.9903],[5.2838,47.9693],[5.2966,47.9595],[5.3014,47.9527],[5.3145,47.9522],[5.3384,47.9553],[5.3552,47.9561],[5.3721,47.9593],[5.3752,47.9604],[5.3808,47.9657],[5.386,47.9655],[5.4046,47.967],[5.414,47.9624],[5.43,47.9622],[5.4229,47.9772],[5.4187,47.9849],[5.4117,48.0004],[5.3778,48.0187],[5.3461,48.0195],[5.348,48.0148],[5.3526,48.0104],[5.3658,48.0085],[5.3672,48.0055],[5.39,47.9898],[5.3971,47.9827],[5.3904,47.9822],[5.4017,47.9756],[5.405,47.9723],[5.3955,47.9718],[5.3785,47.9814],[5.346,48.0064],[5.3454,47.9944],[5.3417,47.9849],[5.3385,47.9809],[5.3359,47.9784],[5.3363,47.9845],[5.3375,47.989],[5.3373,48.0015],[5.3381,48.0066],[5.3328,48.0179],[5.3278,48.0222],[5.2717,48.0388],[5.2563,48.0447],[5.2671,48.0416],[5.2844,48.0422],[5.2996,48.0424],[5.3017,48.0438],[5.3049,48.0424],[5.3207,48.0502],[5.3097,48.0411],[5.3156,48.0368],[5.3323,48.0272],[5.3528,48.0256],[5.3741,48.0343],[5.3822,48.0291],[5.4047,48.0237],[5.4186,48.0231],[5.4039,48.0513],[5.3614,48.071],[5.3649,48.0754],[5.3767,48.0859],[5.3707,48.0922],[5.371,48.0961],[5.3736,48.1114],[5.3867,48.1045],[5.4113,48.1038],[5.4193,48.1049],[5.4206,48.0987],[5.4414,48.0959],[5.4534,48.0942],[5.4803,48.0943],[5.4859,48.0857],[5.4873,48.0841],[5.5013,48.0914],[5.502,48.1033],[5.5074,48.1161],[5.5117,48.1306],[5.4944,48.1582],[5.5417,48.2419],[5.5207,48.2449],[5.4951,48.2478],[5.4808,48.2638]]]]},"properties":{"sector_id":9}},
{"type":"Feature","geometry":{"type":"MultiPolygon","coordinates":[[[[4.3547,49.8753],[4.3485,49.9018],[4.3002,49.8963],[4.2278,49.9139],[4.0755,49.921],[4.0582,49.9392],[4.0195,49.9403],[4.0224,49.9429],[4.017,49.9436],[4.0129,49.9354],[4.0143,49.8885],[4.0585,49.8596],[4.1177,49.8608],[4.1469,49.8439],[4.2732,49.7996],[4.3194,49.7676],[4.4322,49.7352],[4.4315,49.7111],[4.4613,49.67],[4.5218,49.6328],[4.5457,49.6377],[4.6011,49.6234],[4.5756,49.6007],[4.5205,49.6253],[4.4915,49.6237],[4.4258,49.6598],[4.3304,49.6568],[4.3225,49.637],[4.3725,49.6321],[4.419,49.5888],[4.4501,49.5891],[4.4719,49.5671],[4.5398,49.5328],[4.5479,49.5161],[4.613,49.4917],[4.6824,49.4545],[4.7283,49.3627],[4.7719,49.3316],[4.7787,49.3074],[4.8227,49.3088],[4.8778,49.3349],[4.9525,49.321],[4.9558,49.2776],[4.9877,49.2635],[5.0299,49.2224],[5.0336,49.1769],[5.0561,49.1527],[5.0696,49.111],[5.1043,49.0774],[5.105,49.0204],[5.0393,48.9943],[5.0339,48.966],[5.0614,48.9564],[5.0899,48.9066],[5.0295,48.8848],[4.989,48.8931],[4.9645,48.8683],[4.973,48.8477],[5.0263,48.8386],[5.0285,48.8348],[5.1471,48.788],[5.2184,48.7337],[5.269,48.7272],[5.3285,48.6881],[5.3493,48.65],[5.3893,48.6369],[5.4265,48.6437],[5.4715,48.6282],[5.519,48.6403],[5.5258,48.5766],[5.5781,48.5533],[5.6037,48.5233],[5.6023,48.5015],[5.5683,48.4456],[5.5771,48.4072],[5.5534,48.3963],[5.5557,48.3446],[5.4526,48.2897],[5.4808,48.2638],[5.4951,48.2478],[5.5207,48.2449],[5.5417,48.2419],[5.4944,48.1582],[5.5117,48.1306],[5.5074,48.1161],[5.502,48.1033],[5.5013,48.0914],[5.4873,48.0841],[5.5126,48.0962],[5.5176,48.1257],[5.506,48.1536],[5.5399,48.1633],[5.5776,48.2105],[5.6177,48.194],[5.6561,48.2252],[5.689,48.2282],[5.7005,48.2236],[5.706,48.2282],[5.704,48.2398],[5.7127,48.2485],[5.7271,48.2459],[5.7423,48.2425],[5.7309,48.267],[5.7491,48.2912],[5.7743,48.2885],[5.7761,48.2936],[5.7958,48.3101],[5.8185,48.3229],[5.8117,48.3261],[5.8237,48.3621],[5.779,48.3867],[5.7909,48.3903],[5.851,48.3715],[5.8578,48.3913],[5.9111,48.4042],[5.933,48.414],[5.9805,48.3977],[6.0086,48.4123],[5.979,48.4442],[5.9712,48.4512],[5.9769,48.4747],[5.9565,48.5012],[5.9672,48.5275],[6.0238,48.5483],[6.0332,48.58],[6.0654,48.5957],[6.0562,48.6305],[6.112,48.6295],[6.1473,48.6169],[6.171,48.6293],[6.1625,48.6937],[6.1355,48.7181],[6.1276,48.7228],[6.1427,48.7236],[6.1455,48.74],[6.1204,48.7679],[6.067,48.8581],[6.009,48.9005],[6.027,48.9272],[6.0009,48.9792],[6.0314,49.005],[6.0447,49.0588],[6.0826,49.0903],[6.0897,49.1257],[6.1204,49.1364],[6.1041,49.1757],[6.0788,49.1883],[6.1038,49.2188],[6.0544,49.246],[6.1139,49.2818],[6.0771,49.317],[6.0311,49.3407],[6.0786,49.4215],[6.075,49.4636],[6.0422,49.4478],[5.9742,49.4648],[5.9724,49.4833],[5.9548,49.4636],[5.8564,49.5064],[5.8344,49.5195],[5.7741,49.5118],[5.7626,49.5431],[5.7213,49.54],[5.6865,49.5295],[5.6451,49.5391],[5.6161,49.5276],[5.5931,49.5152],[5.5882,49.5216],[5.4898,49.4996],[5.4414,49.5151],[5.3666,49.5233],[5.3933,49.5493],[5.3455,49.5555],[5.3191,49.5749],[5.2715,49.5748],[5.2193,49.558],[5.1822,49.5935],[5.1084,49.6069],[5.0763,49.6329],[5.05,49.6035],[4.9769,49.6437],[4.966,49.659],[4.8669,49.6872],[4.8534,49.6675],[4.7829,49.6942],[4.7403,49.6871],[4.696,49.699],[4.6697,49.7305],[4.6307,49.755],[4.5541,49.7853],[4.4788,49.785],[4.4912,49.8069],[4.4425,49.822],[4.3624,49.8588],[4.3547,49.8753]],[[4.8139,49.4428],[4.8035,49.4083],[4.8816,49.3818],[4.8426,49.3651],[4.8297,49.3338],[4.8347,49.3321],[4.7805,49.3183],[4.7721,49.3535],[4.7217,49.3837],[4.7252,49.4134],[4.807,49.4482],[4.8139,49.4428]]],[[[5.9839,48.3927],[5.9161,48.4037],[5.9112,48.402],[5.9112,48.3999],[5.9172,48.3899],[5.9959,48.3741],[5.9988,48.3886],[5.9839,48.3927]]],[[[5.7368,48.2609],[5.7631,48.2651],[5.7441,48.2798],[5.7368,48.2609]]]]},"properties":{"sector_id":10}},
{"type":"Feature","geometry":{"type":"Polygon","coordinates":[[[7.5689,48.0337],[7.5782,48.122],[7.6447,48.208],[7.6667,48.2218],[7.7036,48.3094],[7.7445,48.3361],[7.7313,48.376],[7.7645,48.4554],[7.7676,48.489],[7.8052,48.5147],[7.8026,48.5906],[7.8425,48.6439],[7.8911,48.6635],[7.9636,48.7218],[7.9679,48.751],[8.0226,48.7681],[8.0301,48.7872],[8.0771,48.7953],[8.1479,48.9038],[8.2231,48.9755],[8.1416,48.9779],[8.0706,48.9959],[8.0495,49.014],[7.9729,49.0308],[7.9347,49.0189],[7.9395,48.982],[7.9156,48.9695],[7.9274,48.9136],[7.9072,48.8999],[7.7952,48.9009],[7.7208,48.8476],[7.6698,48.782],[7.6293,48.7564],[7.669,48.7161],[7.6932,48.6715],[7.6695,48.6324],[7.6161,48.6294],[7.6206,48.5848],[7.61,48.5544],[7.5387,48.5709],[7.4697,48.5205],[7.4982,48.4772],[7.4729,48.4462],[7.4793,48.4157],[7.4635,48.3646],[7.4397,48.3613],[7.4355,48.3279],[7.4017,48.2886],[7.3912,48.2396],[7.3697,48.2256],[7.3454,48.1758],[7.3349,48.1328],[7.305,48.1355],[7.3012,48.0951],[7.2802,48.0712],[7.3122,48.0397],[7.4374,48.0528],[7.5689,48.0337]]]},"properties":{"sector_id":11}},
{"type":"Feature","geometry":{"type":"Polygon","coordinates":[[[2.382,48.6921],[2.3611,48.6687],[2.3259,48.6678],[2.3001,48.6498],[2.3001,48.6255],[2.2378,48.5859],[2.2012,48.5778],[2.1025,48.574],[2.0486,48.5656],[2.0183,48.578],[1.9268,48.5819],[1.873,48.6134],[1.8906,48.6292],[1.8783,48.6338],[1.7815,48.5989],[1.7664,48.5982],[1.6651,48.5987],[1.5679,48.621],[1.5892,48.5632],[1.5758,48.5253],[1.5258,48.4859],[1.4914,48.471],[1.4978,48.4425],[1.4842,48.3933],[1.4486,48.3487],[1.4404,48.3436],[1.4102,48.3416],[1.3888,48.3221],[1.4183,48.2996],[1.3893,48.2774],[1.3903,48.2719],[1.4208,48.2622],[1.3714,48.2075],[1.3757,48.1675],[1.395,48.1581],[1.3462,48.1079],[1.3328,48.0764],[1.2619,48.0509],[1.2801,48.0285],[1.2371,48.0137],[1.2317,47.9946],[1.2588,47.9685],[1.2175,47.9509],[1.2107,47.9133],[1.2457,47.8771],[1.2371,47.8538],[1.1948,47.8439],[1.1494,47.8544],[1.1122,47.8003],[1.1141,47.7952],[1.0105,47.7742],[0.9956,47.7766],[0.989,47.7745],[0.9936,47.7528],[0.9943,47.7477],[0.9873,47.7409],[0.9877,47.7337],[0.9977,47.7046],[0.9821,47.6983],[1.0487,47.6408],[1.1138,47.6419],[1.1681,47.6312],[1.2006,47.6431],[1.255,47.6166],[1.338,47.6045],[1.3566,47.5949],[1.4308,47.651],[1.4938,47.6601],[1.5793,47.7017],[1.5795,47.7081],[1.6158,47.7373],[1.6362,47.7763],[1.6818,47.7929],[1.7037,47.826],[1.7708,47.863],[1.7988,47.8641],[1.8493,47.8898],[1.8688,47.895],[1.9722,47.9019],[2.0254,47.8836],[2.0292,47.8607],[2.0993,47.8728],[2.1901,47.8476],[2.2171,47.858],[2.2516,47.8256],[2.2948,47.8135],[2.2903,47.7883],[2.4381,47.767],[2.4806,47.7491],[2.5044,47.724],[2.6639,47.6681],[2.6652,47.6656],[2.6718,47.6657],[2.6751,47.6754],[2.6902,47.6833],[2.7432,47.6859],[2.7785,47.7083],[2.7927,47.7146],[2.7976,47.7319],[2.7476,47.7679],[2.765,47.7834],[2.7384,47.8072],[2.7476,47.831],[2.7816,47.8432],[2.7934,47.8733],[2.7726,47.9352],[2.7232,47.9622],[2.7321,48.04],[2.7518,48.0547],[2.7642,48.1058],[2.7529,48.1523],[2.7153,48.1917],[2.6845,48.3084],[2.6964,48.3194],[2.7864,48.3375],[2.8237,48.3624],[2.8115,48.3801],[2.8007,48.3874],[2.7892,48.3887],[2.7909,48.412],[2.7467,48.415],[2.7463,48.4393],[2.7693,48.4712],[2.7513,48.4854],[2.732,48.4856],[2.67,48.4939],[2.6686,48.5266],[2.6141,48.5155],[2.5326,48.5409],[2.5455,48.564],[2.4783,48.577],[2.4875,48.6099],[2.3863,48.6784],[2.382,48.6921]]]},"properties":{"sector_id":12}},
{"type":"Feature","geometry":{"type":"MultiPolygon","coordinates":[[[[0.5054,48.6544],[0.5021,48.6561],[0.4931,48.6535],[0.4966,48.6507],[0.5037,48.6516],[0.5325,48.645],[0.5298,48.633],[0.5376,48.6421],[0.5309,48.6503],[0.5054,48.6544]]],[[[0.5624,48.6121],[0.53,48.6206],[0.5335,48.6301],[0.5247,48.623],[0.5355,48.6128],[0.5517,48.6128],[0.5698,48.6],[0.5954,48.5945],[0.6779,48.5881],[0.6379,48.5431],[0.6554,48.5032],[0.6552,48.464],[0.7473,48.4537],[0.7921,48.4629],[0.8342,48.4228],[0.8795,48.4209],[0.9069,48.394],[0.8691,48.3712],[0.882,48.3689],[0.8903,48.3442],[0.8156,48.2949],[0.8242,48.3302],[0.852,48.3581],[0.8568,48.3612],[0.8281,48.377],[0.776,48.3456],[0.7636,48.3257],[0.784,48.2943],[0.7713,48.2739],[0.7253,48.2519],[0.7996,48.2441],[0.8479,48.1933],[0.8029,48.1853],[0.7739,48.1969],[0.7445,48.177],[0.7028,48.11],[0.6509,48.0919],[0.586,48.0815],[0.5845,48.1072],[0.6533,48.1746],[0.6133,48.2371],[0.5816,48.2632],[0.5132,48.2724],[0.481,48.2554],[0.4812,48.2199],[0.4532,48.2173],[0.3917,48.1823],[0.3316,48.1973],[0.3011,48.1896],[0.2861,48.1581],[0.2371,48.1712],[0.2242,48.1537],[0.2372,48.1251],[0.3375,48.1659],[0.3269,48.1176],[0.3508,48.0982],[0.3877,48.0972],[0.3887,48.0664],[0.3523,48.0646],[0.3178,48.0922],[0.2668,48.1023],[0.2014,48.0893],[0.1609,48.0973],[0.1406,48.1178],[0.103,48.1175],[0.0626,48.1608],[0.0465,48.1365],[0.0689,48.1121],[0.1491,48.0851],[0.1329,48.0214],[0.079,48.0306],[0.0872,47.962],[0.1047,47.9517],[0.1,47.91],[0.1291,47.9078],[0.1572,47.8839],[0.1826,47.8808],[0.2214,47.9047],[0.2636,47.9147],[0.3379,47.9077],[0.3425,47.9126],[0.3639,47.9373],[0.3948,47.9188],[0.4133,47.9329],[0.4298,47.9756],[0.4863,47.9859],[0.489,48.0246],[0.5215,48.0335],[0.5656,47.9807],[0.6085,47.9741],[0.6422,48.0012],[0.6783,48.0599],[0.7743,48.0311],[0.8009,48.0369],[0.8109,47.9916],[0.8373,47.9602],[0.8491,47.9199],[0.8797,47.9104],[0.9138,47.9463],[0.9603,47.9717],[0.9477,47.9935],[0.9125,48],[0.8573,47.9677],[0.8261,47.9774],[0.8233,48.0118],[0.8431,48.0431],[0.9877,48.0635],[1.0272,48.0583],[1.027,48.0895],[0.9722,48.1053],[1.0145,48.1567],[0.9921,48.1897],[1.0156,48.2092],[1.0871,48.2003],[1.1257,48.216],[1.1662,48.2813],[1.1202,48.2984],[1.0654,48.3319],[1.0637,48.3511],[1.1639,48.3559],[1.2307,48.3997],[1.2063,48.4585],[1.1686,48.4834],[1.163,48.5022],[1.1013,48.5407],[0.9248,48.6002],[0.8423,48.6218],[0.7888,48.5959],[0.7432,48.5976],[0.6802,48.6138],[0.6292,48.6087],[0.6134,48.5942],[0.5624,48.6121]],[[0.8312,48.0694],[0.8041,48.0704],[0.7429,48.0615],[0.7377,48.0765],[0.7988,48.0986],[0.8342,48.0674],[0.8399,48.0672],[0.8073,48.0438],[0.7644,48.0442],[0.7546,48.0584],[0.8091,48.0681],[0.8312,48.0694]],[[0.4585,48.1253],[0.5128,48.1108],[0.4772,48.088],[0.4585,48.1253]],[[0.5153,48.1223],[0.5145,48.1712],[0.4294,48.1351],[0.3931,48.1634],[0.4748,48.1809],[0.4694,48.21],[0.513,48.205],[0.5681,48.15],[0.5153,48.1223]],[[0.2245,48.004],[0.2044,48.0124],[0.2167,48.0526],[0.2797,48.059],[0.2547,48.0216],[0.2245,48.004]]],[[[0.581,48.4021],[0.5614,48.4123],[0.5545,48.4139],[0.5168,48.4021],[0.5084,48.3982],[0.5129,48.4031],[0.5021,48.4069],[0.4599,48.4038],[0.437,48.3899],[0.5267,48.3825],[0.5868,48.3955],[0.581,48.4021]]],[[[1.3068,48.3685],[1.2901,48.3684],[1.306,48.3682],[1.3068,48.3685]]],[[[1.1725,47.9835],[1.1534,47.9994],[1.0759,48.0297],[1.0654,48.0139],[1.1725,47.9835]]],[[[0.0321,47.9577],[0.0498,47.937],[0.0967,47.9331],[0.0799,47.9695],[0.0474,47.9625],[0.0321,47.9577]]],[[[-0.2146,47.3368],[-0.1621,47.3137],[-0.1314,47.2871],[-0.0747,47.258],[0.0576,47.2156],[0.1028,47.197],[0.2484,47.2119],[0.2536,47.2422],[0.1998,47.2831],[0.0209,47.3017],[-0.019,47.3197],[-0.0456,47.3498],[0.0208,47.3935],[0.0955,47.3879],[0.1483,47.4056],[0.1536,47.4402],[0.1341,47.4611],[0.0283,47.4554],[-0.101,47.4714],[-0.0708,47.4852],[-0.0894,47.5284],[-0.1801,47.5273],[-0.1358,47.5671],[-0.1948,47.5747],[-0.1684,47.5964],[-0.0666,47.6199],[-0.0619,47.6335],[0.0308,47.6882],[0.1546,47.6528],[0.2087,47.625],[0.2352,47.6299],[0.2632,47.659],[0.3348,47.638],[0.3939,47.636],[0.3752,47.6771],[0.3307,47.6672],[0.2536,47.7036],[0.2899,47.7235],[0.2623,47.7404],[0.3142,47.8129],[0.2885,47.8362],[0.3243,47.8755],[0.3195,47.8969],[0.2892,47.8864],[0.2833,47.8255],[0.2111,47.7855],[0.1786,47.8666],[0.137,47.8824],[0.019,47.8553],[-0.0053,47.8787],[-0.0917,47.8644],[-0.1103,47.8385],[-0.151,47.8435],[-0.1884,47.8234],[-0.1991,47.7907],[-0.2691,47.793],[-0.2741,47.7449],[-0.3281,47.7439],[-0.3784,47.7268],[-0.3994,47.7471],[-0.4534,47.7544],[-0.5167,47.7205],[-0.4762,47.6857],[-0.4982,47.6644],[-0.5381,47.6358],[-0.5923,47.6176],[-0.5894,47.5731],[-0.5542,47.5569],[-0.4855,47.5517],[-0.5092,47.5099],[-0.4613,47.4953],[-0.4741,47.4678],[-0.3797,47.4488],[-0.3447,47.4513],[-0.286,47.4157],[-0.1902,47.3741],[-0.18,47.3407],[-0.2146,47.3368]],[[0.1764,47.787],[0.177,47.7676],[0.1435,47.735],[0.1926,47.7344],[0.2578,47.7174],[0.195,47.7008],[0.233,47.6669],[0.2122,47.6413],[0.1571,47.6742],[0.079,47.7095],[0.0382,47.716],[-0.044,47.7125],[-0.0916,47.722],[-0.1408,47.747],[-0.0928,47.7742],[-0.0571,47.7697],[-0.0194,47.7854],[0.0133,47.7761],[0.0623,47.8202],[0.1085,47.8289],[0.1406,47.8473],[0.1793,47.8198],[0.1764,47.787]],[[-0.384,47.6823],[-0.4178,47.6442],[-0.4048,47.6105],[-0.3764,47.5921],[-0.3991,47.5727],[-0.4823,47.575],[-0.4555,47.6225],[-0.384,47.6823]],[[-0.3285,47.5872],[-0.2626,47.5652],[-0.2454,47.5349],[-0.3225,47.5353],[-0.3331,47.4944],[-0.3776,47.4925],[-0.3982,47.5155],[-0.3379,47.5574],[-0.3285,47.5872]]],[[[1.0105,47.7742],[1.1141,47.7952],[1.0995,47.7924],[1.0105,47.7742]]],[[[0.989,47.7745],[0.9775,47.7771],[0.9865,47.766],[0.9936,47.7528],[0.989,47.7745]]],[[[2.7458,47.6016],[2.7456,47.6016],[2.7464,47.6015],[2.7458,47.6016]]],[[[2.7457,47.5614],[2.7309,47.5281],[2.7017,47.5339],[2.6527,47.5731],[2.609,47.5814],[2.6049,47.5424],[2.5638,47.5229],[2.5392,47.5357],[2.5191,47.502],[2.5514,47.4808],[2.5766,47.4327],[2.621,47.4117],[2.6337,47.3638],[2.5969,47.3456],[2.5324,47.3417],[2.4895,47.3285],[2.4423,47.3862],[2.3471,47.2521],[2.2952,47.2948],[2.2611,47.2897],[2.2526,47.3057],[2.2488,47.3015],[2.2343,47.3175],[2.2097,47.2745],[2.1666,47.3158],[2.1615,47.2268],[2.089,47.2379],[2.0379,47.2675],[1.9971,47.2597],[1.8953,47.2832],[1.8529,47.2737],[1.838,47.2791],[1.8137,47.2863],[1.7987,47.2783],[1.8369,47.2683],[1.8607,47.2414],[1.815,47.236],[1.7409,47.2656],[1.7251,47.2687],[1.6936,47.2358],[1.5654,47.2507],[1.5382,47.2907],[1.4951,47.2921],[1.4717,47.2884],[1.4697,47.2776],[1.5223,47.2856],[1.467,47.2697],[1.4578,47.2481],[1.5253,47.2257],[1.5675,47.229],[1.6229,47.1868],[1.6753,47.1757],[1.778,47.1245],[1.7576,47.104],[1.7271,47.1296],[1.6901,47.1083],[1.6206,47.099],[1.6127,47.0478],[1.5872,47.027],[1.5505,47.0415],[1.5603,47.0662],[1.5017,47.0723],[1.4551,47.0144],[1.4033,46.9641],[1.3178,46.9392],[1.3101,46.9052],[1.2354,46.9324],[1.1739,46.9276],[1.1564,46.8994],[1.2113,46.8759],[1.2507,46.8752],[1.2501,46.8441],[1.2991,46.8362],[1.302,46.8065],[1.2714,46.7852],[1.2122,46.7648],[1.0688,46.7598],[0.9619,46.7516],[0.9524,46.7491],[0.9917,46.7248],[1.0303,46.7297],[1.0872,46.7135],[1.2588,46.6952],[1.2972,46.7125],[1.3089,46.7669],[1.3393,46.7875],[1.3997,46.7992],[1.3683,46.8369],[1.4138,46.8886],[1.4206,46.8925],[1.3899,46.9393],[1.4163,46.9402],[1.4493,46.974],[1.5056,46.9829],[1.5593,47.0068],[1.6126,46.9845],[1.7154,47.0761],[1.7639,47.0726],[1.8688,47.0833],[1.8985,47.0938],[1.8924,47.1165],[1.7982,47.1687],[1.8397,47.1853],[1.8585,47.1414],[1.8908,47.1556],[1.8871,47.1942],[1.9095,47.2006],[1.9322,47.1933],[1.9405,47.19],[1.9431,47.1717],[1.9553,47.1762],[2.0094,47.1752],[2.0438,47.2143],[2.1182,47.2139],[2.1788,47.201],[2.2938,47.1851],[2.3806,47.1987],[2.406,47.2492],[2.4593,47.2413],[2.4944,47.2472],[2.5458,47.2385],[2.5936,47.2433],[2.6135,47.2622],[2.6538,47.2533],[2.664,47.2896],[2.6888,47.3074],[2.6592,47.3431],[2.6909,47.3733],[2.7229,47.351],[2.7634,47.3696],[2.7444,47.4007],[2.8374,47.4479],[2.911,47.4251],[2.9217,47.4079],[2.9189,47.4021],[2.9228,47.4034],[2.9359,47.4383],[2.9208,47.4873],[2.8957,47.5102],[2.8851,47.5158],[2.864,47.5192],[2.8277,47.5533],[2.7997,47.5567],[2.8327,47.5292],[2.7707,47.5252],[2.7457,47.5614]],[[1.5385,47.0213],[1.5077,46.9962],[1.4792,47.0092],[1.5081,47.0433],[1.5385,47.0213]],[[1.8676,47.151],[1.869,47.158],[1.8768,47.1557],[1.8726,47.1488],[1.8676,47.151]]],[[[-0.328,47.3987],[-0.3521,47.405],[-0.3021,47.365],[-0.2933,47.3925],[-0.2885,47.3887],[-0.2773,47.3864],[-0.2808,47.3899],[-0.2936,47.3955],[-0.328,47.3987]]],[[[0.896,46.7356],[0.8821,46.7537],[0.8316,46.7534],[0.8428,46.7245],[0.6906,46.6886],[0.6136,46.6812],[0.5723,46.69],[0.5501,46.7243],[0.5672,46.7628],[0.567,46.8652],[0.5092,46.864],[0.4986,46.844],[0.441,46.8244],[0.3875,46.8204],[0.3789,46.8358],[0.3057,46.8547],[0.3474,46.9138],[0.2971,46.9289],[0.2943,46.9575],[0.384,46.9516],[0.3778,46.9807],[0.3933,47.0019],[0.3672,47.0178],[0.3409,47.0659],[0.2973,47.0959],[0.2591,47.0799],[0.1931,47.1072],[0.1947,47.1302],[0.1542,47.1302],[0.0863,47.115],[-0.0351,47.1529],[-0.0818,47.1824],[-0.1352,47.2018],[-0.2124,47.1955],[-0.2528,47.2216],[-0.2652,47.2459],[-0.331,47.2718],[-0.3413,47.3138],[-0.3684,47.3519],[-0.4293,47.3847],[-0.4336,47.4009],[-0.4711,47.3752],[-0.4395,47.3544],[-0.4792,47.2705],[-0.4147,47.2698],[-0.3687,47.2586],[-0.3651,47.2265],[-0.3273,47.2148],[-0.2997,47.1871],[-0.2663,47.1809],[-0.2053,47.1755],[-0.2043,47.1526],[-0.1758,47.1408],[-0.1215,47.1411],[-0.0799,47.1301],[-0.054,47.1456],[-0.0287,47.1287],[-0.0228,47.1302],[-0.015,47.1122],[-0.0258,47.1026],[-0.0301,47.0857],[-0.0354,47.0856],[0.0016,47.0695],[0.0205,47.0582],[0.0439,47.042],[0.0427,47.0368],[0.0477,47.0289],[0.0492,47.0384],[0.0837,47.0236],[0.1184,47.0162],[0.0879,47.0272],[0.0747,47.0502],[0.049,47.039],[0.0454,47.0335],[0.0461,47.04],[0.0523,47.0427],[0.0568,47.0475],[0.0862,47.0623],[0.1146,47.0872],[0.1527,47.0859],[0.1938,47.0546],[0.2685,47.0414],[0.3056,47.0512],[0.3218,47.0256],[0.3114,46.9929],[0.2282,46.98],[0.1934,46.9922],[0.1886,46.9918],[0.1859,46.9861],[0.1928,46.9847],[0.1883,46.9735],[0.2654,46.9231],[0.2532,46.8988],[0.1982,46.9111],[0.2039,46.9321],[0.1705,46.9649],[0.094,46.9789],[0.0441,46.9975],[-0.0222,46.9903],[-0.0608,47.0246],[-0.0991,47.0723],[-0.07,47.0863],[-0.0807,47.0867],[-0.1424,47.1203],[-0.171,47.1304],[-0.1883,47.133],[-0.2179,47.1061],[-0.269,47.1294],[-0.2708,47.1439],[-0.1991,47.1433],[-0.2595,47.1576],[-0.2954,47.1475],[-0.298,47.1402],[-0.3083,47.1348],[-0.346,47.1057],[-0.3445,47.1027],[-0.3469,47.1014],[-0.3607,47.0864],[-0.3636,47.0835],[-0.2979,47.0893],[-0.2829,47.0879],[-0.2842,47.0848],[-0.2669,47.0828],[-0.2427,47.0578],[-0.2724,47.0121],[-0.2821,47.0097],[-0.283,47.0057],[-0.291,47.0042],[-0.2712,46.9983],[-0.2771,47.0029],[-0.2419,47.0174],[-0.2022,47.0125],[-0.1388,46.9874],[-0.0726,47.0007],[-0.0367,46.9899],[-0.0071,46.9656],[0.0336,46.9713],[0.1284,46.9474],[0.1015,46.9252],[0.098,46.8922],[0.1303,46.8753],[0.1139,46.8479],[0.1162,46.8024],[0.1442,46.7665],[0.1432,46.7624],[0.2406,46.7357],[0.2766,46.7398],[0.3017,46.7248],[0.3637,46.7117],[0.4514,46.7227],[0.4783,46.6786],[0.5069,46.6566],[0.5494,46.6963],[0.5779,46.6817],[0.5925,46.6531],[0.6241,46.635],[0.6843,46.6349],[0.7494,46.6445],[0.8134,46.6255],[0.8121,46.652],[0.8461,46.6987],[0.877,46.7216],[0.9481,46.7456],[0.896,46.7356]],[[0.3148,46.9898],[0.3189,46.9952],[0.3462,46.9823],[0.3148,46.9898]],[[0.255,46.7916],[0.2426,46.7703],[0.1808,46.7753],[0.1652,46.8082],[0.2161,46.8087],[0.2464,46.7891],[0.255,46.7916]],[[0.4752,46.769],[0.4195,46.7376],[0.3839,46.7573],[0.4368,46.778],[0.4767,46.778],[0.4752,46.769]]],[[[-0.4121,47.4008],[-0.4215,47.4003],[-0.4038,47.401],[-0.4121,47.4008]]],[[[-0.2624,47.3642],[-0.2706,47.3768],[-0.2784,47.3649],[-0.2693,47.3602],[-0.2616,47.3579],[-0.2603,47.354],[-0.2543,47.3561],[-0.2576,47.3581],[-0.2624,47.3642]]],[[[-0.4917,47.3401],[-0.4963,47.3401],[-0.4937,47.3357],[-0.4917,47.3401]]],[[[-0.3949,47.2062],[-0.4179,47.196],[-0.3994,47.1543],[-0.3501,47.1364],[-0.3154,47.1378],[-0.3949,47.2062]]],[[[0.9851,47.1422],[0.9386,47.0942],[0.9645,47.0747],[0.999,47.0829],[1.0053,47.1084],[0.9965,47.1554],[0.9851,47.1422]]],[[[0.8567,47.0891],[0.8289,47.0718],[0.8664,47.0484],[0.9063,47.0658],[0.8567,47.0891]]],[[[-0.2875,47.0422],[-0.2671,47.0532],[-0.2744,47.0628],[-0.2899,47.0393],[-0.2875,47.0422]]],[[[0.0324,47.0367],[0.0242,47.0489],[0.0175,47.037],[0.0324,47.0367]]],[[[-0.3045,47.0087],[-0.2917,47.0045],[-0.2876,47.0145],[-0.3022,47.0132],[-0.301,47.0097],[-0.3045,47.0087]]],[[[-0.2673,46.997],[-0.2605,46.9947],[-0.2575,46.994],[-0.2625,46.9973],[-0.2673,46.997]]],[[[-0.0956,46.9708],[-0.1401,46.9656],[-0.1196,46.925],[-0.0749,46.9529],[-0.0956,46.9708]]],[[[-0.2526,46.9275],[-0.2463,46.9435],[-0.2542,46.934],[-0.2526,46.9275]]],[[[0.4063,46.9471],[0.3701,46.9267],[0.3837,46.8926],[0.4414,46.9271],[0.4063,46.9471]]],[[[-0.055,46.8912],[-0.0608,46.8907],[-0.0665,46.8803],[-0.0683,46.8757],[-0.0533,46.8763],[-0.0477,46.8846],[-0.055,46.8912]]],[[[-0.2069,46.8544],[-0.2048,46.8619],[-0.2102,46.862],[-0.2098,46.8572],[-0.2069,46.8544]]],[[[0.2144,46.7377],[0.209,46.7383],[0.2291,46.7286],[0.2246,46.7334],[0.2144,46.7377]]]]},"properties":{"sector_id":13}},
{"type":"Feature","geometry":{"type":"MultiPolygon","coordinates":[[[[1.3932,48.3661],[1.3854,48.3698],[1.3158,48.3723],[1.306,48.3682],[1.2901,48.3684],[1.2513,48.3762],[1.2307,48.3997],[1.1639,48.3559],[1.0637,48.3511],[1.0654,48.3319],[1.1202,48.2984],[1.1662,48.2813],[1.1257,48.216],[1.0871,48.2003],[1.0156,48.2092],[0.9921,48.1897],[1.0145,48.1567],[0.9722,48.1053],[1.027,48.0895],[1.0272,48.0583],[0.9877,48.0635],[0.8431,48.0431],[0.8233,48.0118],[0.8261,47.9774],[0.8573,47.9677],[0.9125,48],[0.9477,47.9935],[0.9603,47.9717],[0.9138,47.9463],[0.8797,47.9104],[0.8491,47.9199],[0.8373,47.9602],[0.8109,47.9916],[0.8009,48.0369],[0.7743,48.0311],[0.6783,48.0599],[0.6422,48.0012],[0.6085,47.9741],[0.5656,47.9807],[0.5215,48.0335],[0.489,48.0246],[0.4863,47.9859],[0.4298,47.9756],[0.4133,47.9329],[0.3948,47.9188],[0.3639,47.9373],[0.3425,47.9126],[0.3346,47.9034],[0.3195,47.8969],[0.3243,47.8755],[0.2885,47.8362],[0.3142,47.8129],[0.2623,47.7404],[0.2899,47.7235],[0.2536,47.7036],[0.3307,47.6672],[0.3752,47.6771],[0.3939,47.636],[0.3348,47.638],[0.2632,47.659],[0.2352,47.6299],[0.2087,47.625],[0.1546,47.6528],[0.0308,47.6882],[-0.0619,47.6335],[-0.0666,47.6199],[-0.1684,47.5964],[-0.1948,47.5747],[-0.1358,47.5671],[-0.1801,47.5273],[-0.0894,47.5284],[-0.0708,47.4852],[-0.101,47.4714],[0.0283,47.4554],[0.1341,47.4611],[0.1536,47.4402],[0.1483,47.4056],[0.0955,47.3879],[0.0208,47.3935],[-0.0456,47.3498],[-0.019,47.3197],[0.0209,47.3017],[0.1998,47.2831],[0.2536,47.2422],[0.2484,47.2119],[0.1028,47.197],[0.0576,47.2156],[-0.0747,47.258],[-0.1314,47.2871],[-0.1621,47.3137],[-0.2146,47.3368],[-0.2289,47.3394],[-0.239,47.3461],[-0.2543,47.3561],[-0.2603,47.354],[-0.2616,47.3579],[-0.2693,47.3602],[-0.2784,47.3649],[-0.2706,47.3768],[-0.2742,47.382],[-0.2766,47.3853],[-0.2773,47.3864],[-0.2885,47.3887],[-0.2933,47.3925],[-0.3021,47.365],[-0.3521,47.405],[-0.3579,47.4059],[-0.3634,47.4027],[-0.3648,47.4024],[-0.3708,47.4012],[-0.3733,47.4013],[-0.3847,47.3994],[-0.3929,47.3982],[-0.3986,47.4001],[-0.4013,47.4007],[-0.4038,47.401],[-0.4215,47.4003],[-0.4336,47.4009],[-0.4293,47.3847],[-0.3684,47.3519],[-0.3413,47.3138],[-0.331,47.2718],[-0.2652,47.2459],[-0.2528,47.2216],[-0.2124,47.1955],[-0.1352,47.2018],[-0.0818,47.1824],[-0.0351,47.1529],[0.0863,47.115],[0.1542,47.1302],[0.1947,47.1302],[0.1931,47.1072],[0.2591,47.0799],[0.2973,47.0959],[0.3409,47.0659],[0.3672,47.0178],[0.3933,47.0019],[0.3778,46.9807],[0.384,46.9516],[0.2943,46.9575],[0.2971,46.9289],[0.3474,46.9138],[0.3057,46.8547],[0.3789,46.8358],[0.3875,46.8204],[0.441,46.8244],[0.4986,46.844],[0.5092,46.864],[0.567,46.8652],[0.5672,46.7628],[0.5501,46.7243],[0.5723,46.69],[0.6136,46.6812],[0.6906,46.6886],[0.8428,46.7245],[0.8316,46.7534],[0.8821,46.7537],[0.896,46.7356],[0.9619,46.7516],[1.0688,46.7598],[1.2122,46.7648],[1.2714,46.7852],[1.302,46.8065],[1.2991,46.8362],[1.2501,46.8441],[1.2507,46.8752],[1.2113,46.8759],[1.1564,46.8994],[1.1739,46.9276],[1.2354,46.9324],[1.3101,46.9052],[1.3178,46.9392],[1.4033,46.9641],[1.4551,47.0144],[1.5017,47.0723],[1.5603,47.0662],[1.5505,47.0415],[1.5872,47.027],[1.6127,47.0478],[1.6206,47.099],[1.6901,47.1083],[1.7271,47.1296],[1.7576,47.104],[1.778,47.1245],[1.6753,47.1757],[1.6229,47.1868],[1.5675,47.229],[1.5253,47.2257],[1.4578,47.2481],[1.467,47.2697],[1.5223,47.2856],[1.4697,47.2776],[1.4717,47.2884],[1.4795,47.2904],[1.4365,47.3283],[1.3732,47.3312],[1.3477,47.3513],[1.2872,47.3713],[1.202,47.3806],[1.1966,47.3829],[1.254,47.4584],[1.3065,47.4751],[1.292,47.5227],[1.4417,47.64],[1.5085,47.6633],[1.5563,47.6874],[1.5785,47.6997],[1.5793,47.7017],[1.4938,47.6601],[1.4308,47.651],[1.3566,47.5949],[1.338,47.6045],[1.255,47.6166],[1.2006,47.6431],[1.1681,47.6312],[1.1138,47.6419],[1.0487,47.6408],[0.9821,47.6983],[0.9827,47.6996],[0.9977,47.7046],[0.9877,47.7337],[0.9873,47.7409],[0.9943,47.7477],[0.9865,47.766],[0.9775,47.7771],[0.9956,47.7766],[1.0105,47.7742],[1.0995,47.7924],[1.1122,47.8003],[1.1494,47.8544],[1.1948,47.8439],[1.2371,47.8538],[1.2457,47.8771],[1.2107,47.9133],[1.2175,47.9509],[1.2588,47.9685],[1.2317,47.9946],[1.2371,48.0137],[1.2801,48.0285],[1.2619,48.0509],[1.3328,48.0764],[1.3462,48.1079],[1.395,48.1581],[1.3757,48.1675],[1.3714,48.2075],[1.4208,48.2622],[1.3903,48.2719],[1.3893,48.2774],[1.4183,48.2996],[1.3888,48.3221],[1.4102,48.3416],[1.3932,48.3661]],[[1.1725,47.9835],[1.0654,48.0139],[1.0759,48.0297],[1.1534,47.9994],[1.1725,47.9835]],[[0.9851,47.1422],[0.9965,47.1554],[1.0053,47.1084],[0.999,47.0829],[0.9645,47.0747],[0.9386,47.0942],[0.9851,47.1422]],[[0.8567,47.0891],[0.9063,47.0658],[0.8664,47.0484],[0.8289,47.0718],[0.8567,47.0891]],[[0.4063,46.9471],[0.4414,46.9271],[0.3837,46.8926],[0.3701,46.9267],[0.4063,46.9471]]],[[[0.852,48.3581],[0.8242,48.3302],[0.8156,48.2949],[0.8903,48.3442],[0.882,48.3689],[0.852,48.3581]]],[[[1.3932,48.3661],[1.4096,48.3588],[1.4155,48.361],[1.3932,48.3661]]],[[[0.5153,48.1223],[0.5681,48.15],[0.513,48.205],[0.4694,48.21],[0.4748,48.1809],[0.3931,48.1634],[0.4294,48.1351],[0.5145,48.1712],[0.5153,48.1223]]],[[[0.2245,48.004],[0.2547,48.0216],[0.2797,48.059],[0.2167,48.0526],[0.2044,48.0124],[0.2245,48.004]]],[[[0.8091,48.0681],[0.7546,48.0584],[0.7644,48.0442],[0.8073,48.0438],[0.8399,48.0672],[0.8091,48.0681]]],[[[0.1764,47.787],[0.1793,47.8198],[0.1406,47.8473],[0.1085,47.8289],[0.0623,47.8202],[0.0133,47.7761],[-0.0194,47.7854],[-0.0571,47.7697],[-0.0928,47.7742],[-0.1408,47.747],[-0.0916,47.722],[-0.044,47.7125],[0.0382,47.716],[0.079,47.7095],[0.1571,47.6742],[0.2122,47.6413],[0.233,47.6669],[0.195,47.7008],[0.2578,47.7174],[0.1926,47.7344],[0.1435,47.735],[0.177,47.7676],[0.1764,47.787]]],[[[-0.384,47.6823],[-0.4555,47.6225],[-0.4823,47.575],[-0.3991,47.5727],[-0.3764,47.5921],[-0.4048,47.6105],[-0.4178,47.6442],[-0.384,47.6823]]],[[[2.7544,47.5948],[2.7016,47.5714],[2.6738,47.6072],[2.6417,47.6282],[2.5855,47.6137],[2.5381,47.6189],[2.5165,47.5994],[2.4238,47.5512],[2.3713,47.5499],[2.3378,47.4985],[2.3305,47.4533],[2.3063,47.4489],[2.306,47.4128],[2.2839,47.4002],[2.2955,47.3295],[2.2578,47.3115],[2.2526,47.3057],[2.2611,47.2897],[2.2952,47.2948],[2.3471,47.2521],[2.4423,47.3862],[2.4895,47.3285],[2.5324,47.3417],[2.5969,47.3456],[2.6337,47.3638],[2.621,47.4117],[2.5766,47.4327],[2.5514,47.4808],[2.5191,47.502],[2.5392,47.5357],[2.5638,47.5229],[2.6049,47.5424],[2.609,47.5814],[2.6527,47.5731],[2.7017,47.5339],[2.7309,47.5281],[2.7457,47.5614],[2.7871,47.5546],[2.8097,47.5586],[2.7816,47.5772],[2.7544,47.5948]]],[[[2.7358,47.6098],[2.7329,47.6049],[2.7458,47.6016],[2.7358,47.6098]]],[[[-0.3285,47.5872],[-0.3379,47.5574],[-0.3982,47.5155],[-0.3776,47.4925],[-0.3331,47.4944],[-0.3225,47.5353],[-0.2454,47.5349],[-0.2626,47.5652],[-0.3285,47.5872]]],[[[2.129,47.3443],[2.0804,47.3465],[1.9928,47.3365],[1.8917,47.3127],[1.7748,47.3251],[1.7618,47.2937],[1.8137,47.2863],[1.841,47.2788],[1.8529,47.2737],[1.8953,47.2832],[1.9971,47.2597],[2.0379,47.2675],[2.089,47.2379],[2.1615,47.2268],[2.1666,47.3158],[2.2097,47.2745],[2.2343,47.3175],[2.148,47.3358],[2.129,47.3443]]],[[[1.7987,47.2783],[1.7419,47.2753],[1.7287,47.268],[1.7409,47.2656],[1.815,47.236],[1.8607,47.2414],[1.8369,47.2683],[1.7987,47.2783]]],[[[-0.1991,47.1433],[-0.2708,47.1439],[-0.269,47.1294],[-0.2179,47.1061],[-0.1883,47.133],[-0.1935,47.1339],[-0.1991,47.1433]]],[[[-0.07,47.0863],[-0.0991,47.0723],[-0.0608,47.0246],[-0.0222,46.9903],[0.0441,46.9975],[0.094,46.9789],[0.1705,46.9649],[0.2039,46.9321],[0.1982,46.9111],[0.2532,46.8988],[0.2654,46.9231],[0.1883,46.9735],[0.1928,46.9847],[0.1859,46.9861],[0.1886,46.9918],[0.1934,46.9922],[0.1846,46.9953],[0.1719,46.9994],[0.1184,47.0162],[0.0837,47.0236],[0.0492,47.0384],[0.0477,47.0289],[0.0427,47.0368],[0.0439,47.042],[0.0205,47.0582],[0.0016,47.0695],[-0.0354,47.0856],[-0.0437,47.0855],[-0.0428,47.0838],[-0.07,47.0863]],[[0.0175,47.037],[0.0242,47.0489],[0.0324,47.0367],[0.0175,47.037]]],[[[1.5385,47.0213],[1.5081,47.0433],[1.4792,47.0092],[1.5077,46.9962],[1.5385,47.0213]]],[[[0.2464,46.7891],[0.2161,46.8087],[0.1652,46.8082],[0.1808,46.7753],[0.2426,46.7703],[0.255,46.7916],[0.2464,46.7891]]],[[[0.4752,46.769],[0.4767,46.778],[0.4368,46.778],[0.3839,46.7573],[0.4195,46.7376],[0.4752,46.769]]]]},"properties":{"sector_id":14}},
{"type":"Feature","geometry":{"type":"MultiPolygon","coordinates":[[[[3.0798,46.9509],[3.1733,46.9998],[3.2278,46.9799],[3.2675,46.9106],[3.3532,46.8368],[3.3968,46.8368],[3.4131,46.9619],[3.4429,46.9961],[3.5066,46.9053],[3.4924,46.8414],[3.5003,46.8394],[3.4566,46.8351],[3.4611,46.8318],[3.4914,46.8139],[3.5002,46.8147],[3.5229,46.8549],[3.5857,46.8524],[3.5933,46.91],[3.6096,46.9299],[3.6488,46.9285],[3.6826,46.8821],[3.7307,46.9088],[3.6832,46.9792],[3.7714,46.948],[3.7894,46.9699],[3.8292,46.9809],[3.8023,47.0127],[3.8097,47.0578],[3.7326,47.1439],[3.7434,47.1608],[3.7173,47.206],[3.732,47.2317],[3.7685,47.2434],[3.7899,47.2909],[3.7907,47.3162],[3.7741,47.3048],[3.7717,47.3184],[3.7836,47.3293],[3.7832,47.3388],[3.7324,47.3193],[3.7039,47.3512],[3.6357,47.3643],[3.6139,47.409],[3.5688,47.4165],[3.5567,47.4462],[3.5277,47.4693],[3.5181,47.5149],[3.6275,47.5472],[3.6534,47.5886],[3.6796,47.6],[3.6612,47.6539],[3.6872,47.6747],[3.6647,47.6978],[3.5897,47.7408],[3.5892,47.7072],[3.5778,47.7027],[3.5899,47.6904],[3.5335,47.64],[3.4975,47.6247],[3.4203,47.6098],[3.3538,47.6218],[3.2916,47.5834],[3.2796,47.5582],[3.221,47.536],[3.1873,47.5129],[3.1815,47.4658],[3.122,47.455],[3.0916,47.462],[3.0391,47.4317],[2.9946,47.3687],[3.0034,47.3484],[2.9724,47.2896],[2.958,47.2861],[2.885,47.3215],[2.8842,47.3505],[2.9155,47.4009],[2.9189,47.4021],[2.9217,47.4079],[2.911,47.4251],[2.8374,47.4479],[2.7444,47.4007],[2.7634,47.3696],[2.7229,47.351],[2.6909,47.3733],[2.6592,47.3431],[2.6888,47.3074],[2.664,47.2896],[2.6538,47.2533],[2.6135,47.2622],[2.5936,47.2433],[2.5458,47.2385],[2.4944,47.2472],[2.4593,47.2413],[2.406,47.2492],[2.3806,47.1987],[2.2938,47.1851],[2.1788,47.201],[2.1182,47.2139],[2.0438,47.2143],[2.0094,47.1752],[1.9553,47.1762],[1.9431,47.1717],[1.9405,47.19],[1.9322,47.1933],[1.9095,47.2006],[1.8871,47.1942],[1.8908,47.1556],[1.8585,47.1414],[1.8397,47.1853],[1.7982,47.1687],[1.8924,47.1165],[1.8985,47.0938],[1.8688,47.0833],[1.7639,47.0726],[1.7154,47.0761],[1.6126,46.9845],[1.5593,47.0068],[1.5056,46.9829],[1.4493,46.974],[1.4163,46.9402],[1.3899,46.9393],[1.4206,46.8925],[1.4195,46.8908],[1.4431,46.8623],[1.5136,46.8425],[1.5906,46.8289],[1.6341,46.8051],[1.7191,46.8273],[1.8272,46.7447],[1.8505,46.7159],[1.8323,46.6465],[1.8519,46.6327],[1.8789,46.5833],[1.8834,46.5768],[1.8605,46.5755],[1.8487,46.5741],[1.8228,46.5841],[1.8121,46.5718],[1.7799,46.5765],[1.7776,46.5731],[1.8095,46.5543],[1.902,46.556],[1.9461,46.5394],[1.9967,46.5708],[2.0204,46.5602],[2.0149,46.5117],[2.0491,46.5215],[2.1024,46.5161],[2.1272,46.5375],[2.1703,46.5369],[2.197,46.5531],[2.243,46.5388],[2.3712,46.5768],[2.4484,46.555],[2.456,46.5336],[2.5205,46.5284],[2.5221,46.5297],[2.5267,46.5336],[2.5292,46.5334],[2.5312,46.5349],[2.5289,46.5354],[2.5431,46.5567],[2.5128,46.5732],[2.5126,46.6167],[2.5894,46.6166],[2.6049,46.596],[2.6046,46.5941],[2.6241,46.5938],[2.6286,46.5862],[2.6612,46.574],[2.6715,46.5382],[2.6728,46.532],[2.6785,46.5326],[2.6777,46.536],[2.6798,46.5332],[2.6827,46.5331],[2.6853,46.5306],[2.6831,46.5332],[2.6892,46.535],[2.6899,46.5338],[2.6948,46.5371],[2.7226,46.5743],[2.7396,46.5828],[2.7126,46.5899],[2.7123,46.6109],[2.7534,46.6136],[2.7669,46.6302],[2.7644,46.6331],[2.7817,46.6382],[2.7812,46.6336],[2.8422,46.652],[2.8421,46.6602],[2.846,46.6593],[2.8497,46.661],[2.8474,46.6619],[2.8482,46.6636],[2.8547,46.6653],[2.8502,46.6674],[2.8705,46.6622],[2.8536,46.6561],[2.8582,46.6515],[2.8525,46.6493],[2.8599,46.651],[2.8578,46.6563],[2.8652,46.658],[2.8692,46.655],[2.874,46.6544],[2.8739,46.6485],[2.8838,46.6421],[2.8818,46.6309],[2.8921,46.6348],[2.8901,46.6396],[2.9092,46.6403],[2.9012,46.6879],[2.9542,46.6786],[3.0012,46.6836],[2.9569,46.6336],[2.8886,46.6179],[2.8898,46.6175],[2.912,46.6205],[2.9185,46.6223],[2.8841,46.6111],[2.8789,46.6087],[2.8837,46.6069],[2.8832,46.6021],[2.8942,46.6077],[2.8985,46.5968],[2.8772,46.5991],[2.8673,46.5712],[2.8741,46.5711],[2.8742,46.569],[2.8763,46.5717],[2.9524,46.5493],[3.008,46.5952],[3.0568,46.6575],[3.1105,46.6534],[3.1224,46.6252],[3.1608,46.6215],[3.1613,46.625],[3.1586,46.6451],[3.1106,46.6775],[3.1301,46.7166],[3.0344,46.7596],[3.0299,46.8115],[3.0454,46.8316],[3.0472,46.9009],[3.0628,46.9273],[3.0798,46.9509]],[[3.5438,47.0207],[3.5308,47.0178],[3.5026,47.0418],[3.4894,47.0808],[3.4529,47.1248],[3.4377,47.2099],[3.449,47.2433],[3.4708,47.2533],[3.4947,47.2036],[3.4801,47.1889],[3.5156,47.1284],[3.5237,47.0826],[3.5391,47.0652],[3.5438,47.0207]],[[2.6514,46.8],[2.6595,46.7971],[2.7167,46.7911],[2.705,46.7499],[2.5896,46.75],[2.5508,46.7361],[2.5045,46.7467],[2.5233,46.7713],[2.5798,46.7995],[2.6174,46.798],[2.6514,46.8]],[[2.8921,46.7675],[2.9046,46.751],[2.8737,46.7224],[2.8433,46.7541],[2.8921,46.7675]],[[2.7404,46.7108],[2.7723,46.686],[2.7439,46.6728],[2.7328,46.6707],[2.6942,46.6954],[2.7233,46.7142],[2.7404,46.7108]],[[3.8278,46.9573],[3.8261,46.9654],[3.8291,46.9595],[3.8278,46.9573]]],[[[1.8768,47.1557],[1.869,47.158],[1.8676,47.151],[1.8726,47.1488],[1.8768,47.1557]]],[[[3.4684,46.8039],[3.4558,46.8184],[3.4065,46.8203],[3.369,46.8102],[3.3198,46.8347],[3.251,46.8862],[3.2484,46.9093],[3.2053,46.9326],[3.1973,46.9605],[3.0694,46.935],[3.0683,46.8973],[3.1045,46.8675],[3.1044,46.8392],[3.0836,46.8255],[3.0464,46.7626],[3.0887,46.7467],[3.122,46.7535],[3.1351,46.7831],[3.1639,46.7963],[3.1803,46.83],[3.2115,46.8386],[3.2493,46.8252],[3.2108,46.7815],[3.196,46.7148],[3.2167,46.6903],[3.2695,46.6839],[3.2964,46.7345],[3.2894,46.8039],[3.3607,46.7922],[3.3438,46.761],[3.3505,46.7549],[3.3594,46.7581],[3.395,46.8111],[3.4548,46.8086],[3.4667,46.8031],[3.4684,46.8039]]],[[[3.8455,46.9317],[3.8455,46.934],[3.8367,46.9133],[3.8414,46.9208],[3.8464,46.9243],[3.8455,46.9317]]],[[[3.4631,46.8376],[3.4775,46.8387],[3.4802,46.8461],[3.4649,46.841],[3.4631,46.8376]]],[[[3.3413,46.7543],[3.3407,46.7515],[3.3426,46.7528],[3.3413,46.7543]]],[[[2.6163,46.5934],[2.6063,46.5932],[2.6055,46.5904],[2.614,46.5927],[2.6163,46.5934]]],[[[2.6241,46.5199],[2.6525,46.5462],[2.6078,46.5783],[2.6094,46.5705],[2.6241,46.5199]]]]},"properties":{"sector_id":15}},
{"type":"Feature","geometry":{"type":"MultiPolygon","coordinates":[[[[0.277,45.6271],[0.2604,45.6599],[0.2905,45.6678],[0.2936,45.7162],[0.2738,45.7391],[0.2873,45.7962],[0.2257,45.869],[0.2254,45.8877],[0.1889,45.9346],[0.1489,45.9605],[0.1375,45.9918],[0.0763,46.0554],[0.0052,46.0721],[-0.1077,46.1085],[-0.2198,46.1532],[-0.2526,46.1756],[-0.2755,46.2097],[-0.3463,46.237],[-0.3965,46.2677],[-0.4896,46.2762],[-0.5679,46.2662],[-0.6155,46.2842],[-0.6116,46.3152],[-0.6528,46.3557],[-0.6793,46.364],[-0.6982,46.3935],[-0.8653,46.3972],[-0.9411,46.3928],[-0.9812,46.4096],[-1.0603,46.4253],[-1.1062,46.4095],[-1.2281,46.4021],[-1.2529,46.4494],[-1.2761,46.4455],[-1.2585,46.3681],[-1.3222,46.3602],[-1.3771,46.3662],[-1.4062,46.342],[-1.3443,46.3419],[-1.2308,46.2767],[-1.2126,46.2789],[-1.1672,46.3197],[-1.1304,46.3112],[-1.1112,46.2613],[-1.1998,46.2121],[-1.2246,46.1647],[-1.2069,46.1458],[-1.1629,46.1415],[-1.1011,46.0939],[-1.0888,46.0539],[-1.0563,46.0326],[-1.049,46.0521],[-0.9799,46.0588],[-0.9361,46.0381],[-0.8755,46.0429],[-0.8589,46.0575],[-0.8105,46.0057],[-0.7748,46.0003],[-0.781,45.984],[-0.8369,45.9882],[-0.8467,45.9851],[-0.8447,45.981],[-0.8497,45.9771],[-0.8552,45.9774],[-0.8552,45.9715],[-0.8534,45.9756],[-0.8436,45.9753],[-0.8403,45.9708],[-0.8283,45.9732],[-0.8144,45.9297],[-0.7215,45.9305],[-0.7049,45.9335],[-0.6824,45.9356],[-0.6341,45.9129],[-0.6101,45.876],[-0.5449,45.8553],[-0.5342,45.8301],[-0.472,45.8168],[-0.4051,45.7766],[-0.3756,45.7496],[-0.3417,45.7379],[-0.2433,45.6872],[-0.1179,45.6789],[-0.0749,45.6542],[-0.0383,45.607],[-0.0193,45.6311],[0.0135,45.6356],[0.0279,45.6686],[0.0778,45.6483],[0.1137,45.6627],[0.1534,45.6536],[0.1628,45.666],[0.2259,45.6664],[0.2744,45.6253],[0.277,45.6271]]],[[[-1.5107,46.2581],[-1.561,46.2363],[-1.5345,46.2025],[-1.504,46.1937],[-1.4616,46.2021],[-1.3889,46.1761],[-1.3534,46.1545],[-1.3048,46.1429],[-1.2726,46.1519],[-1.2925,46.1871],[-1.3545,46.2056],[-1.4292,46.2059],[-1.4129,46.2301],[-1.4977,46.2278],[-1.5107,46.2581]]],[[[-1.0032,46.0387],[-0.9799,46.0422],[-0.9895,46.0439],[-1.0032,46.0387]]],[[[-0.947,45.9634],[-0.9211,45.9903],[-0.9501,46.0062],[-0.9634,45.9994],[-0.9746,45.9988],[-0.9739,45.9936],[-0.9762,45.9914],[-0.9652,45.9956],[-0.947,45.9634]]],[[[-1.0247,45.9964],[-1.0093,45.9958],[-1.0049,45.9823],[-1.0001,46.0024],[-1.0307,46.0077],[-1.0386,46.0041],[-1.0305,46.0002],[-1.0206,45.9989],[-1.0247,45.9964]]],[[[-1.0395,45.9998],[-1.0456,46.0002],[-1.0433,45.9972],[-1.0428,45.9972],[-1.0428,45.9989],[-1.0395,45.9998]]],[[[-1.034,45.9944],[-1.0329,45.9994],[-1.034,45.999],[-1.034,45.9944]]],[[[-1.0247,45.9964],[-1.0273,45.9979],[-1.0286,45.9961],[-1.0269,45.9968],[-1.0247,45.9964]]],[[[-1.031,45.9935],[-1.0289,45.9935],[-1.0295,45.9936],[-1.031,45.9935]]],[[[-0.9728,45.9793],[-0.9669,45.981],[-0.9665,45.988],[-0.9724,45.9866],[-0.9752,45.9819],[-0.9703,45.9822],[-0.9728,45.9793]]],[[[-0.8668,45.971],[-0.8852,45.9628],[-0.8559,45.9682],[-0.8668,45.971]]],[[[-1.0494,45.9208],[-1.0681,45.9242],[-1.0575,45.91],[-0.9949,45.8747],[-0.9879,45.8799],[-0.9766,45.877],[-1.0259,45.9108],[-1.0494,45.9208]]]]},"properties":{"sector_id":16}},
{"type":"Feature","geometry":{"type":"MultiPolygon","coordinates":[[[[-1.0654,45.9941],[-1.0834,45.973],[-1.0049,45.9823],[-1.0093,45.9958],[-1.0269,45.9968],[-1.0286,45.9961],[-1.0289,45.9935],[-1.031,45.9935],[-1.034,45.9944],[-1.034,45.999],[-1.0395,45.9998],[-1.0576,45.9911],[-1.0654,45.9941]]],[[[-0.947,45.9634],[-0.9652,45.9956],[-0.9819,45.9901],[-0.9752,45.9819],[-0.9724,45.9866],[-0.9665,45.988],[-0.9669,45.981],[-0.9728,45.9793],[-0.9823,45.9722],[-0.9897,45.9595],[-0.9824,45.9588],[-0.947,45.9634]]],[[[-0.8144,45.9297],[-0.8283,45.9732],[-0.8403,45.9708],[-0.8436,45.9753],[-0.8534,45.9756],[-0.8559,45.9682],[-0.8852,45.9628],[-0.8986,45.9622],[-0.8434,45.9113],[-0.8144,45.9297]]],[[[0.3757,45.0573],[0.3926,45.0639],[0.4605,45.1088],[0.5309,45.1358],[0.5347,45.1556],[0.5851,45.1687],[0.629,45.1976],[0.692,45.202],[0.7111,45.1822],[0.7744,45.1916],[0.8587,45.2248],[0.863,45.2256],[0.8557,45.2264],[0.8421,45.2327],[0.851,45.2726],[0.8816,45.3184],[0.8673,45.3441],[0.8916,45.3835],[0.8859,45.405],[0.8384,45.3995],[0.8132,45.4222],[0.7844,45.4193],[0.7793,45.4537],[0.7131,45.4617],[0.675,45.491],[0.6591,45.5031],[0.6439,45.4984],[0.6319,45.4966],[0.6301,45.5026],[0.6172,45.5063],[0.5539,45.496],[0.5336,45.5217],[0.5123,45.5248],[0.4732,45.5249],[0.4224,45.5339],[0.4161,45.5736],[0.365,45.609],[0.2897,45.6153],[0.2744,45.6253],[0.2259,45.6664],[0.1628,45.666],[0.1534,45.6536],[0.1137,45.6627],[0.0778,45.6483],[0.0279,45.6686],[0.0135,45.6356],[-0.0193,45.6311],[-0.0383,45.607],[-0.0749,45.6542],[-0.1179,45.6789],[-0.2433,45.6872],[-0.3417,45.7379],[-0.3756,45.7496],[-0.4051,45.7766],[-0.472,45.8168],[-0.5342,45.8301],[-0.5449,45.8553],[-0.6101,45.876],[-0.6341,45.9129],[-0.6824,45.9356],[-0.7049,45.9335],[-0.7242,45.9297],[-0.7262,45.9296],[-0.7335,45.9292],[-0.7499,45.9197],[-0.801,45.9197],[-0.8218,45.9043],[-0.8635,45.9048],[-0.8872,45.9251],[-0.9789,45.9136],[-0.9901,45.919],[-0.9955,45.9223],[-1.0062,45.9262],[-1.0809,45.9494],[-1.0628,45.932],[-1.0259,45.9108],[-0.9766,45.877],[-0.9561,45.8572],[-0.961,45.79],[-0.9555,45.7575],[-0.9609,45.7584],[-1.0679,45.8208],[-1.084,45.838],[-1.1305,45.8493],[-1.1493,45.8358],[-1.1446,45.8314],[-1.0698,45.8027],[-1.0097,45.7482],[-0.9833,45.7404],[-0.9683,45.705],[-0.9863,45.686],[-1.0586,45.7366],[-1.1138,45.7481],[-1.1253,45.762],[-1.1293,45.7649],[-1.1743,45.7556],[-1.1627,45.7306],[-1.1111,45.6933],[-1.078,45.6585],[-1.1153,45.6493],[-1.0427,45.6173],[-1.0218,45.6223],[-0.9703,45.5609],[-0.9325,45.5577],[-0.8589,45.5157],[-0.8506,45.5117],[-0.8397,45.5038],[-0.8318,45.5025],[-0.8159,45.4936],[-0.7566,45.4576],[-0.7093,45.3876],[-0.6624,45.3574],[-0.6054,45.3467],[-0.5339,45.3697],[-0.525,45.3667],[-0.4687,45.3193],[-0.4594,45.3127],[-0.4118,45.3233],[-0.344,45.2706],[-0.2436,45.2324],[-0.2079,45.2291],[-0.1999,45.23],[-0.1815,45.2626],[-0.2011,45.298],[-0.2605,45.3334],[-0.2495,45.3653],[-0.29,45.4309],[-0.2222,45.4335],[-0.197,45.4153],[-0.1427,45.4019],[-0.057,45.3486],[-0.0453,45.3112],[-0.0129,45.2875],[-0.0205,45.2579],[0.0284,45.2281],[0.0322,45.2285],[0.1429,45.231],[0.1798,45.277],[0.2036,45.2714],[0.126,45.2052],[0.1013,45.2092],[0.1301,45.1916],[0.1745,45.1992],[0.2689,45.1816],[0.2932,45.2116],[0.3499,45.2103],[0.4457,45.1888],[0.4427,45.1],[0.399,45.0787],[0.3929,45.066],[0.3864,45.0627],[0.3828,45.0708],[0.3872,45.0783],[0.3829,45.0799],[0.3778,45.0592],[0.3757,45.0573]]],[[[-0.9518,45.6982],[-0.9535,45.7057],[-0.9577,45.7045],[-0.9518,45.6982]]],[[[0.8832,45.2092],[0.8652,45.229],[0.8659,45.2267],[0.8663,45.217],[0.8832,45.2092]]],[[[0.8893,45.2066],[0.8975,45.2006],[0.8979,45.2042],[0.8893,45.2066]]],[[[0.8961,45.1895],[0.8871,45.1929],[0.8711,45.1839],[0.8056,45.1952],[0.7884,45.1802],[0.747,45.1856],[0.7194,45.1734],[0.6951,45.1976],[0.6176,45.1795],[0.5688,45.1577],[0.4998,45.1061],[0.4476,45.0964],[0.4052,45.0526],[0.3649,45.0361],[0.3697,45.0291],[0.3842,45.018],[0.4777,45.0075],[0.5134,44.9698],[0.5692,44.9682],[0.5763,44.966],[0.5215,44.9551],[0.5173,44.8785],[0.509,44.8596],[0.5693,44.8562],[0.6577,44.842],[0.7084,44.8363],[0.7897,44.8541],[0.7979,44.8674],[0.8009,44.8828],[0.8901,44.8825],[0.9101,44.9102],[0.9399,44.9049],[0.9921,44.9314],[0.9986,44.9465],[1.0095,44.9531],[1.0245,44.9504],[1.0258,44.9668],[1.0527,44.98],[1.0559,44.9938],[1.0705,44.9938],[1.0737,45.0162],[1.1022,45.0077],[1.1053,45.0363],[1.1167,45.0239],[1.1308,45.0462],[1.1721,45.0744],[1.1621,45.0985],[1.1708,45.0976],[1.1869,45.0831],[1.19,45.0942],[1.1921,45.1313],[1.1586,45.1359],[1.0837,45.1395],[0.9712,45.1666],[0.9038,45.1997],[0.8961,45.1895]]],[[[1.2664,45.0495],[1.2681,45.0549],[1.2716,45.0585],[1.2709,45.0604],[1.1946,45.0912],[1.1564,45.0422],[1.1001,45.0013],[1.0778,45.0032],[1.0739,44.9906],[1.0589,44.9904],[1.042,44.9617],[1.0267,44.9491],[1.0092,44.9512],[1.0136,44.9355],[1.0081,44.9278],[0.9867,44.9247],[0.9571,44.8968],[0.9229,44.898],[0.9081,44.8562],[0.9656,44.8324],[0.9904,44.8315],[1.0199,44.8537],[1.0109,44.8685],[1.0451,44.8681],[1.0923,44.8395],[1.1473,44.8389],[1.1951,44.8152],[1.2509,44.843],[1.2813,44.8284],[1.3476,44.859],[1.3695,44.8754],[1.3737,44.8831],[1.372,44.8913],[1.3479,44.9187],[1.3667,45.0154],[1.3476,45.032],[1.2887,45.0538],[1.28,45.058],[1.2737,45.0502],[1.2565,45.0433],[1.2549,45.044],[1.2664,45.0495]]],[[[0.3757,45.0573],[0.3736,45.0577],[0.3652,45.0541],[0.3641,45.0529],[0.3644,45.0516],[0.3642,45.0529],[0.3757,45.0573]]],[[[0.4603,44.9466],[0.4701,44.9676],[0.4659,44.9625],[0.4572,44.944],[0.4603,44.9466]]],[[[1.0239,44.845],[0.9915,44.8209],[0.9556,44.8225],[0.902,44.8457],[0.8215,44.8605],[0.7775,44.8391],[0.7168,44.8316],[0.6753,44.8327],[0.635,44.8365],[0.6626,44.8287],[0.6567,44.8015],[0.6907,44.7739],[0.7135,44.7832],[0.7858,44.7503],[0.8135,44.7143],[0.8651,44.6966],[0.9064,44.7197],[0.9348,44.7022],[0.9254,44.6788],[0.8901,44.683],[0.8208,44.6265],[0.8159,44.5997],[0.776,44.5465],[0.802,44.536],[0.8815,44.5487],[0.902,44.5429],[0.9185,44.4863],[0.9071,44.4645],[0.9107,44.4674],[0.9239,44.4813],[0.9943,44.4958],[1.0391,44.5046],[1.0705,44.5241],[1.18,44.5153],[1.2252,44.5449],[1.2156,44.5572],[1.224,44.6086],[1.2425,44.6406],[1.102,44.7684],[1.186,44.782],[1.2275,44.7515],[1.2847,44.7648],[1.3056,44.7432],[1.3603,44.7528],[1.408,44.7421],[1.4665,44.7579],[1.4171,44.8107],[1.402,44.8494],[1.3565,44.8489],[1.2972,44.827],[1.2445,44.8206],[1.1974,44.8008],[1.1509,44.8152],[1.1427,44.8347],[1.1326,44.8351],[1.1185,44.8274],[1.0953,44.8013],[1.0807,44.8178],[1.0278,44.8473],[1.0239,44.845]]]]},"properties":{"sector_id":17}},
{"type":"Feature","geometry":{"type":"MultiPolygon","coordinates":[[[[-0.6624,45.3574],[-0.7093,45.3876],[-0.7566,45.4576],[-0.8159,45.4936],[-0.7729,45.4488],[-0.7407,45.3984],[-0.6997,45.2852],[-0.6871,45.2161],[-0.6662,45.1717],[-0.6686,45.1325],[-0.6415,45.1732],[-0.6486,45.2068],[-0.5768,45.2245],[-0.6432,45.2398],[-0.6327,45.2965],[-0.6624,45.3574]]],[[[-0.5343,44.8782],[-0.5314,44.8789],[-0.5271,44.887],[-0.5201,44.9176],[-0.5137,44.9186],[-0.495,44.9217],[-0.4432,44.9033],[-0.3702,44.894],[-0.3383,44.8697],[-0.2998,44.8751],[-0.2788,44.8574],[-0.2338,44.8609],[-0.1512,44.8169],[-0.0392,44.8112],[-0.0298,44.8253],[0.1323,44.8139],[0.2827,44.8239],[0.3544,44.8113],[0.4329,44.8172],[0.5111,44.8035],[0.5552,44.8284],[0.6035,44.8402],[0.6753,44.8327],[0.7168,44.8316],[0.7775,44.8391],[0.8215,44.8605],[0.902,44.8457],[0.9556,44.8225],[0.9915,44.8209],[1.0239,44.845],[1.0348,44.8517],[1.1097,44.8232],[1.1326,44.8351],[1.1427,44.8347],[1.1509,44.8152],[1.1974,44.8008],[1.2445,44.8206],[1.2972,44.827],[1.3565,44.8489],[1.402,44.8494],[1.4146,44.8709],[1.4905,44.8741],[1.4856,44.8539],[1.5107,44.8416],[1.5642,44.8681],[1.6147,44.8794],[1.6165,44.899],[1.6715,44.9273],[1.7091,44.9331],[1.763,44.8984],[1.8056,44.8905],[1.8874,44.8536],[1.9046,44.8528],[1.8805,44.8677],[1.8135,44.9],[1.8272,44.9014],[1.8797,44.9063],[1.8899,44.9122],[1.8851,44.9135],[1.8718,44.9281],[1.8783,44.9434],[1.8815,44.9507],[1.8691,44.9402],[1.8613,44.9379],[1.8553,44.9436],[1.8532,44.9484],[1.8563,44.9675],[1.8229,44.9974],[1.8251,44.9861],[1.846,44.9697],[1.851,44.9513],[1.7916,44.9154],[1.7448,44.9401],[1.6926,44.9504],[1.6451,44.928],[1.6103,44.8988],[1.5777,44.8937],[1.5528,44.8697],[1.498,44.8522],[1.4964,44.8744],[1.4567,44.9035],[1.4328,44.8747],[1.3815,44.8872],[1.3776,44.8793],[1.3734,44.8789],[1.3476,44.859],[1.2813,44.8284],[1.2509,44.843],[1.1951,44.8152],[1.1473,44.8389],[1.0923,44.8395],[1.0451,44.8681],[1.0388,44.8691],[1.0264,44.8648],[1.0199,44.8537],[0.9904,44.8315],[0.9656,44.8324],[0.9081,44.8562],[0.9229,44.898],[0.9571,44.8968],[0.9867,44.9247],[1.0081,44.9278],[1.0136,44.9355],[1.0092,44.9512],[1.0267,44.9491],[1.042,44.9617],[1.0589,44.9904],[1.0739,44.9906],[1.0778,45.0032],[1.1001,45.0013],[1.1564,45.0422],[1.1946,45.0912],[1.2252,45.0937],[1.2495,45.1043],[1.2772,45.0732],[1.2689,45.0508],[1.2549,45.044],[1.2565,45.0433],[1.2664,45.0469],[1.2739,45.0521],[1.2807,45.0722],[1.2659,45.1031],[1.2987,45.1271],[1.3497,45.1261],[1.4091,45.1126],[1.4096,45.107],[1.414,45.1028],[1.4144,45.1066],[1.4173,45.1096],[1.4128,45.1246],[1.4331,45.1243],[1.4693,45.1671],[1.4722,45.2007],[1.4518,45.2427],[1.4171,45.2237],[1.4597,45.1785],[1.4474,45.1437],[1.4237,45.1326],[1.3651,45.1457],[1.3202,45.1441],[1.2298,45.1288],[1.2086,45.1338],[1.1787,45.1476],[1.1682,45.1482],[1.1441,45.1544],[1.1496,45.1474],[1.1856,45.1433],[1.2036,45.1329],[1.2255,45.125],[1.218,45.0957],[1.191,45.0962],[1.1869,45.0831],[1.1708,45.0976],[1.1621,45.0985],[1.1721,45.0744],[1.1308,45.0462],[1.1167,45.0239],[1.1053,45.0363],[1.1022,45.0077],[1.0737,45.0162],[1.0705,44.9938],[1.0559,44.9938],[1.0527,44.98],[1.0258,44.9668],[1.0245,44.9504],[1.0095,44.9531],[0.9986,44.9465],[0.9921,44.9314],[0.9399,44.9049],[0.9101,44.9102],[0.8901,44.8825],[0.8009,44.8828],[0.7979,44.8674],[0.7897,44.8541],[0.7084,44.8363],[0.6577,44.842],[0.5693,44.8562],[0.509,44.8596],[0.3312,44.8742],[0.2786,44.886],[0.2426,44.8805],[0.2366,44.8569],[0.1778,44.8482],[0.0918,44.8581],[0.027,44.8555],[-0.0043,44.8687],[-0.0692,44.8395],[-0.1044,44.8381],[-0.1294,44.8606],[-0.1808,44.8659],[-0.2232,44.9164],[-0.1791,44.9754],[-0.1082,45.0043],[-0.0232,45.0063],[0.0322,44.9952],[0.1171,44.9955],[0.1663,45.0041],[0.2837,45.0016],[0.3341,45.0111],[0.3664,45.0326],[0.3649,45.0361],[0.4052,45.0526],[0.4476,45.0964],[0.4998,45.1061],[0.5688,45.1577],[0.6176,45.1795],[0.6951,45.1976],[0.7194,45.1734],[0.747,45.1856],[0.7884,45.1802],[0.8056,45.1952],[0.8711,45.1839],[0.8871,45.1929],[0.8961,45.1895],[0.9038,45.1997],[0.8989,45.2112],[0.8975,45.2006],[0.8893,45.2066],[0.8832,45.2092],[0.8663,45.217],[0.8659,45.2267],[0.8587,45.2248],[0.7744,45.1916],[0.7111,45.1822],[0.692,45.202],[0.629,45.1976],[0.5851,45.1687],[0.5347,45.1556],[0.5309,45.1358],[0.4605,45.1088],[0.3926,45.0639],[0.3642,45.0529],[0.3644,45.0516],[0.3329,45.0585],[0.2796,45.0393],[0.2164,45.043],[0.1638,45.0276],[0.0947,45.0357],[-0.0176,45.0333],[-0.075,45.0434],[-0.0058,45.1193],[-0.0053,45.1467],[0.0271,45.1785],[0.0393,45.2092],[0.0743,45.2147],[0.126,45.2052],[0.2036,45.2714],[0.1798,45.277],[0.1429,45.231],[0.0322,45.2285],[0.0228,45.2259],[-0.0216,45.1798],[-0.0436,45.1137],[-0.103,45.0818],[-0.1221,45.0824],[-0.1481,45.0388],[-0.2119,45.0373],[-0.2144,44.9998],[-0.2604,44.9712],[-0.2696,44.9378],[-0.3006,44.9235],[-0.3188,44.9439],[-0.4129,44.9704],[-0.4567,44.9674],[-0.4608,44.994],[-0.4652,44.9972],[-0.4691,44.9959],[-0.5112,45.0038],[-0.5398,45.022],[-0.5904,45.0213],[-0.5386,44.985],[-0.5459,44.9339],[-0.5343,44.8782]]],[[[-0.5343,44.8782],[-0.5547,44.9323],[-0.5482,44.9829],[-0.6064,45.015],[-0.6845,45.0823],[-0.7394,45.1841],[-0.7471,45.2345],[-0.7686,45.2903],[-0.8035,45.3451],[-0.8477,45.3795],[-0.8071,45.3459],[-0.8373,45.2977],[-0.7727,45.294],[-0.7559,45.2505],[-0.7537,45.2411],[-0.7353,45.1567],[-0.732,45.1538],[-0.6906,45.0677],[-0.6472,45.0261],[-0.6182,45.0158],[-0.591,44.9706],[-0.6608,44.9614],[-0.65,44.9617],[-0.6081,44.9635],[-0.6182,44.903],[-0.5884,44.8829],[-0.5722,44.8356],[-0.5427,44.816],[-0.5697,44.7832],[-0.539,44.7644],[-0.5248,44.7339],[-0.4973,44.7126],[-0.4673,44.7154],[-0.4152,44.6967],[-0.3368,44.6417],[-0.3266,44.6159],[-0.2807,44.5645],[-0.2315,44.5535],[-0.1572,44.5633],[-0.0899,44.5525],[-0.0219,44.5637],[0.0101,44.5339],[0.0806,44.4889],[0.1147,44.467],[0.1856,44.441],[0.2495,44.3976],[0.2519,44.3709],[0.2883,44.3406],[0.2831,44.2795],[0.3077,44.2844],[0.338,44.305],[0.3909,44.2978],[0.5103,44.3648],[0.6145,44.3909],[0.6692,44.3961],[0.7667,44.3847],[0.8407,44.3996],[0.8908,44.4187],[0.9121,44.4461],[0.9501,44.4701],[0.999,44.4835],[1.0243,44.4743],[1.0779,44.4895],[1.0903,44.4786],[1.1263,44.4949],[1.1482,44.4741],[1.1883,44.4671],[1.1953,44.4672],[1.217,44.4948],[1.2397,44.4684],[1.254,44.4845],[1.2639,44.4851],[1.3006,44.4676],[1.2919,44.4831],[1.3216,44.488],[1.3615,44.4707],[1.4014,44.4869],[1.4221,44.4711],[1.4315,44.4435],[1.4471,44.4438],[1.4462,44.4654],[1.4756,44.4689],[1.4917,44.4566],[1.5121,44.4577],[1.5527,44.4702],[1.6036,44.463],[1.6124,44.4851],[1.6937,44.4571],[1.7187,44.4653],[1.7687,44.457],[1.8448,44.4821],[1.9089,44.487],[1.9697,44.5245],[1.9964,44.5518],[2.0259,44.5561],[2.0451,44.5739],[2.0778,44.5545],[2.0908,44.5538],[2.0817,44.5563],[2.0886,44.5808],[2.1014,44.5727],[2.1058,44.5723],[2.0917,44.5837],[2.0671,44.5705],[2.0643,44.5709],[2.069,44.5756],[2.0641,44.584],[2.0499,44.5815],[2.0197,44.5583],[1.9928,44.5568],[1.9316,44.51],[1.8921,44.507],[1.8827,44.4869],[1.8047,44.4782],[1.7397,44.462],[1.7224,44.4693],[1.7052,44.4621],[1.6851,44.4718],[1.6681,44.4677],[1.6444,44.4855],[1.5635,44.486],[1.5522,44.4835],[1.5137,44.4608],[1.4946,44.4598],[1.4755,44.4741],[1.4272,44.4629],[1.4283,44.4761],[1.4131,44.479],[1.4056,44.4922],[1.3651,44.4759],[1.3269,44.499],[1.306,44.4903],[1.2881,44.4906],[1.287,44.4801],[1.257,44.4877],[1.2369,44.4764],[1.2192,44.5009],[1.0798,44.5151],[1.053,44.5096],[1.0402,44.4844],[0.9943,44.4958],[0.9239,44.4813],[0.9107,44.4674],[0.8962,44.4553],[0.8328,44.4295],[0.8216,44.4256],[0.7569,44.4151],[0.6505,44.4386],[0.5955,44.443],[0.5335,44.4249],[0.4864,44.3921],[0.3235,44.3414],[0.3306,44.3661],[0.3031,44.3893],[0.2836,44.4246],[0.2451,44.4386],[0.1746,44.4914],[0.1026,44.5205],[0.0815,44.5437],[0.0372,44.5668],[-0.027,44.58],[-0.1067,44.5863],[-0.1347,44.5823],[-0.2301,44.5624],[-0.2837,44.5908],[-0.2993,44.6212],[-0.354,44.6639],[-0.3713,44.694],[-0.4809,44.7397],[-0.504,44.8084],[-0.5325,44.847],[-0.5343,44.8782]]],[[[-0.4728,45.0008],[-0.4837,45.0209],[-0.5331,45.0341],[-0.5722,45.0428],[-0.5898,45.0423],[-0.5583,45.0381],[-0.5278,45.0262],[-0.5099,45.0121],[-0.4728,45.0008]]]]},"properties":{"sector_id":18}},
{"type":"Feature","geometry":{"type":"MultiPolygon","coordinates":[[[[-0.8477,45.3795],[-0.9035,45.4074],[-0.9315,45.4399],[-0.9706,45.4532],[-1.0653,45.5111],[-1.0425,45.5436],[-1.0965,45.5568],[-1.1364,45.511],[-1.1569,45.47],[-1.1623,45.2971],[-1.1902,45.1076],[-1.2079,44.9622],[-1.2268,44.8398],[-1.2578,44.6778],[-1.1715,44.7507],[-1.1627,44.7721],[-1.056,44.7092],[-1.05,44.6821],[-1.014,44.65],[-1.0811,44.6402],[-1.163,44.664],[-1.1915,44.6607],[-1.2045,44.6161],[-1.2317,44.5694],[-1.2594,44.5458],[-1.2507,44.506],[-1.2548,44.4573],[-1.2774,44.3196],[-1.3122,44.1448],[-1.3817,43.8898],[-1.42,43.7726],[-1.4468,43.6456],[-1.5299,43.5191],[-1.5534,43.4938],[-1.4944,43.5143],[-1.4905,43.5321],[-1.4619,43.5582],[-1.3702,43.5831],[-1.334,43.613],[-1.2804,43.6125],[-1.2655,43.6102],[-1.2571,43.6305],[-1.2191,43.6512],[-1.1886,43.6814],[-1.1349,43.6756],[-1.1003,43.7092],[-1.0107,43.735],[-0.8749,43.8088],[-0.8438,43.8099],[-0.8177,43.83],[-0.8103,43.8305],[-0.8276,43.8034],[-0.7784,43.7701],[-0.7161,43.7595],[-0.6948,43.7741],[-0.6342,43.7797],[-0.5728,43.7676],[-0.5335,43.7819],[-0.4503,43.7866],[-0.3345,43.7693],[-0.2626,43.7262],[-0.2197,43.7201],[-0.2163,43.7216],[-0.2529,43.7426],[-0.2629,43.7698],[-0.2949,43.7921],[-0.3535,43.8084],[-0.449,43.8187],[-0.4652,43.8487],[-0.5407,43.8643],[-0.4365,43.8917],[-0.4494,43.9508],[-0.3519,44.0509],[-0.3008,44.0679],[-0.2838,44.0381],[-0.232,44.0093],[-0.1036,43.9907],[-0.0417,43.9677],[-0.0357,43.9834],[0.023,43.9919],[0.0399,44.0216],[0.0424,44.0566],[0.0574,44.0348],[0.0842,43.9962],[0.1202,44.0028],[0.1374,44.0437],[0.176,44.0373],[0.2313,44.0512],[0.2358,44.0737],[0.2978,44.1438],[0.2363,44.186],[0.2598,44.2627],[0.2831,44.2795],[0.2883,44.3406],[0.2519,44.3709],[0.2495,44.3976],[0.1856,44.441],[0.1147,44.467],[0.0892,44.4831],[0.1019,44.418],[0.0821,44.3707],[0.0208,44.3602],[0.0054,44.3795],[-0.0458,44.4025],[-0.095,44.4073],[-0.1368,44.4249],[-0.2082,44.4312],[-0.1997,44.4349],[-0.1742,44.4467],[-0.1971,44.4719],[-0.1767,44.4881],[-0.2724,44.5315],[-0.348,44.5372],[-0.3695,44.5201],[-0.4086,44.5563],[-0.4835,44.593],[-0.5261,44.6021],[-0.6276,44.5966],[-0.6092,44.6186],[-0.6125,44.6567],[-0.6772,44.7008],[-0.7015,44.7251],[-0.7353,44.7797],[-0.7335,44.8832],[-0.7571,45.0303],[-0.7001,45.0112],[-0.6608,44.9614],[-0.591,44.9706],[-0.6182,45.0158],[-0.6472,45.0261],[-0.6906,45.0677],[-0.732,45.1538],[-0.7334,45.1551],[-0.7353,45.1567],[-0.7537,45.2411],[-0.7559,45.2505],[-0.7727,45.294],[-0.8373,45.2977],[-0.8071,45.3459],[-0.8477,45.3795]]],[[[-0.6182,44.903],[-0.6081,44.9635],[-0.65,44.9617],[-0.6429,44.9386],[-0.6182,44.903]]],[[[-0.9061,43.6862],[-0.9175,43.712],[-0.9641,43.7061],[-0.9994,43.6837],[-0.9173,43.6839],[-0.9061,43.6862]]],[[[-1.5822,43.452],[-1.5539,43.4888],[-1.5896,43.4497],[-1.5861,43.4485],[-1.5822,43.452]]]]},"properties":{"sector_id":19}},
{"type":"Feature","geometry":{"type":"Polygon","coordinates":[[[-0.8177,43.83],[-0.8438,43.8099],[-0.8749,43.8088],[-1.0107,43.735],[-1.1003,43.7092],[-1.1349,43.6756],[-1.1886,43.6814],[-1.2191,43.6512],[-1.2571,43.6305],[-1.2655,43.6102],[-1.2714,43.6103],[-1.2177,43.5785],[-1.2095,43.5448],[-1.2319,43.5319],[-1.2468,43.5274],[-1.2761,43.5141],[-1.3224,43.5229],[-1.4182,43.5101],[-1.43,43.4943],[-1.4814,43.5027],[-1.49,43.5253],[-1.4944,43.5143],[-1.5534,43.4938],[-1.5539,43.4888],[-1.5822,43.452],[-1.5916,43.4415],[-1.5467,43.4309],[-1.5013,43.4439],[-1.4656,43.3946],[-1.4485,43.4322],[-1.4673,43.4601],[-1.3949,43.4909],[-1.3034,43.4914],[-1.2251,43.5032],[-1.2027,43.5225],[-1.171,43.5123],[-1.1475,43.5358],[-1.0952,43.5339],[-1.0264,43.4922],[-1.0192,43.4532],[-0.9661,43.3821],[-0.9092,43.3555],[-0.8837,43.3785],[-0.8351,43.3679],[-0.7948,43.3364],[-0.7145,43.25],[-0.6584,43.2243],[-0.6627,43.1968],[-0.6232,43.172],[-0.6051,43.2088],[-0.6775,43.2496],[-0.6833,43.2694],[-0.7347,43.2904],[-0.7953,43.3682],[-0.8389,43.3811],[-0.9382,43.3981],[-0.9874,43.427],[-0.9916,43.4545],[-0.96,43.4777],[-1.0007,43.4928],[-1.0302,43.5165],[-0.9368,43.5197],[-0.8756,43.5003],[-0.8428,43.5071],[-0.8193,43.4802],[-0.7629,43.4778],[-0.7346,43.4481],[-0.6584,43.4059],[-0.605,43.3461],[-0.5301,43.3522],[-0.478,43.3153],[-0.4155,43.2965],[-0.4188,43.3263],[-0.5184,43.3782],[-0.6196,43.4134],[-0.6926,43.4573],[-0.7572,43.4839],[-0.8106,43.4843],[-0.84,43.5149],[-0.88,43.5117],[-0.9448,43.5435],[-1.1087,43.5464],[-1.1948,43.5581],[-1.1712,43.5757],[-1.2127,43.6132],[-1.2123,43.6367],[-1.1733,43.6503],[-1.0819,43.6519],[-1.0813,43.6683],[-1.1197,43.6819],[-1.0474,43.6992],[-0.9711,43.7072],[-0.9261,43.7379],[-0.9083,43.7713],[-0.8654,43.789],[-0.7732,43.758],[-0.7202,43.7526],[-0.6702,43.7613],[-0.5841,43.7655],[-0.511,43.7625],[-0.4654,43.7707],[-0.4421,43.7726],[-0.3857,43.7641],[-0.3631,43.7602],[-0.3119,43.742],[-0.3045,43.7244],[-0.2357,43.6781],[-0.2063,43.677],[-0.17,43.6535],[-0.0925,43.6458],[-0.0232,43.615],[-0.0265,43.5603],[-0.0186,43.5264],[0.0046,43.4953],[0.0156,43.3964],[0.0305,43.3854],[0.0354,43.3233],[0.0159,43.2742],[-0.0153,43.2562],[-0.0242,43.2173],[-0.0417,43.1998],[-0.0217,43.1591],[-0.0591,43.1103],[-0.074,43.1419],[-0.111,43.108],[-0.0564,43.0965],[-0.043,43.0615],[-0.06,43.0437],[-0.1436,43.0361],[-0.191,43.0223],[-0.1834,43.0038],[-0.2266,42.9662],[-0.2142,42.934],[-0.1735,42.9412],[-0.1411,42.9784],[-0.0867,42.9659],[-0.0672,42.9508],[-0.0241,42.9808],[-0.043,43.0241],[-0.0416,43.0801],[-0.0117,43.1556],[0.0487,43.1753],[0.0999,43.1324],[0.1162,43.098],[0.1536,43.0589],[0.1658,43.0246],[0.2197,42.9886],[0.2289,42.9459],[0.2539,42.9398],[0.2603,42.9417],[0.2258,42.994],[0.1753,43.022],[0.1556,43.0776],[0.1168,43.1298],[0.1256,43.1833],[0.1106,43.2645],[0.1299,43.287],[0.1468,43.3631],[0.1611,43.3762],[0.1523,43.4079],[0.0309,43.5499],[0.0216,43.579],[0.0541,43.5963],[0.0418,43.6239],[-0.0286,43.6778],[-0.1229,43.689],[-0.2004,43.7041],[-0.2124,43.7179],[-0.2626,43.7262],[-0.3345,43.7693],[-0.4503,43.7866],[-0.5335,43.7819],[-0.5728,43.7676],[-0.6342,43.7797],[-0.6948,43.7741],[-0.7161,43.7595],[-0.7784,43.7701],[-0.8276,43.8034],[-0.8103,43.8305],[-0.8177,43.83]]]},"properties":{"sector_id":20}},
{"type":"Feature","geometry":{"type":"Polygon","coordinates":[[[1.6149,44.0745],[1.6097,44.093],[1.6114,44.1108],[1.5862,44.1045],[1.4815,44.1175],[1.5255,44.1474],[1.5518,44.1488],[1.549,44.1827],[1.491,44.1429],[1.4678,44.1162],[1.424,44.1079],[1.3979,44.0872],[1.3613,44.0791],[1.3075,44.1032],[1.2805,44.102],[1.2288,44.1222],[1.1919,44.1137],[1.1304,44.1244],[1.0407,44.0903],[0.9979,44.0929],[0.915,44.1282],[0.8578,44.1276],[0.8192,44.1438],[0.7185,44.157],[0.696,44.1778],[0.6108,44.2097],[0.5794,44.2296],[0.5307,44.2404],[0.4282,44.2399],[0.3565,44.2559],[0.3358,44.273],[0.332,44.2894],[0.3359,44.304],[0.3077,44.2844],[0.2831,44.2795],[0.3542,44.2281],[0.3916,44.2114],[0.4689,44.208],[0.5875,44.1616],[0.6164,44.1635],[0.674,44.1324],[0.7444,44.1077],[0.8223,44.1058],[0.9585,44.0467],[1.0098,44.0169],[1.0724,44.0144],[1.1172,43.9853],[1.1573,43.9816],[1.1828,43.9282],[1.1677,43.852],[1.1391,43.8298],[1.1475,43.7692],[1.1675,43.7113],[1.2217,43.6964],[1.1771,43.6653],[1.0942,43.637],[1.0584,43.6088],[0.9446,43.5028],[0.849,43.4366],[0.8128,43.4245],[0.8356,43.404],[0.9108,43.4579],[0.9397,43.4893],[0.9688,43.4982],[0.984,43.5255],[1.0724,43.605],[1.1543,43.6314],[1.2135,43.6566],[1.2382,43.6292],[1.1888,43.5943],[1.1583,43.5437],[1.1512,43.484],[1.1304,43.442],[1.1243,43.378],[1.163,43.3793],[1.1426,43.3349],[1.0799,43.2853],[1.0595,43.2484],[1.005,43.2218],[0.9451,43.1482],[0.8731,43.1096],[0.7852,43.1019],[0.6932,43.1192],[0.6112,43.1169],[0.565,43.0747],[0.5882,43.0159],[0.5597,42.9926],[0.6007,42.9515],[0.6388,42.9452],[0.6417,42.9793],[0.5948,43.0596],[0.6502,43.0684],[0.7158,43.093],[0.7604,43.0934],[0.7773,43.0803],[0.8995,43.1007],[0.9733,43.1384],[0.9508,43.0824],[1.0009,43.0296],[1.0632,43.0386],[1.11,43.0063],[1.1282,43.0257],[1.0526,43.045],[1.0149,43.0377],[0.9654,43.1029],[0.9876,43.1303],[0.97,43.1713],[1.0003,43.1851],[1.0764,43.1943],[1.134,43.215],[1.1683,43.247],[1.1778,43.2706],[1.2318,43.2864],[1.2562,43.3294],[1.3015,43.3794],[1.3296,43.4478],[1.3742,43.4416],[1.3841,43.4067],[1.4188,43.3699],[1.4311,43.339],[1.4689,43.2949],[1.5242,43.2581],[1.5764,43.2343],[1.5973,43.2056],[1.5863,43.1641],[1.5964,43.1199],[1.6131,43.0976],[1.6078,43.0585],[1.6432,43.0408],[1.7113,43.1346],[1.7208,43.0889],[1.7816,43.0706],[1.7879,43.0844],[1.7426,43.107],[1.7316,43.1456],[1.7523,43.1894],[1.7154,43.2486],[1.6143,43.2951],[1.5302,43.3146],[1.4902,43.3431],[1.4439,43.4206],[1.4095,43.4969],[1.4509,43.5707],[1.5019,43.5119],[1.5443,43.4778],[1.6847,43.3925],[1.7209,43.4009],[1.6751,43.434],[1.5755,43.4779],[1.5255,43.5401],[1.4843,43.6516],[1.4518,43.6973],[1.3944,43.7413],[1.4105,43.7533],[1.4792,43.7281],[1.6162,43.6608],[1.6812,43.6145],[1.6918,43.6348],[1.6552,43.6462],[1.6072,43.6805],[1.5502,43.7038],[1.4775,43.7473],[1.4102,43.7629],[1.3405,43.7916],[1.3118,43.8175],[1.2724,43.8713],[1.2629,43.9154],[1.2742,43.9361],[1.3339,43.8939],[1.3488,43.8689],[1.4054,43.8529],[1.4348,43.8299],[1.4772,43.8205],[1.5159,43.787],[1.5532,43.769],[1.6311,43.7467],[1.6769,43.7536],[1.7319,43.741],[1.8174,43.682],[1.8677,43.6895],[1.9124,43.6799],[1.9665,43.6512],[2.0117,43.6485],[2.0437,43.6311],[2.0999,43.6166],[2.1179,43.5862],[2.1719,43.5452],[2.2313,43.5421],[2.2491,43.537],[2.239,43.5524],[2.1758,43.5532],[2.1652,43.5915],[2.0908,43.6448],[1.9874,43.6541],[1.9516,43.6656],[1.9238,43.6925],[1.8507,43.7015],[1.8431,43.7274],[1.8807,43.75],[1.9042,43.7445],[1.9746,43.7609],[2.0694,43.756],[2.0699,43.7722],[2.0049,43.7652],[1.9823,43.7835],[1.8893,43.7642],[1.8256,43.766],[1.7899,43.7541],[1.7739,43.7787],[1.7784,43.8054],[1.9297,43.8807],[2.0219,43.8871],[2.0876,43.908],[2.1195,43.907],[2.2048,43.9252],[2.2109,43.9465],[2.1846,43.9651],[2.1277,43.9543],[2.0262,43.9211],[1.9676,43.9421],[1.8816,43.9214],[1.8401,43.8969],[1.7768,43.8754],[1.7305,43.8483],[1.7094,43.8118],[1.6818,43.7878],[1.6397,43.7847],[1.5471,43.8392],[1.5235,43.8428],[1.4966,43.8792],[1.4265,43.9274],[1.3714,43.9426],[1.3555,43.9888],[1.3595,44.0102],[1.431,44.027],[1.4444,44.04],[1.5954,44.0596],[1.6013,44.0717],[1.6082,44.0747],[1.6149,44.0745]]]},"properties":{"sector_id":21}},
{"type":"Feature","geometry":{"type":"MultiPolygon","coordinates":[[[[0.6172,45.5063],[0.6019,45.5184],[0.4976,45.5402],[0.4732,45.5249],[0.5123,45.5248],[0.5336,45.5217],[0.5539,45.496],[0.6172,45.5063]]],[[[1.1921,45.1313],[1.1964,45.1346],[1.1856,45.1433],[1.1496,45.1474],[1.1441,45.1544],[1.1584,45.1517],[1.1458,45.1802],[1.1671,45.2165],[1.1331,45.2376],[1.1297,45.2674],[1.1061,45.2839],[1.1333,45.3336],[1.0834,45.3374],[1.0632,45.3546],[0.9481,45.3918],[0.9655,45.4146],[0.9334,45.4399],[0.9049,45.419],[0.7822,45.4878],[0.772,45.5117],[0.7168,45.4951],[0.7091,45.5238],[0.694,45.518],[0.6629,45.5012],[0.675,45.491],[0.7131,45.4617],[0.7793,45.4537],[0.7844,45.4193],[0.8132,45.4222],[0.8384,45.3995],[0.8859,45.405],[0.8916,45.3835],[0.8673,45.3441],[0.8816,45.3184],[0.851,45.2726],[0.8421,45.2327],[0.8557,45.2264],[0.863,45.2256],[0.8652,45.229],[0.8832,45.2092],[0.8979,45.2042],[0.8989,45.2112],[0.9038,45.1997],[0.9712,45.1666],[1.0837,45.1395],[1.1586,45.1359],[1.1921,45.1313]]],[[[1.226,45.1297],[1.2013,45.1386],[1.2163,45.132],[1.2193,45.1313],[1.226,45.1297]]],[[[1.1921,45.1313],[1.19,45.0942],[1.191,45.0962],[1.218,45.0957],[1.2255,45.125],[1.1921,45.1313]]],[[[1.3497,45.1261],[1.2987,45.1271],[1.2659,45.1031],[1.2807,45.0722],[1.2739,45.0521],[1.2664,45.0469],[1.2737,45.0502],[1.28,45.058],[1.2887,45.0538],[1.3476,45.032],[1.3667,45.0154],[1.3479,44.9187],[1.372,44.8913],[1.3737,44.8831],[1.3695,44.8754],[1.3734,44.8789],[1.3776,44.8793],[1.3815,44.8872],[1.4328,44.8747],[1.4567,44.9035],[1.4964,44.8744],[1.498,44.8522],[1.5528,44.8697],[1.5777,44.8937],[1.6103,44.8988],[1.6451,44.928],[1.6926,44.9504],[1.7448,44.9401],[1.7916,44.9154],[1.851,44.9513],[1.8517,44.9526],[1.8426,44.9524],[1.8097,44.9882],[1.8303,45.0095],[1.8031,45.0385],[1.7428,45.0404],[1.6955,45.0627],[1.5404,45.0816],[1.4921,45.1096],[1.4144,45.1066],[1.414,45.1028],[1.4106,45.106],[1.3995,45.1032],[1.3966,45.1068],[1.4091,45.1126],[1.3497,45.1261]]],[[[1.2689,45.0508],[1.2772,45.0732],[1.2495,45.1043],[1.2252,45.0937],[1.1946,45.0912],[1.2709,45.0604],[1.2716,45.0585],[1.2681,45.0549],[1.2664,45.0495],[1.2689,45.0508]]],[[[1.8691,44.9402],[1.8667,44.9412],[1.8583,44.9418],[1.8613,44.9379],[1.8691,44.9402]]],[[[1.763,44.8984],[1.7091,44.9331],[1.6715,44.9273],[1.6165,44.899],[1.6147,44.8794],[1.5642,44.8681],[1.5107,44.8416],[1.4856,44.8539],[1.4905,44.8741],[1.4146,44.8709],[1.402,44.8494],[1.4171,44.8107],[1.4665,44.7579],[1.408,44.7421],[1.3603,44.7528],[1.3056,44.7432],[1.2847,44.7648],[1.2275,44.7515],[1.186,44.782],[1.102,44.7684],[1.2425,44.6406],[1.224,44.6086],[1.2156,44.5572],[1.2252,44.5449],[1.18,44.5153],[1.0705,44.5241],[1.0391,44.5046],[0.9943,44.4958],[1.0402,44.4844],[1.053,44.5096],[1.0798,44.5151],[1.2192,44.5009],[1.2369,44.4764],[1.257,44.4877],[1.287,44.4801],[1.2881,44.4906],[1.306,44.4903],[1.3269,44.499],[1.3651,44.4759],[1.4056,44.4922],[1.4131,44.479],[1.4283,44.4761],[1.4272,44.4629],[1.4755,44.4741],[1.4946,44.4598],[1.5137,44.4608],[1.5522,44.4835],[1.5635,44.486],[1.6444,44.4855],[1.6681,44.4677],[1.6851,44.4718],[1.7052,44.4621],[1.7224,44.4693],[1.7397,44.462],[1.8047,44.4782],[1.8827,44.4869],[1.8921,44.507],[1.9316,44.51],[1.9928,44.5568],[2.0197,44.5583],[2.0499,44.5815],[2.0641,44.584],[2.069,44.5756],[2.0643,44.5709],[2.0671,44.5705],[2.0917,44.5837],[2.0953,44.5795],[2.1015,44.5784],[2.1052,44.5809],[2.1046,44.5777],[2.1063,44.577],[2.1327,44.6121],[2.124,44.6174],[2.0572,44.6278],[2.0234,44.6765],[1.939,44.6888],[1.9296,44.7137],[1.9443,44.7414],[1.8858,44.7451],[1.8554,44.7723],[1.8504,44.801],[1.8461,44.8064],[1.8754,44.8424],[1.8992,44.8521],[1.8874,44.8536],[1.8056,44.8905],[1.763,44.8984]]],[[[1.8733,44.9314],[1.8718,44.9281],[1.8851,44.9135],[1.8733,44.9314]]],[[[1.9006,44.8562],[1.9107,44.8707],[1.9019,44.8878],[1.8903,44.9016],[1.8854,44.9103],[1.8797,44.9063],[1.8272,44.9014],[1.8135,44.9],[1.8805,44.8677],[1.9006,44.8562]]],[[[1.0109,44.8685],[1.0199,44.8537],[1.0264,44.8648],[1.0388,44.8691],[1.0109,44.8685]]],[[[1.1097,44.8232],[1.0348,44.8517],[1.0278,44.8473],[1.0807,44.8178],[1.0953,44.8013],[1.1185,44.8274],[1.1097,44.8232]]],[[[2.0817,44.5563],[2.0926,44.5548],[2.0988,44.5636],[2.0925,44.5658],[2.0931,44.5789],[2.0886,44.5808],[2.0817,44.5563]]],[[[2.0778,44.5545],[2.0451,44.5739],[2.0259,44.5561],[1.9964,44.5518],[1.9697,44.5245],[1.9089,44.487],[1.8448,44.4821],[1.7687,44.457],[1.7187,44.4653],[1.6937,44.4571],[1.6124,44.4851],[1.6036,44.463],[1.5527,44.4702],[1.5121,44.4577],[1.4917,44.4566],[1.4756,44.4689],[1.4462,44.4654],[1.4471,44.4438],[1.4315,44.4435],[1.4221,44.4711],[1.4014,44.4869],[1.3615,44.4707],[1.3216,44.488],[1.2919,44.4831],[1.3006,44.4676],[1.2639,44.4851],[1.254,44.4845],[1.2397,44.4684],[1.217,44.4948],[1.1953,44.4672],[1.2039,44.4673],[1.2008,44.4318],[1.2404,44.4185],[1.351,44.4141],[1.4047,44.3891],[1.4553,44.4005],[1.5677,44.3755],[1.63,44.3178],[1.6208,44.2859],[1.6427,44.2797],[1.6352,44.2431],[1.6137,44.2433],[1.5748,44.1788],[1.6266,44.1172],[1.6381,44.0775],[1.6118,44.0747],[1.6082,44.0747],[1.6055,44.0733],[1.6473,44.0705],[1.6827,44.0131],[1.7332,44.0507],[1.8588,44.0524],[1.8612,44.0918],[1.8661,44.1014],[1.8794,44.1011],[1.889,44.0963],[1.9017,44.1105],[1.9117,44.1282],[1.9329,44.1577],[1.942,44.2234],[1.9981,44.2654],[2.0621,44.3953],[2.1045,44.4574],[2.131,44.5192],[2.0907,44.5283],[2.0882,44.5535],[2.0778,44.5545]]],[[[1.0779,44.4895],[1.0243,44.4743],[0.999,44.4835],[1.0159,44.4661],[0.9676,44.4109],[1.0879,44.4251],[1.1519,44.4622],[1.1836,44.4671],[1.1883,44.4671],[1.1482,44.4741],[1.1263,44.4949],[1.0903,44.4786],[1.0779,44.4895]]]]},"properties":{"sector_id":22}},
{"type":"Feature","geometry":{"type":"MultiPolygon","coordinates":[[[[4.8283,45.7944],[4.804,45.7867],[4.8095,45.7747],[4.8167,45.7869],[4.8283,45.7944]]],[[[5.2026,47.4305],[5.1904,47.4339],[5.1821,47.4303],[5.1837,47.4234],[5.1662,47.3939],[5.1388,47.3224],[5.1347,47.2875],[5.1743,47.2738],[5.1463,47.2532],[5.1172,47.2772],[5.057,47.308],[5.0609,47.34],[5.0386,47.3595],[5.0337,47.3481],[5.0374,47.3442],[5.0342,47.3242],[5.0093,47.3219],[5.009,47.3157],[5.0515,47.2888],[5.0624,47.2671],[5.122,47.2382],[5.1691,47.1708],[5.1741,47.1372],[5.2255,47.0967],[5.1909,47.0856],[5.1208,47.0796],[5.106,47.0563],[5.1265,47.0166],[5.0944,46.9916],[5.1001,46.9745],[5.0458,46.9323],[5.023,46.9034],[5.0139,46.9112],[5.0341,46.9446],[4.985,46.9997],[4.9998,47.0263],[5.0085,47.0771],[4.9931,47.1188],[4.9467,47.1434],[4.9469,47.1349],[4.9451,47.1235],[4.9545,47.1097],[4.9438,47.1079],[4.9352,47.1114],[4.9425,47.1063],[4.9407,47.0934],[4.924,47.0988],[4.9397,47.0909],[4.9453,47.0851],[4.97,47.0734],[4.9851,47.0623],[4.9827,47.0113],[4.96,46.9899],[4.9841,46.9713],[4.9109,46.9532],[4.8452,46.9519],[4.8161,46.9632],[4.7917,46.9609],[4.8037,46.9292],[4.7566,46.9188],[4.7466,46.918],[4.6979,46.9102],[4.6448,46.874],[4.5761,46.8066],[4.6347,46.8446],[4.64,46.8523],[4.6967,46.9053],[4.723,46.907],[4.741,46.9122],[4.7486,46.9088],[4.7546,46.9137],[4.7551,46.9163],[4.7937,46.9143],[4.86,46.9425],[4.929,46.9482],[4.9742,46.9612],[5.0147,46.9526],[5.0036,46.9067],[4.9638,46.9],[4.9494,46.8804],[4.9518,46.8372],[4.871,46.8112],[4.8453,46.7823],[4.8667,46.728],[4.8921,46.7089],[4.8712,46.6898],[4.7448,46.6426],[4.6963,46.6114],[4.6811,46.5893],[4.6603,46.5696],[4.6835,46.5374],[4.6601,46.4253],[4.6453,46.4023],[4.5788,46.366],[4.5708,46.3643],[4.5719,46.3617],[4.562,46.3377],[4.5808,46.363],[4.6406,46.3929],[4.6671,46.4274],[4.6933,46.5172],[4.6764,46.5638],[4.7069,46.5963],[4.7605,46.6336],[4.854,46.661],[4.9203,46.7063],[4.9466,46.6606],[4.9152,46.5879],[4.9084,46.5718],[4.9343,46.5181],[4.9037,46.4859],[4.9066,46.4688],[4.8761,46.4396],[4.8843,46.4067],[4.8521,46.36],[4.8366,46.3067],[4.7953,46.2762],[4.7697,46.2157],[4.7381,46.1895],[4.7395,46.1844],[4.7053,46.1313],[4.6768,46.1267],[4.6766,46.1222],[4.6726,46.065],[4.6784,46.0151],[4.7042,46.0095],[4.7121,45.935],[4.6895,45.8612],[4.6781,45.856],[4.6617,45.8658],[4.6488,45.8738],[4.6274,45.8866],[4.603,45.8895],[4.5737,45.9076],[4.5996,45.8869],[4.6321,45.8806],[4.6581,45.8659],[4.6886,45.8452],[4.7333,45.8669],[4.8016,45.8783],[4.831,45.8754],[4.8254,45.8382],[4.8432,45.8022],[4.8555,45.8299],[4.8282,45.8927],[4.8238,45.9277],[4.753,45.9445],[4.7589,45.9857],[4.7503,46.0248],[4.7743,46.0693],[4.7781,46.1028],[4.82,46.1557],[4.8186,46.1784],[4.84,46.2392],[4.8645,46.2615],[4.8679,46.3423],[4.9022,46.3789],[4.8994,46.4208],[4.942,46.4653],[4.9603,46.4992],[4.9371,46.5419],[4.9289,46.5607],[4.9432,46.5716],[4.9376,46.5921],[4.962,46.6203],[4.9725,46.6904],[4.9447,46.72],[4.8933,46.7534],[4.8835,46.7724],[4.93,46.8099],[4.9857,46.836],[5.0251,46.8686],[5.0501,46.8921],[5.1044,46.911],[5.1859,46.9269],[5.2536,46.887],[5.4076,46.9459],[5.4523,46.989],[5.4895,47.012],[5.5805,46.9852],[5.6435,46.9847],[5.7748,47.0008],[5.7986,47.0154],[5.8022,47.0369],[5.7977,47.0455],[5.7935,47.0373],[5.5972,47.0157],[5.4914,47.0473],[5.4806,47.0679],[5.4475,47.0585],[5.4053,47.0703],[5.3355,47.0887],[5.3224,47.1071],[5.3723,47.1269],[5.3924,47.1497],[5.3937,47.1963],[5.4532,47.2423],[5.4462,47.286],[5.527,47.2894],[5.5447,47.2788],[5.5527,47.2774],[5.5585,47.285],[5.493,47.3295],[5.5125,47.3843],[5.4881,47.3881],[5.4452,47.3403],[5.4098,47.3182],[5.3837,47.2727],[5.3911,47.2366],[5.3668,47.2165],[5.3513,47.1705],[5.3112,47.176],[5.2934,47.199],[5.2773,47.2514],[5.2551,47.2557],[5.2373,47.3011],[5.1958,47.3501],[5.1892,47.3838],[5.2026,47.4305]],[[5.2013,47.1558],[5.1904,47.1999],[5.225,47.1958],[5.2327,47.1949],[5.2784,47.1638],[5.2528,47.1045],[5.2039,47.1454],[5.2013,47.1558]]]]},"properties":{"sector_id":23}},
{"type":"Feature","geometry":{"type":"MultiPolygon","coordinates":[[[[5.1553,45.6969],[5.2148,45.7052],[5.2396,45.7251],[5.2494,45.7566],[5.3274,45.8362],[5.3462,45.8671],[5.3728,45.8825],[5.3524,45.9075],[5.3792,45.9436],[5.3681,45.9692],[5.3832,46.0062],[5.422,46.0468],[5.3771,46.0767],[5.3385,46.0759],[5.3246,46.0683],[5.2955,46.0048],[5.2556,45.9793],[5.2452,45.9391],[5.2135,45.9103],[5.1478,45.8755],[5.1263,45.851],[5.0828,45.8557],[5.0295,45.8463],[4.9005,45.808],[4.8802,45.7989],[4.8832,45.7933],[4.8923,45.7862],[4.9044,45.7696],[4.9126,45.7668],[5.0186,45.7858],[5.0519,45.8038],[5.0965,45.8095],[5.1596,45.7945],[5.1499,45.7559],[5.1268,45.7161],[5.1441,45.6975],[5.0954,45.6686],[5.1017,45.6268],[5.1245,45.637],[5.1759,45.6109],[5.2335,45.5938],[5.2962,45.5824],[5.3065,45.5667],[5.4288,45.5587],[5.4969,45.5732],[5.5116,45.5653],[5.5323,45.5671],[5.5474,45.5473],[5.5269,45.5222],[5.4859,45.5073],[5.4168,45.4493],[5.4519,45.4346],[5.466,45.4766],[5.4887,45.4958],[5.5588,45.5261],[5.5506,45.5625],[5.5332,45.5675],[5.5139,45.5671],[5.4981,45.5756],[5.3552,45.5658],[5.3328,45.584],[5.2803,45.597],[5.2838,45.6229],[5.3134,45.6444],[5.379,45.6432],[5.3887,45.6441],[5.394,45.6383],[5.4103,45.6371],[5.4253,45.6889],[5.3948,45.6937],[5.3939,45.7043],[5.3837,45.7002],[5.3319,45.6902],[5.3007,45.6685],[5.2185,45.6338],[5.1928,45.6432],[5.1864,45.6918],[5.1553,45.6969]]],[[[5.6816,45.6618],[5.6852,45.6454],[5.6149,45.6396],[5.6113,45.6699],[5.5805,45.707],[5.5333,45.7196],[5.473,45.6721],[5.4788,45.6534],[5.547,45.6305],[5.606,45.5851],[5.6612,45.6177],[5.6945,45.6427],[5.7004,45.6578],[5.6816,45.6618]]]]},"properties":{"sector_id":24}},
{"type":"Feature","geometry":{"type":"Polygon","coordinates":[[[4.8655,45.0547],[4.837,45.0727],[4.8286,45.0482],[4.8347,45.0044],[4.8515,44.9745],[4.8354,44.9362],[4.8082,44.9163],[4.8211,44.8966],[4.8164,44.8441],[4.7816,44.8078],[4.7775,44.8025],[4.7809,44.7999],[4.777,44.7976],[4.7757,44.7929],[4.7538,44.7688],[4.7383,44.7309],[4.7653,44.7108],[4.771,44.6811],[4.7422,44.6259],[4.6961,44.5786],[4.6822,44.5501],[4.6913,44.522],[4.676,44.4884],[4.6944,44.4707],[4.6767,44.44],[4.6485,44.4287],[4.6485,44.3704],[4.6375,44.3431],[4.645,44.2999],[4.645,44.2312],[4.7024,44.1964],[4.7137,44.1463],[4.6957,44.1335],[4.68,44.0801],[4.7352,44.0731],[4.7738,44.0529],[4.7742,44.0351],[4.8094,44.0077],[4.7988,43.9604],[4.7936,43.9567],[4.7909,43.9524],[4.8959,43.9174],[4.9061,43.9249],[4.901,43.9871],[4.9346,43.9627],[4.9567,43.9021],[5.0535,43.8783],[5.1121,43.8703],[5.1183,43.8792],[5.1085,43.8808],[5.11,43.884],[5.1115,43.8953],[5.1061,43.9051],[5.0696,43.9452],[5.0399,43.9637],[5.0444,43.9857],[5.0974,44.0267],[5.0499,44.0387],[5.0102,44.0269],[4.9455,44.0419],[4.9412,44.0595],[4.9661,44.0863],[4.9312,44.114],[4.9552,44.13],[5.0163,44.2423],[5.0408,44.2446],[5.0516,44.2369],[5.0804,44.2372],[5.0895,44.2257],[5.1062,44.2182],[5.1682,44.2246],[5.1734,44.2273],[5.1823,44.2331],[5.2108,44.2382],[5.1918,44.2368],[5.1594,44.2442],[5.1086,44.2225],[5.0892,44.2297],[5.0845,44.2378],[5.0688,44.2428],[5.0314,44.251],[4.9639,44.2133],[4.9186,44.2436],[4.9741,44.2766],[5.0387,44.2902],[5.1117,44.325],[5.0743,44.3411],[5.0107,44.302],[4.8914,44.2846],[4.8477,44.3066],[4.8601,44.3352],[4.8892,44.3602],[4.8828,44.3706],[4.9121,44.4106],[4.9865,44.4212],[4.9986,44.4285],[5.01,44.4387],[5.0196,44.4584],[5.0193,44.4591],[5.0085,44.4393],[4.991,44.4245],[4.9806,44.4237],[4.9717,44.4323],[4.9633,44.4235],[4.9102,44.4112],[4.8908,44.3901],[4.8819,44.3703],[4.882,44.3596],[4.8586,44.3373],[4.8383,44.2935],[4.7676,44.2899],[4.7465,44.3144],[4.7518,44.3475],[4.7455,44.4095],[4.7847,44.4297],[4.7676,44.4329],[4.7613,44.4534],[4.7716,44.5009],[4.8236,44.5379],[4.8874,44.5388],[4.9312,44.5269],[4.9303,44.5563],[4.9656,44.5891],[4.9664,44.6347],[4.9193,44.6588],[4.8819,44.6527],[4.8749,44.6295],[4.8415,44.6102],[4.8148,44.6126],[4.7867,44.5679],[4.756,44.5672],[4.7548,44.6136],[4.8105,44.6714],[4.7796,44.7177],[4.8416,44.7636],[4.8863,44.7504],[4.9251,44.7379],[5.0322,44.7204],[5.0513,44.7169],[5.0308,44.7298],[4.9719,44.7542],[4.9031,44.7669],[4.8849,44.7617],[4.842,44.7715],[4.8533,44.7791],[4.8637,44.806],[4.8721,44.8217],[4.8872,44.8436],[4.8884,44.9061],[4.9047,44.9365],[4.8767,44.9889],[4.8428,45.0135],[4.8571,45.0447],[4.8655,45.0547]],[[4.8449,44.9433],[4.8507,44.9461],[4.8555,44.94],[4.8449,44.9433]],[[4.7172,44.488],[4.7252,44.4981],[4.7642,44.4757],[4.7494,44.4593],[4.702,44.4483],[4.7172,44.488]],[[4.7829,44.2788],[4.8041,44.2709],[4.8655,44.2159],[4.7772,44.1967],[4.7269,44.2014],[4.7137,44.2273],[4.754,44.2776],[4.7829,44.2788]],[[4.8743,44.1125],[4.8936,44.0564],[4.8779,44.0345],[4.8036,44.0511],[4.7803,44.0758],[4.8131,44.0979],[4.8345,44.0855],[4.8658,44.1142],[4.8743,44.1125]]]},"properties":{"sector_id":25}},
{"type":"Feature","geometry":{"type":"MultiPolygon","coordinates":[[[[3.8219,43.6433],[3.7847,43.6501],[3.7363,43.6354],[3.6299,43.6178],[3.5886,43.5834],[3.5359,43.5521],[3.5419,43.5512],[3.5803,43.5568],[3.5927,43.5216],[3.6329,43.5079],[3.6043,43.4741],[3.6076,43.4347],[3.6203,43.4322],[3.6546,43.389],[3.7257,43.4013],[3.7256,43.4161],[3.6999,43.4405],[3.7513,43.4548],[3.759,43.4585],[3.7601,43.4633],[3.7638,43.4821],[3.862,43.5649],[3.8197,43.5942],[3.8198,43.6319],[3.8219,43.6433]]],[[[3.4036,43.5759],[3.4342,43.613],[3.4387,43.6438],[3.4315,43.6554],[3.4333,43.6573],[3.4302,43.661],[3.4174,43.6503],[3.3807,43.6344],[3.331,43.6385],[3.3255,43.6192],[3.2831,43.6129],[3.2339,43.6233],[3.2138,43.6397],[3.1308,43.6572],[3.0942,43.6371],[3.0675,43.5806],[3.1176,43.5828],[3.1786,43.6014],[3.2486,43.6065],[3.3224,43.6047],[3.3809,43.6205],[3.4036,43.5759]]],[[[4.0397,43.6695],[4.0067,43.6754],[3.9786,43.6674],[3.9666,43.6607],[3.9667,43.6564],[3.98,43.6623],[4.0397,43.6695]]],[[[3.6299,44.3278],[3.5968,44.3296],[3.6202,44.2623],[3.6493,44.2854],[3.6234,44.3219],[3.6299,44.3278]]],[[[4.7988,43.9604],[4.8094,44.0077],[4.7742,44.0351],[4.7738,44.0529],[4.7352,44.0731],[4.68,44.0801],[4.6957,44.1335],[4.7137,44.1463],[4.7024,44.1964],[4.645,44.2312],[4.645,44.2999],[4.6375,44.3431],[4.6485,44.3704],[4.6485,44.4287],[4.6767,44.44],[4.6944,44.4707],[4.676,44.4884],[4.6913,44.522],[4.6822,44.5501],[4.6961,44.5786],[4.7422,44.6259],[4.771,44.6811],[4.7653,44.7108],[4.7383,44.7309],[4.7538,44.7688],[4.7757,44.7929],[4.777,44.7976],[4.7809,44.7999],[4.7775,44.8025],[4.777,44.801],[4.7505,44.7953],[4.6929,44.7633],[4.6504,44.7471],[4.6201,44.748],[4.6004,44.7454],[4.5096,44.7231],[4.4633,44.7024],[4.4323,44.666],[4.3814,44.6349],[4.3497,44.5809],[4.3503,44.565],[4.3022,44.5321],[4.2777,44.4991],[4.2343,44.4694],[4.1729,44.4043],[4.1215,44.3986],[4.0806,44.3545],[4.0667,44.2697],[4.0919,44.2423],[4.0683,44.2221],[4.0469,44.2744],[4.0116,44.2995],[4.0019,44.3013],[3.9947,44.2288],[4.0461,44.1301],[4.0051,44.1463],[3.9354,44.1513],[3.9185,44.12],[3.8796,44.088],[3.8798,44.0441],[3.8502,43.9981],[3.7782,44.0035],[3.7437,43.9801],[3.6943,43.9678],[3.6414,43.9211],[3.5991,43.9289],[3.5956,43.9678],[3.5789,43.9799],[3.527,43.9732],[3.4122,43.9701],[3.365,43.9823],[3.3351,44.019],[3.4047,44.077],[3.415,44.1167],[3.4441,44.1033],[3.4782,44.1222],[3.4021,44.1299],[3.4393,44.1805],[3.4985,44.1764],[3.5765,44.2444],[3.5952,44.316],[3.5341,44.3665],[3.6609,44.3849],[3.6485,44.4079],[3.5903,44.4268],[3.5438,44.4206],[3.6001,44.4995],[3.634,44.4975],[3.6753,44.5268],[3.7219,44.5476],[3.7606,44.5465],[3.7399,44.5842],[3.7361,44.5826],[3.7038,44.5525],[3.6589,44.5793],[3.6295,44.5534],[3.5385,44.5294],[3.492,44.5705],[3.4758,44.5412],[3.4455,44.5414],[3.3768,44.5211],[3.3638,44.5644],[3.3867,44.5966],[3.3551,44.6062],[3.3112,44.5883],[3.2901,44.5654],[3.2591,44.5749],[3.2576,44.5314],[3.2073,44.5312],[3.2076,44.4952],[3.1573,44.4661],[3.2186,44.4526],[3.2003,44.435],[3.1338,44.4316],[3.004,44.4411],[2.9292,44.4563],[2.8501,44.4573],[2.8213,44.4934],[2.769,44.4922],[2.6913,44.512],[2.649,44.4857],[2.5859,44.5067],[2.4815,44.5033],[2.4809,44.4896],[2.4347,44.4582],[2.4391,44.3954],[2.4774,44.3676],[2.5299,44.364],[2.5853,44.3809],[2.6305,44.371],[2.6495,44.4009],[2.7704,44.3896],[2.8335,44.3587],[2.9451,44.3386],[2.9951,44.3032],[3.0242,44.2943],[3.0082,44.2402],[2.9683,44.2433],[2.9419,44.2314],[2.9578,44.1814],[2.9304,44.159],[2.9517,44.1271],[2.9108,44.0853],[2.8544,44.0485],[2.8074,44.0452],[2.7942,44.015],[2.8411,43.9599],[2.857,43.9022],[2.8908,43.8866],[2.9307,43.8411],[3.0008,43.8779],[3.0596,43.8746],[3.0941,43.8488],[3.016,43.8312],[3.034,43.8184],[3.0971,43.8158],[3.0921,43.7888],[3.14,43.7649],[3.181,43.7093],[3.1863,43.6694],[3.2208,43.6661],[3.2663,43.6404],[3.2904,43.6753],[3.2849,43.7005],[3.3078,43.7119],[3.3259,43.7439],[3.3526,43.7296],[3.4267,43.7405],[3.4639,43.7056],[3.4349,43.6644],[3.4363,43.6624],[3.4549,43.6856],[3.4782,43.7113],[3.5128,43.6931],[3.5244,43.6966],[3.5428,43.7031],[3.5749,43.7113],[3.5985,43.7248],[3.6397,43.6608],[3.6703,43.7119],[3.7553,43.6643],[3.7852,43.6928],[3.8709,43.6995],[3.886,43.7243],[3.941,43.7416],[3.9174,43.6917],[3.9424,43.6718],[3.8703,43.6531],[3.8464,43.6391],[3.8476,43.6355],[3.8438,43.6332],[3.8521,43.6324],[3.915,43.6351],[3.9469,43.6486],[3.9625,43.6546],[3.9566,43.6626],[3.9837,43.6776],[3.9904,43.6931],[3.9488,43.6972],[3.973,43.7569],[4.0645,43.8329],[4.133,43.8205],[4.1201,43.6991],[4.1008,43.6873],[4.1014,43.6859],[4.1437,43.6953],[4.1817,43.7277],[4.2411,43.7401],[4.273,43.7607],[4.3454,43.8377],[4.4207,43.8592],[4.5297,43.9059],[4.5845,43.8487],[4.5534,43.8165],[4.5907,43.8045],[4.6347,43.8115],[4.6447,43.8089],[4.5955,43.851],[4.563,43.8888],[4.5684,43.9075],[4.5439,43.9485],[4.4979,43.9505],[4.4394,43.9804],[4.3827,43.9911],[4.3866,44.0141],[4.3668,44.0522],[4.3809,44.0599],[4.4879,44.0695],[4.58,44.0333],[4.5063,44.0177],[4.4334,44.0178],[4.4457,43.9922],[4.5353,43.9837],[4.5791,43.9644],[4.5693,43.9433],[4.5912,43.9218],[4.5961,43.8835],[4.6538,43.9006],[4.6834,43.8943],[4.7385,43.9273],[4.7587,43.9512],[4.7909,43.9524],[4.7936,43.9567],[4.7988,43.9604]],[[4.5108,44.7131],[4.5149,44.7002],[4.6189,44.7078],[4.6049,44.6734],[4.6255,44.6295],[4.6575,44.6205],[4.656,44.5891],[4.5671,44.5942],[4.5208,44.6178],[4.5011,44.6714],[4.4796,44.6866],[4.5003,44.7162],[4.5108,44.7131]]]]},"properties":{"sector_id":26}},
{"type":"Feature","geometry":{"type":"Polygon","coordinates":[[[4.5907,43.8045],[4.5534,43.8165],[4.5845,43.8487],[4.5297,43.9059],[4.4207,43.8592],[4.3454,43.8377],[4.273,43.7607],[4.2411,43.7401],[4.1817,43.7277],[4.1437,43.6953],[4.1014,43.6859],[4.1016,43.6834],[4.0397,43.6695],[3.98,43.6623],[3.9469,43.6486],[3.915,43.6351],[3.8521,43.6324],[3.8438,43.6332],[3.8476,43.6355],[3.843,43.6472],[3.823,43.6483],[3.8198,43.6319],[3.8197,43.5942],[3.862,43.5649],[3.7638,43.4821],[3.7601,43.4633],[3.759,43.4585],[3.7513,43.4548],[3.6999,43.4405],[3.7256,43.4161],[3.797,43.4412],[3.8496,43.4853],[3.9344,43.5279],[4.007,43.5517],[4.1003,43.5546],[4.1324,43.5349],[4.1499,43.5863],[4.2078,43.6122],[4.2358,43.6374],[4.2504,43.6471],[4.2509,43.6314],[4.3509,43.6515],[4.4089,43.6385],[4.4173,43.6449],[4.447,43.6918],[4.4611,43.7372],[4.5118,43.7532],[4.5614,43.7956],[4.5907,43.8045]]]},"properties":{"sector_id":27}},
{"type":"Feature","geometry":{"type":"MultiPolygon","coordinates":[[[[3.0511,42.8713],[3.0575,42.907],[3.0504,42.904],[3.0424,42.9049],[3.0424,42.8994],[3.0096,42.875],[2.9835,42.8665],[3.0511,42.8713]]],[[[2.6895,42.7014],[2.7554,42.7016],[2.8675,42.7165],[2.8902,42.7443],[2.8244,42.7776],[2.7989,42.7516],[2.8009,42.7492],[2.7868,42.7353],[2.6667,42.7017],[2.6895,42.7014]]],[[[2.9406,42.6661],[2.9929,42.6747],[3.0101,42.7071],[2.9471,42.7117],[2.8999,42.701],[2.8522,42.6603],[2.8098,42.6424],[2.7814,42.6186],[2.7227,42.636],[2.7195,42.6338],[2.7359,42.5836],[2.772,42.5505],[2.7487,42.5072],[2.8172,42.527],[2.8673,42.5556],[2.9252,42.5767],[2.9562,42.5986],[2.8992,42.6432],[2.9285,42.6746],[2.9566,42.6692],[2.9406,42.6661]]],[[[2.6602,42.7006],[2.6506,42.7033],[2.6445,42.6953],[2.6602,42.7006]]],[[[2.5727,42.6511],[2.5699,42.6541],[2.5665,42.648],[2.5727,42.6511]]],[[[2.7086,42.6389],[2.7117,42.6405],[2.7063,42.6422],[2.7086,42.6389]]],[[[3.056,42.5386],[3.0484,42.5359],[3.0598,42.5358],[3.056,42.5386]]],[[[3.0459,42.5364],[3.0442,42.5379],[3.0391,42.5359],[3.0459,42.5364]]],[[[2.7479,42.5062],[2.734,42.5046],[2.7457,42.5001],[2.7479,42.5062]]],[[[2.8167,42.4976],[2.8181,42.4987],[2.8016,42.4898],[2.8041,42.4859],[2.8034,42.488],[2.8104,42.4907],[2.8116,42.489],[2.8167,42.4976]]],[[[2.8038,42.4822],[2.7813,42.4926],[2.7829,42.4811],[2.7769,42.4804],[2.7752,42.4779],[2.8037,42.4779],[2.8038,42.4822]]],[[[2.768,42.4783],[2.7703,42.4796],[2.7672,42.4789],[2.768,42.4783]]]]},"properties":{"sector_id":28}},
{"type":"Feature","geometry":{"type":"MultiPolygon","coordinates":[[[[4.988,44.4952],[4.976,44.5014],[4.9103,44.4798],[4.8089,44.5034],[4.8209,44.4813],[4.7804,44.4571],[4.7851,44.4347],[4.7876,44.433],[4.7847,44.4297],[4.7455,44.4095],[4.7518,44.3475],[4.7465,44.3144],[4.7676,44.2899],[4.8383,44.2935],[4.8586,44.3373],[4.882,44.3596],[4.8819,44.3703],[4.8908,44.3901],[4.9102,44.4112],[4.9633,44.4235],[4.9717,44.4323],[4.9806,44.4237],[4.991,44.4245],[5.0085,44.4393],[5.0136,44.4502],[5.0082,44.482],[4.988,44.4952]]],[[[5.2052,44.2448],[5.1301,44.3215],[5.1466,44.3687],[5.0931,44.3964],[5.0281,44.4507],[5.0144,44.4492],[5.01,44.4387],[4.9986,44.4285],[4.9865,44.4212],[4.9121,44.4106],[4.8828,44.3706],[4.8892,44.3602],[4.8601,44.3352],[4.8477,44.3066],[4.8914,44.2846],[5.0107,44.302],[5.0743,44.3411],[5.1117,44.325],[5.0387,44.2902],[4.9741,44.2766],[4.9186,44.2436],[4.9639,44.2133],[5.0314,44.251],[5.0688,44.2428],[5.0845,44.2378],[5.0892,44.2297],[5.1086,44.2225],[5.1594,44.2442],[5.1918,44.2368],[5.2052,44.2448]]],[[[4.754,44.2776],[4.7137,44.2273],[4.7269,44.2014],[4.7772,44.1967],[4.8655,44.2159],[4.8041,44.2709],[4.7829,44.2788],[4.754,44.2776]]],[[[6.2604,43.8112],[6.2376,43.8221],[6.2105,43.8697],[6.1969,43.9238],[6.2304,43.9538],[6.2215,44.0089],[6.2589,44.0243],[6.2252,44.0459],[6.243,44.078],[6.1887,44.1148],[6.1575,44.1583],[6.1856,44.2017],[6.1239,44.2016],[6.1113,44.2349],[6.0298,44.2124],[6.0021,44.1867],[5.9567,44.1839],[5.9557,44.1893],[5.9531,44.1933],[5.9446,44.2015],[5.9427,44.2009],[5.9479,44.1749],[5.946,44.0988],[5.9737,44.0742],[5.9363,44.0489],[5.9135,44.0682],[5.8104,44.0644],[5.7436,44.0173],[5.7268,44.0476],[5.6722,43.9948],[5.6435,44.0001],[5.5883,43.9763],[5.5634,43.9254],[5.4988,43.9202],[5.4483,43.9285],[5.4125,43.9472],[5.3303,43.9435],[5.2155,43.9139],[5.1972,43.9235],[5.1495,43.9021],[5.1146,43.8724],[5.1121,43.8703],[5.0535,43.8783],[4.9567,43.9021],[4.9346,43.9627],[4.901,43.9871],[4.9061,43.9249],[4.8959,43.9174],[4.7909,43.9524],[4.7587,43.9512],[4.7385,43.9273],[4.6834,43.8943],[4.6538,43.9006],[4.5961,43.8835],[4.5912,43.9218],[4.5693,43.9433],[4.5791,43.9644],[4.5353,43.9837],[4.4457,43.9922],[4.4334,44.0178],[4.5063,44.0177],[4.58,44.0333],[4.4879,44.0695],[4.3809,44.0599],[4.3668,44.0522],[4.3866,44.0141],[4.3827,43.9911],[4.4394,43.9804],[4.4979,43.9505],[4.5439,43.9485],[4.5684,43.9075],[4.563,43.8888],[4.5955,43.851],[4.6447,43.8089],[4.6347,43.8115],[4.5907,43.8045],[4.5614,43.7956],[4.5118,43.7532],[4.4611,43.7372],[4.447,43.6918],[4.4173,43.6449],[4.4089,43.6385],[4.3509,43.6515],[4.2509,43.6314],[4.2504,43.6471],[4.2358,43.6374],[4.2078,43.6122],[4.1499,43.5863],[4.1324,43.5349],[4.1166,43.5087],[4.1409,43.4804],[4.2328,43.46],[4.4216,43.4475],[4.5085,43.4554],[4.5643,43.4427],[4.5963,43.4055],[4.5628,43.3721],[4.604,43.3537],[4.6606,43.3453],[4.7737,43.349],[4.8419,43.3286],[4.8867,43.357],[4.8582,43.3675],[4.8534,43.3943],[4.8766,43.4128],[4.9301,43.4331],[4.97,43.4249],[4.99,43.3898],[5.0588,43.4031],[5.1329,43.3927],[5.1897,43.3727],[5.2738,43.3924],[5.3997,43.4312],[5.4339,43.4478],[5.5092,43.4328],[5.5403,43.3932],[5.5644,43.388],[5.5806,43.3915],[5.5958,43.3912],[5.6046,43.3944],[5.6208,43.3966],[5.6544,43.3873],[5.6909,43.4165],[5.7309,43.4312],[5.7764,43.4615],[5.8269,43.443],[5.8589,43.4422],[5.8672,43.4749],[5.8921,43.5051],[5.878,43.5408],[5.8507,43.5672],[5.804,43.5755],[5.7516,43.5637],[5.6328,43.5465],[5.5492,43.5489],[5.5023,43.5722],[5.4925,43.6074],[5.5402,43.6432],[5.5575,43.6388],[5.5728,43.6238],[5.6656,43.5802],[5.7765,43.6041],[5.8109,43.5903],[5.8599,43.5921],[5.8667,43.6048],[5.798,43.6122],[5.8043,43.6336],[5.8598,43.6278],[5.8644,43.6472],[5.7663,43.6375],[5.7626,43.6189],[5.7012,43.6309],[5.6983,43.615],[5.6487,43.6034],[5.6523,43.6299],[5.6987,43.6607],[5.7028,43.677],[5.7445,43.7178],[5.8398,43.7223],[5.9161,43.7582],[5.9777,43.7424],[6.0258,43.7076],[6.059,43.7063],[6.0724,43.7087],[6.11,43.7513],[6.1646,43.7413],[6.2319,43.7612],[6.2604,43.8112]],[[4.8889,43.8859],[4.8833,43.8449],[4.8457,43.799],[4.8877,43.7784],[4.9521,43.7725],[5.0122,43.8146],[5.0342,43.8114],[5.054,43.7564],[4.9947,43.7252],[5.0065,43.6938],[4.907,43.6986],[4.8941,43.6608],[4.8273,43.663],[4.7611,43.6898],[4.7149,43.6919],[4.6909,43.6773],[4.6548,43.6795],[4.6572,43.7114],[4.6969,43.7447],[4.7012,43.7733],[4.8361,43.813],[4.8545,43.8839],[4.8889,43.8859]],[[5.4923,43.8399],[5.4967,43.8379],[5.545,43.8272],[5.589,43.8362],[5.6382,43.8339],[5.6479,43.7955],[5.5875,43.8023],[5.5613,43.7905],[5.4824,43.8016],[5.4196,43.7898],[5.3556,43.7857],[5.334,43.7718],[5.2282,43.7595],[5.1619,43.7643],[5.1187,43.7769],[5.0815,43.8183],[5.1185,43.8475],[5.1948,43.8174],[5.2964,43.8132],[5.3269,43.7936],[5.3573,43.8102],[5.3491,43.8092],[5.4923,43.8399]],[[5.6694,43.7648],[5.6775,43.7662],[5.6665,43.7158],[5.6408,43.7178],[5.5898,43.7441],[5.6694,43.7648]],[[5.6702,43.697],[5.6061,43.662],[5.577,43.678],[5.6147,43.7026],[5.6702,43.697]],[[4.7667,43.8929],[4.7662,43.8834],[4.749,43.8436],[4.6866,43.8201],[4.6784,43.8442],[4.7041,43.8946],[4.7667,43.8929]]],[[[5.1682,44.2246],[5.1062,44.2182],[5.0895,44.2257],[5.0804,44.2372],[5.0516,44.2369],[5.0408,44.2446],[5.0163,44.2423],[4.9552,44.13],[4.9312,44.114],[4.9661,44.0863],[4.9412,44.0595],[4.9455,44.0419],[5.0102,44.0269],[5.0499,44.0387],[5.0974,44.0267],[5.0444,43.9857],[5.0399,43.9637],[5.0696,43.9452],[5.1061,43.9051],[5.1115,43.8953],[5.11,43.884],[5.113,43.8889],[5.1272,43.9051],[5.1267,43.9548],[5.1858,43.9901],[5.2411,44.0537],[5.2384,44.0595],[5.2412,44.0766],[5.2444,44.0802],[5.2411,44.117],[5.2058,44.1404],[5.1355,44.146],[5.1373,44.1634],[5.1929,44.1779],[5.1682,44.2246]]],[[[5.1823,44.2331],[5.1734,44.2273],[5.19,44.2351],[5.1823,44.2331]]],[[[4.8743,44.1125],[4.8658,44.1142],[4.8345,44.0855],[4.8131,44.0979],[4.7803,44.0758],[4.8036,44.0511],[4.8779,44.0345],[4.8936,44.0564],[4.8743,44.1125]]]]},"properties":{"sector_id":29}},
{"type":"Feature","geometry":{"type":"MultiPolygon","coordinates":[[[[5.9479,44.1749],[5.9079,44.1696],[5.9167,44.1248],[5.8506,44.1165],[5.7627,44.1316],[5.6684,44.1583],[5.5864,44.1673],[5.5504,44.1843],[5.5166,44.1817],[5.4772,44.2068],[5.4849,44.2529],[5.5706,44.2608],[5.5447,44.2962],[5.5795,44.3215],[5.5845,44.3483],[5.5642,44.387],[5.5862,44.4011],[5.58,44.4329],[5.6083,44.4483],[5.6258,44.4982],[5.6603,44.5022],[5.6266,44.5346],[5.5975,44.5429],[5.6077,44.5694],[5.6451,44.6091],[5.6432,44.6548],[5.6698,44.6536],[5.6749,44.6895],[5.6341,44.7574],[5.5736,44.7727],[5.5007,44.7655],[5.463,44.7309],[5.4505,44.7704],[5.4575,44.8005],[5.4802,44.8225],[5.3495,44.8323],[5.3433,44.865],[5.3031,44.9023],[5.2592,44.852],[5.2068,44.8695],[5.2148,44.8128],[5.2016,44.7564],[5.1381,44.7551],[5.1019,44.8155],[5.0804,44.7745],[5.0477,44.7803],[5.0335,44.7286],[5.0513,44.7169],[5.0322,44.7204],[5.0291,44.7012],[4.9847,44.654],[4.9405,44.6544],[4.8787,44.7034],[4.8863,44.7504],[4.8416,44.7636],[4.7796,44.7177],[4.8105,44.6714],[4.7548,44.6136],[4.756,44.5672],[4.7867,44.5679],[4.8148,44.6126],[4.8415,44.6102],[4.8749,44.6295],[4.8819,44.6527],[4.9193,44.6588],[4.9664,44.6347],[4.9656,44.5891],[4.9303,44.5563],[4.9312,44.5269],[4.8874,44.5388],[4.8236,44.5379],[4.7716,44.5009],[4.7613,44.4534],[4.768,44.4452],[4.7712,44.4382],[4.7813,44.4373],[4.7851,44.4347],[4.7804,44.4571],[4.8209,44.4813],[4.8089,44.5034],[4.9103,44.4798],[4.976,44.5014],[4.988,44.4952],[5.0082,44.482],[5.0136,44.4502],[5.0193,44.4591],[5.0196,44.4584],[5.0144,44.4492],[5.0281,44.4507],[5.0931,44.3964],[5.1466,44.3687],[5.1301,44.3215],[5.2052,44.2448],[5.1918,44.2368],[5.2108,44.2382],[5.19,44.2351],[5.1682,44.2246],[5.1929,44.1779],[5.1373,44.1634],[5.1355,44.146],[5.2058,44.1404],[5.2411,44.117],[5.2444,44.0802],[5.2412,44.0766],[5.2384,44.0595],[5.2411,44.0537],[5.1858,43.9901],[5.1267,43.9548],[5.1272,43.9051],[5.113,43.8889],[5.1085,43.8808],[5.1183,43.8792],[5.1146,43.8724],[5.1495,43.9021],[5.1972,43.9235],[5.2155,43.9139],[5.3303,43.9435],[5.4125,43.9472],[5.4483,43.9285],[5.4988,43.9202],[5.5634,43.9254],[5.5883,43.9763],[5.6435,44.0001],[5.6722,43.9948],[5.7268,44.0476],[5.7436,44.0173],[5.8104,44.0644],[5.9135,44.0682],[5.9363,44.0489],[5.9737,44.0742],[5.946,44.0988],[5.9479,44.1749]]],[[[4.8849,44.7617],[4.8479,44.7745],[4.842,44.7715],[4.8849,44.7617]]],[[[4.7172,44.488],[4.702,44.4483],[4.7494,44.4593],[4.7642,44.4757],[4.7252,44.4981],[4.7172,44.488]]],[[[7.1908,43.8371],[7.1484,43.8541],[7.1007,43.8406],[7.0139,43.8389],[6.9162,43.846],[6.7484,43.8083],[6.7057,43.8104],[6.6619,43.7963],[6.6602,43.7618],[6.5719,43.7683],[6.5011,43.7649],[6.4454,43.7783],[6.4366,43.7992],[6.4034,43.8024],[6.3594,43.7732],[6.297,43.7672],[6.2664,43.7844],[6.2604,43.8112],[6.2319,43.7612],[6.1646,43.7413],[6.11,43.7513],[6.0724,43.7087],[6.059,43.7063],[6.0258,43.7076],[5.9777,43.7424],[5.9161,43.7582],[5.8398,43.7223],[5.7445,43.7178],[5.7028,43.677],[5.6987,43.6607],[5.6523,43.6299],[5.6487,43.6034],[5.6983,43.615],[5.7012,43.6309],[5.7626,43.6189],[5.7663,43.6375],[5.8644,43.6472],[5.8598,43.6278],[5.8043,43.6336],[5.798,43.6122],[5.8667,43.6048],[5.9056,43.6022],[5.9159,43.6528],[5.9583,43.6453],[5.9633,43.597],[6.0261,43.5632],[6.0598,43.5731],[6.1297,43.5535],[6.1451,43.5338],[6.1798,43.5668],[6.3198,43.5928],[6.3422,43.6017],[6.4244,43.5807],[6.4366,43.5603],[6.4827,43.5449],[6.4948,43.5672],[6.4323,43.6105],[6.5111,43.6343],[6.6002,43.6396],[6.6442,43.6497],[6.737,43.626],[6.7813,43.6218],[6.8041,43.6025],[6.8433,43.6466],[6.8986,43.6675],[6.9193,43.6632],[6.9885,43.7193],[7.0345,43.7014],[6.9758,43.6782],[7.0182,43.6573],[7.0049,43.6238],[7.0358,43.5769],[7.0927,43.59],[7.0941,43.5923],[7.0973,43.6247],[7.0697,43.6709],[7.1233,43.7079],[7.0986,43.724],[7.0679,43.7046],[7.0425,43.7274],[7.0963,43.7332],[7.1032,43.7347],[7.1693,43.7606],[7.1817,43.792],[7.1664,43.8205],[7.1908,43.8371]]],[[[4.7667,43.8929],[4.7041,43.8946],[4.6784,43.8442],[4.6866,43.8201],[4.749,43.8436],[4.7662,43.8834],[4.7667,43.8929]]],[[[4.8545,43.8839],[4.8361,43.813],[4.7012,43.7733],[4.6969,43.7447],[4.6572,43.7114],[4.6548,43.6795],[4.6909,43.6773],[4.7149,43.6919],[4.7611,43.6898],[4.8273,43.663],[4.8941,43.6608],[4.907,43.6986],[5.0065,43.6938],[4.9947,43.7252],[5.054,43.7564],[5.0342,43.8114],[5.0122,43.8146],[4.9521,43.7725],[4.8877,43.7784],[4.8457,43.799],[4.8833,43.8449],[4.8889,43.8859],[4.8545,43.8839]]],[[[5.4967,43.8379],[5.4923,43.8399],[5.3491,43.8092],[5.3573,43.8102],[5.3269,43.7936],[5.2964,43.8132],[5.1948,43.8174],[5.1185,43.8475],[5.0815,43.8183],[5.1187,43.7769],[5.1619,43.7643],[5.2282,43.7595],[5.334,43.7718],[5.3556,43.7857],[5.4196,43.7898],[5.4824,43.8016],[5.5613,43.7905],[5.5875,43.8023],[5.6479,43.7955],[5.6382,43.8339],[5.589,43.8362],[5.545,43.8272],[5.4967,43.8379]]],[[[5.6694,43.7648],[5.5898,43.7441],[5.6408,43.7178],[5.6665,43.7158],[5.6775,43.7662],[5.6694,43.7648]]],[[[5.6702,43.697],[5.6147,43.7026],[5.577,43.678],[5.6061,43.662],[5.6702,43.697]]],[[[7.0372,43.5381],[6.9787,43.628],[6.9403,43.6451],[6.8686,43.6465],[6.798,43.5957],[6.7098,43.6124],[6.6535,43.6298],[6.5741,43.5938],[6.5181,43.5777],[6.5292,43.5485],[6.5171,43.5295],[6.4673,43.5419],[6.4376,43.499],[6.409,43.4783],[6.3537,43.4889],[6.3126,43.4781],[6.2508,43.4929],[6.2122,43.4753],[6.2876,43.4639],[6.3363,43.4364],[6.354,43.4064],[6.4081,43.412],[6.4226,43.4573],[6.4967,43.4649],[6.5079,43.4897],[6.5526,43.5049],[6.5874,43.5759],[6.6568,43.5834],[6.6654,43.5822],[6.6683,43.5623],[6.7274,43.5833],[6.7957,43.5897],[6.8473,43.6309],[6.8812,43.6174],[6.9248,43.615],[6.9322,43.6265],[6.9548,43.6],[6.9616,43.5822],[6.9644,43.5836],[6.9632,43.5776],[6.9721,43.5692],[6.9754,43.5744],[6.975,43.569],[6.9795,43.5659],[7.0185,43.5498],[7.0372,43.5381]]],[[[6.9971,43.6177],[7.0063,43.6357],[6.9987,43.6292],[6.9971,43.6177]]],[[[5.5575,43.6388],[5.5402,43.6432],[5.4925,43.6074],[5.5023,43.5722],[5.5492,43.5489],[5.6328,43.5465],[5.7516,43.5637],[5.804,43.5755],[5.8507,43.5672],[5.878,43.5408],[5.8921,43.5051],[5.8672,43.4749],[5.8589,43.4422],[5.8269,43.443],[5.7764,43.4615],[5.7309,43.4312],[5.6909,43.4165],[5.6544,43.3873],[5.6208,43.3966],[5.6151,43.3961],[5.61,43.3929],[5.6108,43.3905],[5.6193,43.3935],[5.6256,43.3891],[5.643,43.3851],[5.6519,43.365],[5.619,43.3352],[5.6312,43.2974],[5.6199,43.2781],[5.4714,43.2856],[5.443,43.2781],[5.4195,43.2526],[5.375,43.2534],[5.3428,43.2148],[5.369,43.2073],[5.4546,43.2119],[5.5003,43.1968],[5.5316,43.2128],[5.5693,43.1749],[5.6041,43.1604],[5.6232,43.1868],[5.6505,43.1884],[5.6948,43.1641],[5.7576,43.1678],[5.7659,43.1546],[5.8495,43.1416],[5.8964,43.149],[5.9691,43.1325],[6.0115,43.1487],[6.0357,43.1892],[6.028,43.1998],[6.062,43.23],[6.0498,43.247],[6.0945,43.2852],[6.1673,43.3019],[6.214,43.2971],[6.2799,43.3119],[6.2886,43.3253],[6.2837,43.379],[6.3212,43.397],[6.2647,43.4212],[6.224,43.4163],[6.192,43.3648],[6.1397,43.3829],[6.1009,43.3778],[6.0347,43.3831],[5.9867,43.3726],[5.9789,43.3372],[6.0292,43.3305],[5.9844,43.2911],[5.9631,43.3522],[5.9769,43.3928],[6.0206,43.4164],[6.1101,43.4242],[6.1421,43.4157],[6.1819,43.417],[6.2605,43.4409],[6.2514,43.4549],[6.1167,43.4288],[6.021,43.4377],[5.9989,43.4486],[6.0163,43.4764],[6.0822,43.4739],[6.1167,43.4985],[6.0875,43.5214],[6.0284,43.4993],[5.9898,43.5558],[5.9824,43.5521],[5.9877,43.5346],[5.9812,43.5346],[5.9788,43.5439],[5.975,43.5435],[5.9773,43.5445],[5.9742,43.5439],[5.9698,43.5592],[5.9593,43.5503],[5.9567,43.5459],[5.9543,43.5324],[5.9211,43.5767],[5.8599,43.5921],[5.8109,43.5903],[5.7765,43.6041],[5.6656,43.5802],[5.5728,43.6238],[5.5575,43.6388]]],[[[7.1239,43.5587],[7.1244,43.5777],[7.1208,43.5765],[7.1172,43.5762],[7.1148,43.5707],[7.1148,43.5653],[7.1219,43.5569],[7.1239,43.5587]]],[[[6.3385,43.5582],[6.3179,43.5475],[6.2636,43.5529],[6.2841,43.5218],[6.3572,43.5005],[6.3744,43.5308],[6.3385,43.5582]]],[[[5.5644,43.388],[5.5403,43.3932],[5.5092,43.4328],[5.4339,43.4478],[5.3997,43.4312],[5.2738,43.3924],[5.1897,43.3727],[5.1329,43.3927],[5.0588,43.4031],[4.99,43.3898],[5.041,43.3273],[5.2198,43.3281],[5.3122,43.3634],[5.3468,43.3955],[5.3755,43.3621],[5.4071,43.351],[5.4477,43.3649],[5.4855,43.3417],[5.5185,43.3074],[5.5475,43.3115],[5.5843,43.349],[5.6175,43.36],[5.5624,43.3856],[5.5644,43.388]]],[[[6.1592,43.401],[6.095,43.4005],[6.1444,43.3881],[6.1592,43.401]]],[[[5.3711,43.2678],[5.3549,43.2904],[5.3761,43.2553],[5.3711,43.2678]]]]},"properties":{"sector_id":30}},
{"type":"Feature","geometry":{"type":"MultiPolygon","coordinates":[[[[9.2234,41.4349],[9.1827,41.4267],[9.1426,41.401],[9.1947,41.3675],[9.2168,41.4127],[9.2162,41.415],[9.2254,41.4233],[9.2234,41.4349]]],[[[8.916,41.682],[8.9484,41.6958],[8.916,41.6915],[8.916,41.682]]],[[[9.2996,41.6776],[9.296,41.6769],[9.3194,41.6375],[9.3077,41.6283],[9.3212,41.6202],[9.3204,41.6235],[9.3291,41.6171],[9.3384,41.6205],[9.342,41.6272],[9.3521,41.64],[9.2996,41.6776]]],[[[9.4032,41.7086],[9.3616,41.6977],[9.375,41.6961],[9.4,41.7001],[9.4032,41.7086]]],[[[8.8026,41.8963],[8.8172,41.9288],[8.7707,41.9274],[8.8026,41.8963]]],[[[8.7634,42.0497],[8.7514,42.049],[8.747,42.0502],[8.7493,42.0444],[8.7634,42.0497]]],[[[9.4036,41.8353],[9.3968,41.874],[9.4136,41.9149],[9.4135,41.9553],[9.5294,42.0855],[9.5499,42.1041],[9.5592,42.1952],[9.5526,42.2349],[9.56,42.2821],[9.5445,42.3236],[9.5028,42.2714],[9.4205,42.198],[9.4158,42.1758],[9.3559,42.0806],[9.3222,42.0498],[9.2779,42.0488],[9.3154,42.0115],[9.2922,41.9725],[9.2976,41.9221],[9.2573,41.8809],[9.2608,41.8701],[9.2387,41.8552],[9.312,41.8754],[9.3528,41.871],[9.3742,41.8449],[9.4036,41.8353]]],[[[9.539,42.4151],[9.5417,42.4579],[9.5297,42.4894],[9.5349,42.5239],[9.5273,42.5662],[9.4788,42.6203],[9.4478,42.6661],[9.4464,42.6865],[9.4338,42.6825],[9.4245,42.6264],[9.4305,42.5939],[9.4267,42.5871],[9.4444,42.5479],[9.4404,42.5196],[9.486,42.4801],[9.539,42.4151]]],[[[9.2808,42.6751],[9.3026,42.6586],[9.3391,42.6755],[9.3583,42.7123],[9.3438,42.7394],[9.3229,42.697],[9.2808,42.6751]]]]},"properties":{"sector_id":31}},
{"type":"Feature","geometry":{"type":"MultiPolygon","coordinates":[[[[-3.2443,47.3874],[-3.2628,47.3713],[-3.2497,47.3168],[-3.2341,47.3011],[-3.0866,47.2831],[-3.0934,47.3151],[-3.1386,47.329],[-3.1605,47.3624],[-3.2443,47.3874]]],[[[-1.6618,48.6087],[-1.7343,48.6272],[-1.7761,48.6224],[-1.8472,48.6345],[-1.8685,48.6488],[-1.8365,48.6798],[-1.8501,48.6993],[-1.9383,48.6947],[-1.9812,48.6819],[-1.99,48.6648],[-2.0564,48.641],[-2.1141,48.6433],[-2.1522,48.6291],[-2.1672,48.6009],[-2.223,48.5954],[-2.2893,48.6687],[-2.3132,48.6809],[-2.4067,48.6437],[-2.4387,48.6542],[-2.4889,48.6441],[-2.4938,48.6118],[-2.5475,48.5983],[-2.6379,48.5349],[-2.7216,48.5326],[-2.7261,48.5573],[-2.8169,48.5948],[-2.8272,48.6565],[-2.8892,48.7],[-2.9479,48.7271],[-2.9436,48.7576],[-3.013,48.767],[-3.0043,48.8004],[-3.0248,48.8227],[-3.0661,48.8226],[-3.0843,48.8693],[-3.1764,48.8552],[-3.2256,48.8715],[-3.2611,48.8447],[-3.3122,48.8513],[-3.399,48.8008],[-3.4407,48.7981],[-3.4803,48.8378],[-3.5398,48.8164],[-3.5839,48.771],[-3.5503,48.7482],[-3.5815,48.7223],[-3.5815,48.6703],[-3.6147,48.6846],[-3.7015,48.6899],[-3.7535,48.7097],[-3.7856,48.7018],[-3.8155,48.7162],[-3.8506,48.696],[-3.8569,48.6484],[-3.8976,48.6467],[-3.9704,48.6828],[-4.0013,48.7129],[-4.033,48.7154],[-4.0659,48.6872],[-4.1126,48.6966],[-4.1896,48.6869],[-4.2339,48.652],[-4.2869,48.6482],[-4.2961,48.6647],[-4.3535,48.6758],[-4.4337,48.65],[-4.4595,48.6294],[-4.5088,48.6226],[-4.5407,48.6364],[-4.5992,48.6082],[-4.6034,48.5857],[-4.6965,48.5705],[-4.7533,48.5439],[-4.7815,48.4977],[-4.7618,48.4684],[-4.7955,48.4126],[-4.7616,48.3784],[-4.782,48.3587],[-4.7707,48.3283],[-4.7096,48.3306],[-4.6805,48.3557],[-4.6277,48.3372],[-4.5379,48.3572],[-4.5011,48.3778],[-4.4256,48.3977],[-4.3989,48.3849],[-4.4347,48.3628],[-4.4483,48.3252],[-4.3778,48.3251],[-4.363,48.3466],[-4.321,48.3346],[-4.3071,48.2975],[-4.367,48.2782],[-4.4103,48.2764],[-4.4639,48.2935],[-4.504,48.2815],[-4.5527,48.2948],[-4.6133,48.2616],[-4.562,48.2297],[-4.5513,48.1816],[-4.5267,48.1856],[-4.5028,48.225],[-4.4644,48.2383],[-4.3178,48.2028],[-4.2761,48.1356],[-4.308,48.0906],[-4.3621,48.1092],[-4.4175,48.1067],[-4.4868,48.0869],[-4.5401,48.0877],[-4.6731,48.0616],[-4.715,48.0651],[-4.7126,48.0326],[-4.6508,48.0216],[-4.6326,48.0289],[-4.5663,47.9994],[-4.5414,48.0122],[-4.452,47.9816],[-4.3962,47.9349],[-4.3622,47.885],[-4.3472,47.8393],[-4.3815,47.821],[-4.3684,47.7946],[-4.3009,47.8006],[-4.2671,47.7901],[-4.193,47.7951],[-4.1667,47.8108],[-4.1626,47.8484],[-4.1213,47.8645],[-4.0339,47.8483],[-3.9838,47.8611],[-3.9893,47.8829],[-3.9588,47.8962],[-3.9076,47.8644],[-3.9048,47.8365],[-3.8392,47.7974],[-3.7605,47.7904],[-3.7328,47.8031],[-3.6778,47.7764],[-3.5304,47.7663],[-3.4979,47.7276],[-3.4434,47.6994],[-3.3268,47.6942],[-3.2724,47.6792],[-3.1592,47.6053],[-3.1349,47.5464],[-3.1544,47.5273],[-3.1458,47.4828],[-3.1095,47.4895],[-3.1337,47.5441],[-3.1262,47.5772],[-3.0887,47.564],[-3.052,47.5777],[-3.0039,47.5661],[-2.937,47.5678],[-2.8885,47.6032],[-2.8121,47.6224],[-2.741,47.6051],[-2.714,47.5802],[-2.7526,47.5379],[-2.8165,47.556],[-2.8507,47.5472],[-2.8975,47.5633],[-2.9128,47.5416],[-2.8722,47.5327],[-2.8351,47.491],[-2.7939,47.4837],[-2.7295,47.5063],[-2.6802,47.4948],[-2.5969,47.5167],[-2.4956,47.5184],[-2.3858,47.5387],[-2.3858,47.5827],[-2.4219,47.599],[-2.4062,47.6516],[-2.3733,47.6722],[-2.3115,47.6684],[-2.291,47.6761],[-2.2293,47.6441],[-2.1787,47.63],[-2.1602,47.6502],[-2.1256,47.6349],[-2.0934,47.638],[-2.0325,47.7156],[-2.0646,47.7255],[-2.0097,47.7765],[-1.9817,47.812],[-1.9287,47.8214],[-1.9007,47.8897],[-1.8623,47.8912],[-1.8471,47.9318],[-1.927,47.9352],[-1.927,47.9642],[-2.0048,47.9705],[-2.0544,47.9613],[-2.0996,47.9722],[-2.0844,48.0127],[-2.1073,48.0518],[-2.1546,48.0501],[-2.1867,48.0986],[-2.2412,48.1177],[-2.3414,48.1371],[-2.3795,48.1975],[-2.4601,48.2227],[-2.4707,48.2443],[-2.3699,48.2308],[-2.3387,48.2346],[-2.2872,48.2173],[-2.2512,48.2293],[-2.1906,48.2164],[-2.1551,48.2194],[-2.0906,48.2398],[-2.0842,48.2182],[-2.0276,48.2233],[-1.9909,48.2029],[-1.9559,48.2179],[-1.9049,48.2717],[-1.8441,48.2836],[-1.7593,48.2688],[-1.7532,48.3291],[-1.7629,48.3389],[-1.6874,48.4032],[-1.6733,48.4602],[-1.6154,48.4637],[-1.6102,48.5167],[-1.6204,48.5685],[-1.5505,48.576],[-1.5903,48.6044],[-1.623,48.6087],[-1.6618,48.6087]]]]},"properties":{"sector_id":32}},
{"type":"Feature","geometry":{"type":"MultiPolygon","coordinates":[[[[5.4881,47.3881],[5.328,47.3772],[5.337,47.4088],[5.2731,47.4477],[5.2318,47.4583],[5.2026,47.4305],[5.1892,47.3838],[5.1958,47.3501],[5.2373,47.3011],[5.2551,47.2557],[5.2773,47.2514],[5.2934,47.199],[5.3112,47.176],[5.3513,47.1705],[5.3668,47.2165],[5.3911,47.2366],[5.3837,47.2727],[5.4098,47.3182],[5.4452,47.3403],[5.4881,47.3881]]],[[[5.1878,47.4344],[5.1538,47.4351],[5.0882,47.3971],[5.052,47.3848],[5.0519,47.3782],[5.0386,47.3595],[5.0609,47.34],[5.057,47.308],[5.1172,47.2772],[5.1463,47.2532],[5.1743,47.2738],[5.1347,47.2875],[5.1388,47.3224],[5.1662,47.3939],[5.1837,47.4234],[5.1821,47.4303],[5.1904,47.4339],[5.1878,47.4344]]],[[[5.5829,47.3143],[5.5991,47.3294],[5.5675,47.3648],[5.5125,47.3843],[5.493,47.3295],[5.5585,47.285],[5.5829,47.3143]]],[[[5.0206,47.322],[5.0342,47.3242],[5.0374,47.3442],[5.0346,47.3463],[5.0294,47.34],[5.0206,47.322]]],[[[5.5447,47.2788],[5.527,47.2894],[5.4462,47.286],[5.4532,47.2423],[5.3937,47.1963],[5.3924,47.1497],[5.3723,47.1269],[5.3224,47.1071],[5.3355,47.0887],[5.4053,47.0703],[5.443,47.1185],[5.4574,47.1694],[5.5027,47.2161],[5.5304,47.2239],[5.5561,47.2759],[5.5447,47.2788]]],[[[5.023,46.9034],[5.0458,46.9323],[5.1001,46.9745],[5.0944,46.9916],[5.1265,47.0166],[5.106,47.0563],[5.1208,47.0796],[5.1909,47.0856],[5.2255,47.0967],[5.1741,47.1372],[5.1691,47.1708],[5.122,47.2382],[5.0624,47.2671],[5.0515,47.2888],[5.009,47.3157],[4.9725,47.2351],[4.9667,47.1888],[4.9467,47.1434],[4.9931,47.1188],[5.0085,47.0771],[4.9998,47.0263],[4.985,46.9997],[5.0341,46.9446],[5.0139,46.9112],[5.023,46.9034]]],[[[5.2327,47.1949],[5.225,47.1958],[5.1904,47.1999],[5.2013,47.1558],[5.2039,47.1454],[5.2528,47.1045],[5.2784,47.1638],[5.2327,47.1949]]],[[[5.795,47.0402],[5.7846,47.0787],[5.8043,47.094],[5.8045,47.1539],[5.6859,47.1294],[5.6221,47.1355],[5.5836,47.1215],[5.5416,47.0838],[5.4975,47.0825],[5.4806,47.0679],[5.4914,47.0473],[5.5972,47.0157],[5.7935,47.0373],[5.795,47.0402]]],[[[4.9545,47.1097],[4.9451,47.1235],[4.9454,47.1268],[4.9352,47.1114],[4.9438,47.1079],[4.9545,47.1097]]],[[[4.9292,47.1023],[4.9407,47.0934],[4.9425,47.1063],[4.9292,47.1023]]],[[[4.8161,46.9632],[4.8452,46.9519],[4.9109,46.9532],[4.9841,46.9713],[4.96,46.9899],[4.9827,47.0113],[4.9851,47.0623],[4.97,47.0734],[4.9453,47.0851],[4.9397,47.0909],[4.924,47.0988],[4.9034,47.0841],[4.8387,47.0528],[4.8172,47.014],[4.797,47.0035],[4.7419,46.9379],[4.7522,46.9187],[4.7566,46.9188],[4.8037,46.9292],[4.7917,46.9609],[4.8161,46.9632]]],[[[5.3314,46.0721],[5.326,46.173],[5.3194,46.1969],[5.3444,46.2289],[5.3822,46.3018],[5.3497,46.3407],[5.3366,46.3975],[5.3473,46.4735],[5.3715,46.4936],[5.398,46.5579],[5.4745,46.6021],[5.4733,46.6378],[5.4921,46.6683],[5.5046,46.7402],[5.5353,46.8021],[5.6067,46.8822],[5.6963,46.9555],[5.7419,46.9812],[5.794,46.9862],[5.8005,47.0237],[5.7986,47.0154],[5.7748,47.0008],[5.6435,46.9847],[5.5805,46.9852],[5.4895,47.012],[5.4523,46.989],[5.4076,46.9459],[5.2536,46.887],[5.1859,46.9269],[5.1044,46.911],[5.0501,46.8921],[5.0251,46.8686],[4.9857,46.836],[4.93,46.8099],[4.8835,46.7724],[4.8933,46.7534],[4.9447,46.72],[4.9725,46.6904],[4.962,46.6203],[4.9376,46.5921],[4.9432,46.5716],[4.9387,46.5672],[4.9371,46.5419],[4.9603,46.4992],[4.942,46.4653],[4.8994,46.4208],[4.9022,46.3789],[4.8679,46.3423],[4.8645,46.2615],[4.84,46.2392],[4.8186,46.1784],[4.82,46.1557],[4.7781,46.1028],[4.7743,46.0693],[4.7503,46.0248],[4.7589,45.9857],[4.753,45.9445],[4.8238,45.9277],[4.8282,45.8927],[4.8555,45.8299],[4.8432,45.8022],[4.8283,45.7944],[4.8167,45.7869],[4.8106,45.7777],[4.8149,45.7734],[4.8158,45.7696],[4.8419,45.7809],[4.87,45.7928],[4.9005,45.808],[5.0295,45.8463],[5.0828,45.8557],[5.1263,45.851],[5.1478,45.8755],[5.2135,45.9103],[5.2452,45.9391],[5.2556,45.9793],[5.2955,46.0048],[5.3246,46.0683],[5.3314,46.0721]]],[[[4.6811,46.5893],[4.6963,46.6114],[4.7448,46.6426],[4.8712,46.6898],[4.8921,46.7089],[4.8667,46.728],[4.8453,46.7823],[4.871,46.8112],[4.9518,46.8372],[4.9494,46.8804],[4.9638,46.9],[5.0036,46.9067],[5.0147,46.9526],[4.9742,46.9612],[4.929,46.9482],[4.86,46.9425],[4.7937,46.9143],[4.7551,46.9163],[4.751,46.905],[4.7551,46.846],[4.7385,46.8291],[4.7642,46.8],[4.7585,46.7817],[4.7165,46.7484],[4.6811,46.5893]]],[[[4.9152,46.5879],[4.9466,46.6606],[4.9203,46.7063],[4.854,46.661],[4.7605,46.6336],[4.7069,46.5963],[4.7469,46.6157],[4.7811,46.5857],[4.8186,46.6355],[4.8675,46.6531],[4.8763,46.5874],[4.9114,46.5904],[4.9152,46.5879]]]]},"properties":{"sector_id":33}},
{"type":"Feature","geometry":{"type":"MultiPolygon","coordinates":[[[[5.0322,44.7204],[4.9251,44.7379],[4.8863,44.7504],[4.8787,44.7034],[4.9405,44.6544],[4.9847,44.654],[5.0291,44.7012],[5.0322,44.7204]]],[[[5.4879,45.2105],[5.4718,45.2461],[5.4822,45.2955],[5.5064,45.3231],[5.4668,45.3368],[5.3957,45.3343],[5.3375,45.3437],[5.2996,45.337],[5.2726,45.3476],[5.1944,45.3325],[5.1845,45.3182],[5.1109,45.3336],[5.0414,45.2994],[4.9892,45.2914],[4.9614,45.2764],[4.8869,45.2629],[4.8492,45.2422],[4.8396,45.2427],[4.843,45.2281],[4.8412,45.2212],[4.83,45.2123],[4.8553,45.1863],[4.8639,45.1156],[4.8421,45.0809],[4.8384,45.0757],[4.8304,45.0757],[4.837,45.0727],[4.8655,45.0547],[4.8571,45.0447],[4.8428,45.0135],[4.8767,44.9889],[4.9047,44.9365],[4.8884,44.9061],[4.8872,44.8436],[4.8721,44.8217],[4.8637,44.806],[4.8533,44.7791],[4.8479,44.7745],[4.8849,44.7617],[4.9031,44.7669],[4.9719,44.7542],[5.0308,44.7298],[5.0335,44.7286],[5.0477,44.7803],[5.0547,44.8626],[5.0929,44.8947],[5.1313,44.9489],[5.1693,44.9719],[5.1945,45.0202],[5.2293,45.0518],[5.2937,45.0647],[5.3318,45.1254],[5.4828,45.2057],[5.4879,45.2105]]]]},"properties":{"sector_id":34}},
{"type":"Feature","geometry":{"type":"MultiPolygon","coordinates":[[[[-0.0477,48.1825],[-0.0464,48.1807],[-0.0717,48.1803],[-0.0081,48.2375],[0.0186,48.2406],[0.0206,48.2807],[0.0639,48.2949],[0.041,48.343],[0.0833,48.3589],[0.0528,48.3817],[0.0703,48.4133],[0.028,48.4332],[0.0116,48.4811],[0.0765,48.4978],[0.1463,48.5256],[0.1965,48.5205],[0.2121,48.5443],[0.1692,48.5564],[0.1326,48.5907],[0.0715,48.5836],[0.0259,48.5914],[0.0382,48.6199],[0.0068,48.669],[-0.0327,48.6675],[-0.0763,48.698],[-0.1061,48.6667],[-0.1419,48.6967],[-0.1722,48.6553],[-0.2225,48.6491],[-0.2389,48.6656],[-0.1826,48.6855],[-0.1655,48.7324],[-0.1254,48.7653],[-0.1843,48.7648],[-0.1778,48.7929],[-0.21,48.8315],[-0.3122,48.8562],[-0.2871,48.8785],[-0.1595,48.8126],[-0.1284,48.8277],[-0.0245,48.7967],[-0.0419,48.826],[-0.1621,48.8681],[-0.1977,48.8881],[-0.2163,48.917],[-0.2887,48.9189],[-0.3256,48.9547],[-0.3733,48.938],[-0.4059,48.986],[-0.4377,49.0006],[-0.4472,49.0333],[-0.4327,49.072],[-0.4753,49.0728],[-0.4737,49.0435],[-0.5154,49.0191],[-0.529,49.0544],[-0.5577,49.0744],[-0.5376,49.1025],[-0.4807,49.1275],[-0.4324,49.161],[-0.4677,49.1539],[-0.5483,49.1253],[-0.572,49.0837],[-0.6271,49.0893],[-0.644,49.1203],[-0.6067,49.1598],[-0.6199,49.1798],[-0.6206,49.1546],[-0.6946,49.1259],[-0.7314,49.1414],[-0.7544,49.1674],[-0.7692,49.2261],[-0.8071,49.2174],[-0.842,49.242],[-0.928,49.2326],[-1.003,49.2023],[-1.0934,49.2055],[-1.1413,49.149],[-1.1587,49.1408],[-1.2572,49.1416],[-1.3462,49.1621],[-1.4044,49.182],[-1.4116,49.2807],[-1.3861,49.2878],[-1.4103,49.3337],[-1.4108,49.3573],[-1.4479,49.3697],[-1.4988,49.3401],[-1.598,49.335],[-1.5632,49.3654],[-1.5361,49.358],[-1.5043,49.3768],[-1.5061,49.4279],[-1.5249,49.4477],[-1.5699,49.4468],[-1.5518,49.499],[-1.5046,49.5099],[-1.4631,49.5394],[-1.3482,49.5724],[-1.3006,49.5522],[-1.2852,49.5855],[-1.2501,49.6114],[-1.2396,49.6523],[-1.2895,49.6925],[-1.3711,49.7074],[-1.4743,49.6974],[-1.4865,49.6692],[-1.533,49.6551],[-1.6714,49.6578],[-1.7138,49.6799],[-1.7576,49.6789],[-1.8237,49.6908],[-1.8582,49.7173],[-1.8877,49.7063],[-1.9175,49.7301],[-1.949,49.707],[-1.9292,49.6686],[-1.8743,49.6572],[-1.8527,49.6339],[-1.8479,49.5659],[-1.8871,49.5267],[-1.8496,49.5029],[-1.828,49.4544],[-1.8244,49.4008],[-1.8095,49.3726],[-1.7774,49.3701],[-1.7109,49.3171],[-1.6403,49.2195],[-1.6081,49.1967],[-1.6007,49.1179],[-1.6121,49.103],[-1.5983,49.0281],[-1.5623,49.0088],[-1.5648,48.9292],[-1.5756,48.8702],[-1.5996,48.8354],[-1.5702,48.8049],[-1.5748,48.7526],[-1.5379,48.7279],[-1.5047,48.6622],[-1.5625,48.6617],[-1.684,48.6224],[-1.6618,48.6087],[-1.623,48.6087],[-1.5903,48.6044],[-1.5505,48.576],[-1.6204,48.5685],[-1.6102,48.5167],[-1.6154,48.4637],[-1.6733,48.4602],[-1.6874,48.4032],[-1.665,48.3834],[-1.6242,48.374],[-1.525,48.298],[-1.4851,48.3195],[-1.4434,48.2972],[-1.4168,48.2671],[-1.3557,48.2474],[-1.2884,48.2609],[-1.2228,48.2411],[-1.1887,48.2566],[-1.1213,48.2694],[-1.0524,48.2972],[-1.0685,48.2497],[-0.9812,48.241],[-0.9546,48.2215],[-0.9532,48.1939],[-1.0323,48.1606],[-1.0127,48.0949],[-1.0309,48.08],[-0.9215,48.0671],[-0.8763,48.0449],[-0.8927,48.0285],[-0.8764,47.9745],[-0.8503,47.9673],[-0.8499,47.9309],[-0.8018,47.9219],[-0.7724,47.9137],[-0.7616,47.9127],[-0.75,47.9166],[-0.7627,47.8937],[-0.7581,47.8607],[-0.7671,47.8259],[-0.7574,47.7966],[-0.7721,47.779],[-0.7367,47.7562],[-0.708,47.7273],[-0.7239,47.7145],[-0.694,47.616],[-0.7184,47.6086],[-0.7509,47.5658],[-0.6817,47.5431],[-0.6173,47.5312],[-0.5981,47.512],[-0.5619,47.5307],[-0.5542,47.5569],[-0.5894,47.5731],[-0.5923,47.6176],[-0.5381,47.6358],[-0.4982,47.6644],[-0.4762,47.6857],[-0.5167,47.7205],[-0.4534,47.7544],[-0.3994,47.7471],[-0.3784,47.7268],[-0.3434,47.7459],[-0.3013,47.8034],[-0.2893,47.8458],[-0.3005,47.9252],[-0.2796,47.955],[-0.2766,47.9574],[-0.2801,47.9772],[-0.2251,48.0182],[-0.2009,48.0513],[-0.1347,48.0584],[-0.1487,48.0593],[-0.1519,48.0977],[-0.1169,48.124],[-0.0681,48.1309],[-0.0739,48.1639],[-0.0678,48.1765],[-0.042,48.1783],[-0.0477,48.1825]],[[-0.6657,48.2725],[-0.667,48.2763],[-0.6538,48.2667],[-0.6612,48.2679],[-0.6657,48.2725]],[[-0.5941,48.3066],[-0.5866,48.3423],[-0.5431,48.3749],[-0.5065,48.2915],[-0.5409,48.2661],[-0.5826,48.2847],[-0.5941,48.3066]],[[-0.7887,48.3463],[-0.773,48.3631],[-0.7517,48.3478],[-0.8097,48.3251],[-0.8207,48.3289],[-0.796,48.3383],[-0.7887,48.3463]],[[-1.5173,49.1976],[-1.5538,49.2009],[-1.5834,49.2411],[-1.553,49.2543],[-1.5152,49.2278],[-1.4443,49.2248],[-1.4525,49.2092],[-1.5173,49.1976]],[[-0.6264,48.0045],[-0.5731,47.9517],[-0.6161,47.9435],[-0.6477,47.9734],[-0.6264,48.0045]],[[-0.6175,47.6921],[-0.6081,47.6906],[-0.5927,47.652],[-0.6175,47.593],[-0.6611,47.628],[-0.6628,47.6646],[-0.6251,47.67],[-0.6175,47.6921]]],[[[0.156,48.3463],[0.1974,48.3612],[0.2682,48.357],[0.3168,48.3839],[0.3295,48.4299],[0.2538,48.431],[0.1653,48.3943],[0.1286,48.3698],[0.156,48.3463]]],[[[-0.0889,48.0961],[-0.1041,48.1002],[-0.0813,48.0899],[-0.0889,48.0947],[-0.0889,48.0961]]],[[[-0.2273,47.9592],[-0.2373,47.9657],[-0.2465,47.9664],[-0.2346,47.9555],[-0.2273,47.9592]]],[[[-0.7755,47.8788],[-0.7623,47.8852],[-0.7723,47.9002],[-0.7628,47.9102],[-0.7755,47.8989],[-0.7714,47.8913],[-0.7666,47.8896],[-0.7694,47.882],[-0.7755,47.8788]]],[[[-0.7717,47.8373],[-0.7701,47.8381],[-0.7717,47.8389],[-0.7717,47.8373]]],[[[-0.771,47.8322],[-0.7714,47.8334],[-0.7713,47.8329],[-0.771,47.8322]]]]},"properties":{"sector_id":35}},
{"type":"Feature","geometry":{"type":"Polygon","coordinates":[[[1.5926,50.6616],[1.6141,50.6353],[1.6739,50.6307],[1.7299,50.6151],[1.8411,50.6687],[1.8834,50.6765],[1.9229,50.6691],[1.957,50.6837],[1.9028,50.7273],[1.8236,50.7625],[1.8086,50.8394],[1.6848,50.8644],[1.6706,50.8951],[1.6376,50.8775],[1.581,50.8696],[1.5779,50.853],[1.606,50.7919],[1.5941,50.7334],[1.5606,50.6993],[1.5703,50.6677],[1.5739,50.6648],[1.5926,50.6616]]]},"properties":{"sector_id":36}},
{"type":"Feature","geometry":{"type":"MultiPolygon","coordinates":[[[[-0.6762,46.5465],[-0.6886,46.544],[-0.7054,46.53],[-0.7049,46.5108],[-0.6639,46.5058],[-0.6762,46.5465]]],[[[-0.177,46.5565],[-0.2142,46.5873],[-0.2165,46.5839],[-0.2227,46.5513],[-0.1847,46.554],[-0.177,46.5565]]],[[[-0.1847,46.554],[-0.2221,46.5464],[-0.2118,46.5209],[-0.2581,46.5065],[-0.2538,46.5473],[-0.3114,46.5654],[-0.3246,46.5949],[-0.3687,46.5769],[-0.387,46.5907],[-0.3999,46.5854],[-0.3969,46.5611],[-0.3441,46.5497],[-0.2736,46.4847],[-0.2285,46.4582],[-0.2803,46.4445],[-0.2884,46.4605],[-0.4001,46.4955],[-0.4226,46.4858],[-0.4038,46.4972],[-0.5045,46.4937],[-0.5395,46.5197],[-0.6008,46.5089],[-0.644,46.5113],[-0.7135,46.4734],[-0.8188,46.5005],[-0.8096,46.5247],[-0.8547,46.547],[-0.8547,46.5686],[-0.9398,46.5494],[-0.9408,46.5821],[-0.9876,46.5838],[-1.0199,46.6028],[-1.0569,46.5983],[-1.1505,46.5477],[-1.2537,46.5204],[-1.2812,46.5268],[-1.3191,46.5003],[-1.3519,46.4953],[-1.361,46.4657],[-1.393,46.4657],[-1.418,46.4466],[-1.5026,46.4657],[-1.6889,46.4426],[-1.6535,46.4219],[-1.5151,46.4043],[-1.4878,46.3814],[-1.4684,46.3432],[-1.4062,46.342],[-1.3771,46.3662],[-1.3222,46.3602],[-1.2585,46.3681],[-1.2761,46.4455],[-1.2529,46.4494],[-1.2281,46.4021],[-1.1062,46.4095],[-1.0603,46.4253],[-0.9812,46.4096],[-0.9411,46.3928],[-0.8653,46.3972],[-0.6982,46.3935],[-0.6793,46.364],[-0.6528,46.3557],[-0.6116,46.3152],[-0.6155,46.2842],[-0.5679,46.2662],[-0.4896,46.2762],[-0.3965,46.2677],[-0.3463,46.237],[-0.2755,46.2097],[-0.2526,46.1756],[-0.2198,46.1532],[-0.1077,46.1085],[0.0052,46.0721],[0.0763,46.0554],[0.1375,45.9918],[0.1489,45.9605],[0.1889,45.9346],[0.2254,45.8877],[0.2257,45.869],[0.2873,45.7962],[0.2738,45.7391],[0.2936,45.7162],[0.2905,45.6678],[0.2604,45.6599],[0.277,45.6271],[0.2897,45.6153],[0.365,45.609],[0.4161,45.5736],[0.4224,45.5339],[0.4732,45.5249],[0.4976,45.5402],[0.6019,45.5184],[0.6172,45.5063],[0.6301,45.5026],[0.6344,45.4968],[0.6439,45.4984],[0.6591,45.5031],[0.6629,45.5012],[0.694,45.518],[0.6871,45.5199],[0.6516,45.5176],[0.6426,45.5432],[0.673,45.5537],[0.6248,45.5786],[0.5834,45.6336],[0.5141,45.6742],[0.571,45.7147],[0.5691,45.7185],[0.5133,45.7187],[0.5017,45.7473],[0.5191,45.7889],[0.5666,45.8134],[0.5634,45.842],[0.5871,45.8843],[0.561,45.9232],[0.6189,45.9469],[0.6326,45.9911],[0.6023,46.0062],[0.5881,46.0494],[0.568,46.0682],[0.5638,46.1034],[0.6124,46.1311],[0.654,46.1356],[0.6648,46.1752],[0.6465,46.2176],[0.6405,46.2197],[0.6021,46.2224],[0.4372,46.2657],[0.3,46.2788],[0.2461,46.2999],[0.2211,46.3289],[0.22,46.3547],[0.1898,46.3817],[0.0687,46.4294],[0.018,46.4795],[0.0132,46.5187],[-0.0036,46.536],[-0.0827,46.4946],[-0.1296,46.5317],[-0.1118,46.5478],[-0.1577,46.5703],[-0.177,46.5565],[-0.1847,46.554]]],[[[-1.21,46.7832],[-1.2154,46.7698],[-1.1536,46.7461],[-1.0546,46.678],[-0.9545,46.645],[-0.8283,46.5824],[-0.819,46.616],[-0.9267,46.6618],[-0.9838,46.6762],[-0.9911,46.7014],[-1.0293,46.7172],[-1.0165,46.7265],[-1.0841,46.7463],[-1.1584,46.7565],[-1.1768,46.7832],[-1.21,46.7832]]]]},"properties":{"sector_id":37}},
{"type":"Feature","geometry":{"type":"MultiPolygon","coordinates":[[[[5.0263,48.8386],[4.973,48.8477],[4.9645,48.8683],[4.989,48.8931],[5.0295,48.8848],[5.0899,48.9066],[5.0614,48.9564],[5.0339,48.966],[5.0393,48.9943],[5.105,49.0204],[5.1043,49.0774],[5.0696,49.111],[5.0561,49.1527],[5.0336,49.1769],[5.0299,49.2224],[4.9877,49.2635],[4.9558,49.2776],[4.9525,49.321],[4.8778,49.3349],[4.8227,49.3088],[4.7787,49.3074],[4.7719,49.3316],[4.7283,49.3627],[4.6824,49.4545],[4.613,49.4917],[4.5479,49.5161],[4.5398,49.5328],[4.4719,49.5671],[4.4501,49.5891],[4.419,49.5888],[4.3725,49.6321],[4.3225,49.637],[4.3304,49.6568],[4.4258,49.6598],[4.4915,49.6237],[4.5205,49.6253],[4.5756,49.6007],[4.6011,49.6234],[4.5457,49.6377],[4.5218,49.6328],[4.4613,49.67],[4.4315,49.7111],[4.4322,49.7352],[4.3194,49.7676],[4.2732,49.7996],[4.1469,49.8439],[4.1177,49.8608],[4.0585,49.8596],[4.0143,49.8885],[4.0129,49.9354],[4.0166,49.9419],[4.0068,49.9357],[3.9862,49.9323],[3.9034,49.8984],[4.0039,49.8769],[4.1103,49.8406],[4.2128,49.7796],[4.1947,49.7615],[4.1984,49.7287],[4.2414,49.715],[4.2077,49.6886],[4.2169,49.6449],[4.2852,49.6156],[4.3157,49.5573],[4.4248,49.5353],[4.4185,49.5032],[4.4934,49.4733],[4.5455,49.4611],[4.6063,49.4338],[4.6037,49.4109],[4.6416,49.389],[4.6308,49.3596],[4.6994,49.3129],[4.7045,49.2687],[4.7496,49.2618],[4.7441,49.2236],[4.7736,49.2115],[4.7492,49.1788],[4.7847,49.1578],[4.776,49.1404],[4.8411,49.1378],[4.8388,49.112],[4.8934,49.0837],[4.9072,49.0228],[4.8957,48.9941],[4.8822,48.9006],[4.8347,48.8993],[4.8211,48.8925],[4.8738,48.8785],[4.8282,48.8567],[4.8241,48.8344],[4.7604,48.8309],[4.7398,48.8282],[4.7065,48.8042],[4.704,48.7832],[4.6706,48.7611],[4.5759,48.7266],[4.5983,48.6768],[4.5857,48.6538],[4.5969,48.6031],[4.5689,48.5947],[4.5653,48.5491],[4.6011,48.5319],[4.5928,48.4954],[4.5172,48.4578],[4.4103,48.4429],[4.4002,48.3978],[4.3672,48.3718],[4.2736,48.3353],[4.2605,48.3133],[4.2074,48.2707],[4.1247,48.2848],[4.0994,48.282],[4.1228,48.219],[4.0588,48.181],[4.0305,48.1354],[3.9717,48.1182],[3.9564,48.1038],[3.883,48.0836],[3.8529,48.0795],[3.7571,48.0277],[3.7074,48.0309],[3.6389,47.9985],[3.59,47.9921],[3.5856,47.9765],[3.5354,47.9558],[3.4989,47.9624],[3.4763,47.94],[3.3906,47.8852],[3.3775,47.8611],[3.3898,47.8457],[3.3525,47.8436],[3.3386,47.8324],[3.3268,47.8018],[3.3602,47.8003],[3.333,47.7576],[3.2833,47.7705],[3.278,47.7433],[3.2244,47.677],[3.2017,47.6726],[3.1505,47.6214],[3.0951,47.6233],[3.0839,47.5958],[3.114,47.5609],[3.0974,47.5485],[3.0907,47.55],[3.0338,47.5475],[3.0129,47.5426],[2.979,47.5488],[2.9772,47.5534],[2.8786,47.5203],[2.8957,47.5102],[2.9208,47.4873],[2.9359,47.4383],[2.9228,47.4034],[2.9155,47.4009],[2.8842,47.3505],[2.885,47.3215],[2.958,47.2861],[2.9724,47.2896],[3.0034,47.3484],[2.9946,47.3687],[3.0391,47.4317],[3.0916,47.462],[3.122,47.455],[3.1815,47.4658],[3.1873,47.5129],[3.221,47.536],[3.2796,47.5582],[3.2916,47.5834],[3.3538,47.6218],[3.4203,47.6098],[3.4975,47.6247],[3.5335,47.64],[3.5899,47.6904],[3.5778,47.7027],[3.5892,47.7072],[3.5897,47.7408],[3.6089,47.7783],[3.5758,47.798],[3.5809,47.8169],[3.6491,47.778],[3.6677,47.8188],[3.7252,47.8294],[3.7172,47.8501],[3.7703,47.8935],[3.8407,47.8972],[3.9009,47.8893],[3.9014,47.9396],[3.9517,47.9237],[3.9928,47.9358],[3.9958,47.9765],[4.05,47.9638],[4.0791,47.9719],[4.1041,48.0053],[4.1552,48.0096],[4.1946,48.045],[4.2043,48.0712],[4.2875,48.0926],[4.3127,48.1522],[4.4475,48.164],[4.4869,48.1951],[4.4807,48.2303],[4.5775,48.2208],[4.5483,48.2797],[4.5676,48.3094],[4.6037,48.2905],[4.6305,48.307],[4.7463,48.2948],[4.7804,48.3435],[4.9083,48.3645],[4.9187,48.4033],[4.9527,48.4365],[4.9483,48.4535],[4.9992,48.4793],[5.0488,48.4291],[5.0755,48.4324],[5.0926,48.4926],[5.0677,48.5525],[5.0365,48.5687],[5.0172,48.615],[4.9663,48.6504],[5.0104,48.6749],[5.0576,48.6475],[5.0794,48.5799],[5.1022,48.5646],[5.1437,48.6074],[5.1983,48.5594],[5.2395,48.5786],[5.1501,48.6536],[5.0828,48.6577],[5.0746,48.6856],[5.0201,48.7091],[5.02,48.7805],[4.983,48.8014],[4.995,48.8196],[5.0359,48.8184],[5.0263,48.8386]]],[[[4.8297,49.3338],[4.8426,49.3651],[4.8816,49.3818],[4.8035,49.4083],[4.8139,49.4428],[4.807,49.4482],[4.7252,49.4134],[4.7217,49.3837],[4.7721,49.3535],[4.7805,49.3183],[4.8347,49.3321],[4.8297,49.3338]]]]},"properties":{"sector_id":38}},
{"type":"Feature","geometry":{"type":"MultiPolygon","coordinates":[[[[6.5609,48.0456],[6.5557,48.0329],[6.5682,48.0364],[6.5699,48.0428],[6.5609,48.0456]]],[[[7.9729,49.0308],[7.9338,49.058],[7.9132,49.0404],[7.8668,49.0332],[7.7946,49.0658],[7.7687,49.0472],[7.6745,49.045],[7.6317,49.055],[7.6007,49.0832],[7.5632,49.0805],[7.529,49.0972],[7.4903,49.142],[7.4356,49.1799],[7.3661,49.1725],[7.3624,49.1433],[7.3141,49.1376],[7.2938,49.1151],[7.2453,49.1298],[7.1588,49.1207],[7.1263,49.1419],[7.0669,49.115],[7.0452,49.1194],[7.0234,49.1892],[6.9379,49.2222],[6.8927,49.2089],[6.8593,49.2225],[6.8587,49.1749],[6.8345,49.1514],[6.7819,49.1682],[6.738,49.1634],[6.7112,49.1884],[6.6603,49.2835],[6.6158,49.3013],[6.5777,49.3375],[6.513,49.3133],[6.4349,49.2498],[6.3602,49.1568],[6.2677,49.0327],[6.2366,48.9294],[6.1455,48.74],[6.1427,48.7236],[6.1374,48.7223],[6.1355,48.7181],[6.1625,48.6937],[6.171,48.6293],[6.1473,48.6169],[6.112,48.6295],[6.0733,48.5229],[5.9768,48.4467],[5.979,48.4442],[6.0086,48.4123],[5.9805,48.3977],[5.933,48.414],[5.9161,48.4037],[5.9839,48.3927],[5.9988,48.3886],[5.9959,48.3741],[5.9172,48.3899],[5.9112,48.3999],[5.8151,48.3256],[5.8185,48.3229],[5.7958,48.3101],[5.7761,48.2936],[5.7743,48.2885],[5.7704,48.2889],[5.7519,48.2734],[5.7631,48.2651],[5.7368,48.2609],[5.735,48.2593],[5.7423,48.2425],[5.7271,48.2459],[5.7201,48.2469],[5.7048,48.2339],[5.706,48.2282],[5.7005,48.2236],[5.6958,48.2251],[5.6053,48.128],[5.6075,48.084],[5.6516,48.0226],[5.6303,48.0146],[5.6329,48.0006],[5.6423,47.9961],[5.6472,47.9958],[5.6439,47.989],[5.6412,47.975],[5.6253,47.975],[5.6106,47.9717],[5.6018,47.9658],[5.5893,47.9591],[5.573,47.9584],[5.5564,47.9491],[5.5483,47.9486],[5.5427,47.9518],[5.534,47.9415],[5.521,47.9424],[5.5118,47.9434],[5.5076,47.9367],[5.5021,47.9285],[5.5017,47.9221],[5.496,47.9113],[5.5023,47.908],[5.4976,47.9019],[5.4786,47.8947],[5.472,47.88],[5.4792,47.8724],[5.4738,47.8512],[5.4332,47.8363],[5.4052,47.8193],[5.4048,47.8064],[5.4039,47.8017],[5.2775,47.7683],[5.2132,47.7414],[5.2099,47.6953],[5.2396,47.6851],[5.3547,47.7212],[5.4248,47.7171],[5.5201,47.7272],[5.5827,47.7036],[5.6422,47.6969],[5.6785,47.7198],[5.7566,47.7368],[5.857,47.7379],[6.0043,47.7475],[6.0551,47.7312],[6.0923,47.6765],[6.071,47.6444],[6.083,47.6254],[6.1275,47.605],[6.1881,47.6182],[6.1876,47.6456],[6.2559,47.6699],[6.3013,47.663],[6.312,47.6199],[6.3425,47.6234],[6.3748,47.5975],[6.4019,47.6],[6.4389,47.5686],[6.4514,47.5622],[6.5092,47.5349],[6.5483,47.5592],[6.6198,47.5818],[6.562,47.6058],[6.641,47.6249],[6.6599,47.653],[6.6557,47.6777],[6.5844,47.7005],[6.6151,47.733],[6.562,47.7386],[6.5023,47.7583],[6.5067,47.8246],[6.451,47.8327],[6.4779,47.8602],[6.5341,47.8947],[6.5012,47.9178],[6.4524,47.9212],[6.5429,47.9776],[6.5706,47.9805],[6.5831,47.9842],[6.5742,47.9848],[6.5706,47.9874],[6.5098,48.0247],[6.5124,48.062],[6.5834,48.0657],[6.5961,48.1053],[6.6549,48.1143],[6.6302,48.1389],[6.5993,48.1436],[6.6693,48.1941],[6.6981,48.2021],[6.7606,48.1859],[6.7906,48.189],[6.8807,48.1731],[6.8861,48.1978],[6.9317,48.2012],[6.9325,48.2286],[6.9791,48.2534],[7.0072,48.2415],[7.1331,48.3422],[7.0551,48.3204],[6.9247,48.3541],[6.8864,48.3754],[7.0426,48.4166],[7.0792,48.3933],[7.1249,48.421],[7.1393,48.419],[7.1529,48.4478],[7.1295,48.4918],[7.0913,48.5141],[7.1784,48.5292],[7.2002,48.5411],[7.2543,48.5279],[7.288,48.5877],[7.309,48.5831],[7.3336,48.5155],[7.3277,48.4992],[7.3821,48.46],[7.3771,48.4183],[7.4358,48.421],[7.4136,48.375],[7.4224,48.3183],[7.4017,48.2886],[7.4355,48.3279],[7.4397,48.3613],[7.4635,48.3646],[7.4793,48.4157],[7.4729,48.4462],[7.4982,48.4772],[7.4697,48.5205],[7.5387,48.5709],[7.61,48.5544],[7.6206,48.5848],[7.6161,48.6294],[7.6695,48.6324],[7.6932,48.6715],[7.669,48.7161],[7.6293,48.7564],[7.6698,48.782],[7.7208,48.8476],[7.7952,48.9009],[7.9072,48.8999],[7.9274,48.9136],[7.9156,48.9695],[7.9395,48.982],[7.9347,49.0189],[7.9729,49.0308]],[[6.8649,48.365],[6.8978,48.3351],[6.8456,48.3269],[6.8326,48.3568],[6.8649,48.365]]],[[[6.5393,49.4032],[6.5537,49.4206],[6.4995,49.4503],[6.488,49.4239],[6.5234,49.4094],[6.5361,49.3728],[6.5691,49.3887],[6.5562,49.393],[6.5393,49.4032]]],[[[6.4774,49.4577],[6.4281,49.4769],[6.3637,49.4598],[6.3586,49.4628],[6.3578,49.4634],[6.3406,49.404],[6.4092,49.4034],[6.424,49.4023],[6.4054,49.417],[6.4259,49.4427],[6.4774,49.4577]]]]},"properties":{"sector_id":39}},
{"type":"Feature","geometry":{"type":"MultiPolygon","coordinates":[[[[5.3915,47.8029],[5.3063,47.8155],[5.271,47.8071],[5.2138,47.778],[5.1823,47.774],[5.1579,47.7207],[5.0903,47.7252],[5.0313,47.7108],[5.0127,47.6927],[4.9444,47.6797],[4.8806,47.5986],[4.8212,47.5975],[4.7979,47.5862],[4.7672,47.546],[4.7834,47.5335],[4.7423,47.4972],[4.7412,47.4564],[4.7611,47.4461],[4.7755,47.3528],[4.7016,47.3055],[4.5684,47.2623],[4.5538,47.2025],[4.5705,47.1907],[4.5825,47.1007],[4.6272,47.0656],[4.6611,47.0591],[4.6342,46.9927],[4.5797,46.9524],[4.5838,46.9177],[4.5354,46.874],[4.5254,46.8502],[4.5895,46.8485],[4.5591,46.8229],[4.5761,46.8066],[4.6448,46.874],[4.6979,46.9102],[4.7466,46.918],[4.7522,46.9187],[4.7419,46.9379],[4.797,47.0035],[4.8172,47.014],[4.8387,47.0528],[4.9034,47.0841],[4.9292,47.1023],[4.9454,47.1268],[4.9469,47.1349],[4.9467,47.1434],[4.9667,47.1888],[4.9725,47.2351],[5.009,47.3157],[5.0093,47.3219],[5.0206,47.322],[5.0294,47.34],[5.0346,47.3463],[5.0337,47.3481],[5.0386,47.3595],[5.0519,47.3782],[5.052,47.3848],[5.0882,47.3971],[5.1538,47.4351],[5.1878,47.4344],[5.2026,47.4305],[5.2318,47.4583],[5.2731,47.4477],[5.337,47.4088],[5.328,47.3772],[5.4881,47.3881],[5.5125,47.3843],[5.5675,47.3648],[5.5991,47.3294],[5.5829,47.3143],[5.5527,47.2774],[5.5561,47.2759],[5.5304,47.2239],[5.5027,47.2161],[5.4574,47.1694],[5.443,47.1185],[5.4053,47.0703],[5.4475,47.0585],[5.4806,47.0679],[5.4975,47.0825],[5.5416,47.0838],[5.5836,47.1215],[5.6221,47.1355],[5.6859,47.1294],[5.8045,47.1539],[5.8043,47.094],[5.7846,47.0787],[5.795,47.0402],[5.7977,47.0455],[5.8022,47.0369],[5.8005,47.0237],[5.794,46.9862],[5.7419,46.9812],[5.6963,46.9555],[5.6067,46.8822],[5.5353,46.8021],[5.5046,46.7402],[5.4921,46.6683],[5.4733,46.6378],[5.4745,46.6021],[5.398,46.5579],[5.3715,46.4936],[5.3473,46.4735],[5.3366,46.3975],[5.3497,46.3407],[5.3822,46.3018],[5.3444,46.2289],[5.3194,46.1969],[5.326,46.173],[5.3314,46.0721],[5.3385,46.0759],[5.3771,46.0767],[5.422,46.0468],[5.3832,46.0062],[5.3681,45.9692],[5.3792,45.9436],[5.3524,45.9075],[5.3728,45.8825],[5.3462,45.8671],[5.3274,45.8362],[5.2494,45.7566],[5.2396,45.7251],[5.2148,45.7052],[5.1553,45.6969],[5.1864,45.6918],[5.1928,45.6432],[5.2185,45.6338],[5.3007,45.6685],[5.3319,45.6902],[5.3837,45.7002],[5.3939,45.7043],[5.3948,45.6937],[5.4253,45.6889],[5.4103,45.6371],[5.3983,45.637],[5.394,45.6383],[5.3924,45.6409],[5.388,45.6385],[5.3883,45.6373],[5.3954,45.6368],[5.4017,45.6337],[5.4312,45.6288],[5.473,45.6721],[5.5333,45.7196],[5.5805,45.707],[5.6113,45.6699],[5.6149,45.6396],[5.6852,45.6454],[5.6816,45.6618],[5.6455,45.7071],[5.6489,45.7648],[5.6178,45.788],[5.6048,45.8154],[5.659,45.8246],[5.6989,45.7853],[5.7555,45.7748],[5.7032,45.8284],[5.662,45.8523],[5.6592,45.8693],[5.6459,45.8695],[5.6305,45.9123],[5.6721,46.0044],[5.7148,46.0044],[5.7289,45.9841],[5.7448,45.9168],[5.731,45.8773],[5.7441,45.863],[5.7336,45.8635],[5.7779,45.8436],[5.7923,45.8559],[5.7864,45.891],[5.8095,45.9331],[5.8062,45.9717],[5.7559,46.0082],[5.7448,46.0335],[5.7505,46.0943],[5.7744,46.1574],[5.8137,46.1974],[5.8605,46.1837],[5.8442,46.1428],[5.8639,46.1158],[5.8915,46.1192],[5.8921,46.156],[5.9194,46.2012],[5.9634,46.2206],[5.9839,46.2614],[6.0221,46.2955],[6.054,46.3569],[6.0862,46.3587],[6.1269,46.3924],[6.064,46.4162],[6.0862,46.4426],[6.0727,46.4657],[6.1566,46.5453],[6.1108,46.5765],[6.1786,46.6155],[6.2831,46.6905],[6.3523,46.7148],[6.3886,46.7435],[6.4302,46.7567],[6.4587,46.7888],[6.4348,46.8015],[6.46,46.8523],[6.4646,46.8902],[6.4327,46.9286],[6.505,46.9661],[6.6403,47.0028],[6.659,47.0267],[6.7117,47.0481],[6.7032,47.082],[6.7405,47.1095],[6.8057,47.1304],[6.8495,47.156],[6.8803,47.2005],[6.9554,47.2433],[6.9409,47.2867],[7.008,47.3011],[7.0097,47.3244],[7.0565,47.3343],[7.0494,47.3614],[7.0116,47.3728],[6.9219,47.3553],[6.8839,47.3735],[6.9384,47.406],[6.9392,47.4337],[6.9904,47.4479],[7.0075,47.5015],[6.9701,47.5304],[6.9238,47.5449],[6.9117,47.4989],[6.8911,47.4785],[6.8376,47.4811],[6.8094,47.4995],[6.8092,47.5241],[6.8456,47.5323],[6.8501,47.5415],[6.8784,47.6102],[6.9244,47.6409],[6.9305,47.6772],[6.9588,47.6877],[6.9353,47.6846],[6.8902,47.652],[6.8478,47.6373],[6.8047,47.6439],[6.7816,47.5962],[6.7571,47.5993],[6.5942,47.5202],[6.556,47.5206],[6.5272,47.4988],[6.468,47.4945],[6.4236,47.4589],[6.3759,47.4543],[6.3699,47.3893],[6.3546,47.3835],[6.3534,47.3756],[6.3359,47.4095],[6.2978,47.4392],[6.3059,47.4542],[6.4079,47.5254],[6.4358,47.5537],[6.4458,47.5595],[6.4443,47.5658],[6.4389,47.5686],[6.4019,47.6],[6.3748,47.5975],[6.3425,47.6234],[6.312,47.6199],[6.3013,47.663],[6.2559,47.6699],[6.1876,47.6456],[6.1881,47.6182],[6.1275,47.605],[6.083,47.6254],[6.071,47.6444],[6.0923,47.6765],[6.0551,47.7312],[6.0043,47.7475],[5.857,47.7379],[5.7566,47.7368],[5.6785,47.7198],[5.6422,47.6969],[5.5827,47.7036],[5.5201,47.7272],[5.4248,47.7171],[5.3547,47.7212],[5.2396,47.6851],[5.2099,47.6953],[5.2132,47.7414],[5.2775,47.7683],[5.4039,47.8017],[5.4048,47.8064],[5.3988,47.803],[5.3915,47.8029]],[[6.0299,47.3166],[5.9955,47.2997],[5.9833,47.2757],[5.9273,47.2437],[5.8088,47.1972],[5.7598,47.1889],[5.6795,47.1858],[5.6759,47.2195],[5.7404,47.2233],[5.7956,47.2356],[5.8249,47.2209],[5.8567,47.2674],[6.0357,47.322],[6.0299,47.3166]],[[5.4756,47.1343],[5.4929,47.1854],[5.5281,47.2164],[5.5843,47.227],[5.6341,47.2159],[5.5438,47.1615],[5.4959,47.14],[5.4756,47.1343]]],[[[7.1226,47.5005],[7.0675,47.5103],[7.0294,47.5012],[7.0706,47.4925],[7.1226,47.5005]]],[[[4.751,46.905],[4.7546,46.9137],[4.7486,46.9088],[4.741,46.9122],[4.723,46.907],[4.6967,46.9053],[4.64,46.8523],[4.6299,46.836],[4.6665,46.7925],[4.5988,46.7439],[4.5942,46.7216],[4.5468,46.6871],[4.5332,46.6356],[4.5383,46.5845],[4.5056,46.5565],[4.4967,46.5294],[4.5222,46.5003],[4.535,46.4503],[4.563,46.441],[4.5977,46.4035],[4.5788,46.366],[4.6453,46.4023],[4.6601,46.4253],[4.6835,46.5374],[4.6603,46.5696],[4.6811,46.5893],[4.7165,46.7484],[4.7585,46.7817],[4.7642,46.8],[4.7385,46.8291],[4.7551,46.846],[4.751,46.905]]],[[[4.9114,46.5904],[4.8763,46.5874],[4.8675,46.6531],[4.8186,46.6355],[4.7811,46.5857],[4.7469,46.6157],[4.7069,46.5963],[4.6764,46.5638],[4.6933,46.5172],[4.7209,46.5172],[4.7186,46.4442],[4.75,46.4775],[4.7429,46.508],[4.7667,46.5642],[4.7928,46.5598],[4.7518,46.4816],[4.7446,46.4428],[4.6818,46.4011],[4.675,46.3444],[4.7089,46.3044],[4.703,46.272],[4.7553,46.2547],[4.7381,46.1895],[4.7697,46.2157],[4.7953,46.2762],[4.8366,46.3067],[4.8521,46.36],[4.8843,46.4067],[4.8761,46.4396],[4.9066,46.4688],[4.9037,46.4859],[4.9343,46.5181],[4.9084,46.5718],[4.9114,46.5904]]],[[[4.9371,46.5419],[4.9387,46.5672],[4.9289,46.5607],[4.9371,46.5419]]],[[[4.5756,46.3651],[4.5754,46.3726],[4.563,46.3752],[4.5483,46.353],[4.5647,46.3446],[4.5719,46.3617],[4.5708,46.3643],[4.5756,46.3651]]],[[[4.6768,46.1267],[4.7053,46.1313],[4.7395,46.1844],[4.7352,46.1841],[4.7064,46.1667],[4.6768,46.1267]]],[[[4.6895,45.8612],[4.7121,45.935],[4.7042,46.0095],[4.6784,46.0151],[4.6726,46.065],[4.6766,46.1222],[4.658,46.0582],[4.6065,45.9943],[4.5855,45.993],[4.5799,45.9565],[4.5622,45.9382],[4.5914,45.8975],[4.603,45.8895],[4.5975,45.9358],[4.6003,45.9208],[4.6113,45.889],[4.6274,45.8866],[4.6488,45.8738],[4.6666,45.8641],[4.6726,45.8684],[4.6714,45.8619],[4.6814,45.8573],[4.6895,45.8612]]],[[[4.6321,45.8806],[4.6096,45.886],[4.5998,45.8724],[4.6024,45.8708],[4.5895,45.8534],[4.6126,45.8378],[4.6581,45.8659],[4.6321,45.8806]]],[[[5.2335,45.5938],[5.1759,45.6109],[5.1245,45.637],[5.1017,45.6268],[5.1477,45.6041],[5.1991,45.5912],[5.2335,45.5938]]]]},"properties":{"sector_id":40}},
{"type":"Feature","geometry":{"type":"MultiPolygon","coordinates":[[[[7.0382,47.7614],[7.1178,47.7669],[7.1156,47.7935],[7.1042,47.8032],[7.1027,47.8067],[7.0964,47.8051],[7.0382,47.7614]]],[[[7.1336,47.5046],[7.191,47.4886],[7.1866,47.4458],[7.2549,47.4244],[7.3035,47.4389],[7.3856,47.4316],[7.4887,47.4826],[7.5314,47.5283],[7.5358,47.5551],[7.4894,47.6221],[7.4129,47.6825],[7.4044,47.717],[7.4162,47.7397],[7.3678,47.7547],[7.3302,47.7359],[7.2252,47.7347],[7.1731,47.716],[7.1522,47.7316],[7.0755,47.7521],[7.0307,47.7557],[7.0098,47.7562],[6.9861,47.7487],[6.9691,47.7306],[6.9588,47.6877],[6.9305,47.6772],[6.9244,47.6409],[6.8784,47.6102],[6.8501,47.5415],[6.8456,47.5323],[6.8092,47.5241],[6.8094,47.4995],[6.8376,47.4811],[6.8911,47.4785],[6.9117,47.4989],[6.9238,47.5449],[6.9701,47.5304],[7.0075,47.5015],[7.0294,47.5012],[7.0675,47.5103],[7.1226,47.5005],[7.1336,47.5046]]]]},"properties":{"sector_id":41}},
{"type":"Feature","geometry":{"type":"MultiPolygon","coordinates":[[[[6.4473,46.0644],[6.5006,46.0678],[6.5503,46.0504],[6.5749,46.0791],[6.505,46.0918],[6.486,46.0819],[6.4668,46.0668],[6.4473,46.0644]]],[[[6.8619,45.9034],[6.9019,45.9556],[6.8831,45.9435],[6.8708,45.9292],[6.8528,45.8995],[6.8619,45.9034]]],[[[5.6449,45.0053],[5.6691,45.0476],[5.7075,45.0481],[5.745,45.0859],[5.7085,45.1114],[5.7117,45.1327],[5.7667,45.1589],[5.7725,45.1756],[5.8619,45.2119],[5.953,45.2971],[5.9964,45.3704],[6.0114,45.4204],[6.055,45.4628],[6.0502,45.4912],[6.0979,45.5086],[6.1683,45.5528],[6.2043,45.562],[6.225,45.5407],[6.2572,45.5688],[6.349,45.6263],[6.394,45.6616],[6.3618,45.6679],[6.2891,45.6236],[6.2643,45.5999],[6.2065,45.5838],[6.177,45.5628],[6.1278,45.5617],[6.0984,45.5225],[6.054,45.4979],[6.0065,45.4985],[5.9807,45.4862],[6.0024,45.4543],[5.9748,45.3892],[5.9148,45.3041],[5.8593,45.278],[5.8738,45.264],[5.748,45.1996],[5.6943,45.2179],[5.694,45.2379],[5.6439,45.2809],[5.6169,45.2662],[5.6236,45.2523],[5.6548,45.2244],[5.6947,45.1574],[5.6619,45.0844],[5.6713,45.0702],[5.648,45.019],[5.6449,45.0053]]],[[[5.9161,45.5637],[5.9981,45.5227],[5.9835,45.5696],[5.9502,45.5829],[5.9211,45.5692],[5.9161,45.5637]]],[[[6.5614,44.7994],[6.548,44.7813],[6.573,44.7535],[6.5776,44.7301],[6.6057,44.6741],[6.6273,44.6884],[6.5866,44.7271],[6.5781,44.7558],[6.5603,44.7738],[6.5614,44.7994]]],[[[5.9427,44.2029],[5.9427,44.2009],[5.9446,44.2015],[5.9427,44.2029]]]]},"properties":{"sector_id":42}},
{"type":"Feature","geometry":{"type":"MultiPolygon","coordinates":[[[[7.2865,43.6952],[7.2548,43.7264],[7.245,43.7931],[7.2274,43.8281],[7.1908,43.8371],[7.1664,43.8205],[7.1817,43.792],[7.1693,43.7606],[7.1032,43.7347],[7.0975,43.7308],[7.0425,43.7274],[7.0679,43.7046],[7.0986,43.724],[7.1233,43.7079],[7.0697,43.6709],[7.0973,43.6247],[7.0941,43.5923],[7.0955,43.5891],[7.0905,43.5845],[7.1049,43.5747],[7.1208,43.5765],[7.1244,43.5777],[7.1245,43.5885],[7.1264,43.5925],[7.1372,43.6324],[7.1554,43.6526],[7.2135,43.6531],[7.2379,43.6861],[7.2794,43.6985],[7.2811,43.6929],[7.2865,43.6952]]],[[[6.9627,43.583],[6.9604,43.5774],[6.9653,43.5618],[6.9575,43.5635],[6.9473,43.5847],[6.9252,43.5978],[6.9185,43.5884],[6.9386,43.5719],[6.9434,43.5237],[6.9843,43.5477],[6.9728,43.5669],[6.9754,43.5744],[6.9721,43.5692],[6.9633,43.5726],[6.963,43.5802],[6.9644,43.5836],[6.9627,43.583]]],[[[7.1315,43.5692],[7.1239,43.5587],[7.1219,43.5569],[7.1226,43.5498],[7.1315,43.5692]]],[[[6.7473,43.4191],[6.7307,43.4336],[6.6834,43.442],[6.6579,43.4631],[6.5701,43.4728],[6.5654,43.4656],[6.5576,43.4467],[6.5494,43.4448],[6.5172,43.4289],[6.5249,43.4315],[6.5565,43.4427],[6.5688,43.458],[6.6061,43.4589],[6.6621,43.4379],[6.7277,43.3925],[6.7473,43.4191]]],[[[5.375,43.2534],[5.4195,43.2526],[5.443,43.2781],[5.4714,43.2856],[5.6199,43.2781],[5.6312,43.2974],[5.619,43.3352],[5.6519,43.365],[5.643,43.3851],[5.6256,43.3891],[5.6193,43.3935],[5.6108,43.3905],[5.61,43.3929],[5.6151,43.3961],[5.5958,43.3912],[5.5806,43.3915],[5.5624,43.3856],[5.6175,43.36],[5.5843,43.349],[5.5475,43.3115],[5.5185,43.3074],[5.4855,43.3417],[5.4477,43.3649],[5.4071,43.351],[5.3755,43.3621],[5.3468,43.3955],[5.3122,43.3634],[5.3607,43.3091],[5.3549,43.2904],[5.3711,43.2678],[5.3761,43.2553],[5.375,43.2534]]],[[[6.5932,43.2833],[6.5397,43.2753],[6.5498,43.2438],[6.5912,43.263],[6.5932,43.2833]]],[[[6.2065,43.1162],[6.148,43.1529],[6.1075,43.1489],[6.0682,43.1622],[6.0311,43.1964],[6.0367,43.1904],[6.0613,43.1575],[6.0208,43.1388],[6.0023,43.1091],[6.0475,43.1078],[6.0775,43.1417],[6.1237,43.1498],[6.1548,43.1244],[6.123,43.1114],[6.1382,43.0843],[6.2065,43.1162]]]]},"properties":{"sector_id":43}},
{"type":"Feature","geometry":{"type":"MultiPolygon","coordinates":[[[[-0.7001,45.0112],[-0.7571,45.0303],[-0.7335,44.8832],[-0.7353,44.7797],[-0.7015,44.7251],[-0.6772,44.7008],[-0.6125,44.6567],[-0.6092,44.6186],[-0.6276,44.5966],[-0.5261,44.6021],[-0.4835,44.593],[-0.4086,44.5563],[-0.3695,44.5201],[-0.348,44.5372],[-0.2724,44.5315],[-0.1767,44.4881],[-0.1971,44.4719],[-0.1742,44.4467],[-0.1997,44.4349],[-0.2082,44.4312],[-0.1368,44.4249],[-0.095,44.4073],[-0.0458,44.4025],[0.0054,44.3795],[0.0208,44.3602],[0.0821,44.3707],[0.1019,44.418],[0.0892,44.4831],[0.0806,44.4889],[0.0101,44.5339],[-0.0219,44.5637],[-0.0899,44.5525],[-0.1572,44.5633],[-0.2315,44.5535],[-0.2807,44.5645],[-0.3266,44.6159],[-0.3368,44.6417],[-0.4152,44.6967],[-0.4673,44.7154],[-0.4973,44.7126],[-0.5248,44.7339],[-0.539,44.7644],[-0.5697,44.7832],[-0.5427,44.816],[-0.5722,44.8356],[-0.5884,44.8829],[-0.6182,44.903],[-0.6429,44.9386],[-0.7001,45.0112]]],[[[-0.495,44.9217],[-0.5137,44.9186],[-0.5182,44.9168],[-0.5232,44.892],[-0.5314,44.8789],[-0.5343,44.8782],[-0.5325,44.847],[-0.504,44.8084],[-0.4809,44.7397],[-0.3713,44.694],[-0.354,44.6639],[-0.2993,44.6212],[-0.2837,44.5908],[-0.2301,44.5624],[-0.1347,44.5823],[-0.1067,44.5863],[-0.0938,44.6198],[-0.023,44.6441],[0.0239,44.6466],[0.0736,44.6679],[0.0757,44.6852],[0.1152,44.6933],[0.1263,44.7114],[0.1982,44.7035],[0.1697,44.741],[0.129,44.7426],[0.1277,44.7727],[0.1013,44.7912],[0.0011,44.816],[-0.0549,44.7839],[-0.1168,44.8096],[-0.1479,44.8056],[-0.1674,44.8213],[-0.2066,44.8164],[-0.2906,44.8517],[-0.3491,44.8661],[-0.3756,44.8834],[-0.449,44.8969],[-0.503,44.8892],[-0.495,44.9217]]],[[[0.1562,44.8014],[0.1149,44.8091],[0.1327,44.7649],[0.1869,44.7746],[0.1562,44.8014]]]]},"properties":{"sector_id":44}},
{"type":"Feature","geometry":{"type":"Polygon","coordinates":[[[4.0485,50.3276],[4.027,50.3569],[3.968,50.3503],[3.9043,50.3275],[3.8685,50.296],[3.8683,50.2707],[3.8118,50.2569],[3.7501,50.2586],[3.6984,50.2215],[3.7568,50.2019],[3.7514,50.1779],[3.7145,50.1705],[3.6929,50.1371],[3.6366,50.1174],[3.6811,50.0872],[3.6511,50.0732],[3.6432,50.0444],[3.6705,50.0344],[3.6746,50.0218],[3.7407,50.0406],[3.8342,50.0477],[3.8426,50.0418],[3.9413,50.0245],[3.9186,50.0022],[4.0346,49.9852],[4.0567,49.9854],[4.0882,49.9709],[4.1336,49.976],[4.1631,49.9948],[4.1354,50.0152],[4.1622,50.049],[4.2175,50.0606],[4.2249,50.0856],[4.2012,50.1008],[4.1966,50.1354],[4.1269,50.1349],[4.151,50.1586],[4.1732,50.2181],[4.222,50.2564],[4.2075,50.2731],[4.151,50.2781],[4.0972,50.3132],[4.0731,50.3081],[4.0485,50.3276]]]},"properties":{"sector_id":45}},
{"type":"Feature","geometry":{"type":"MultiPolygon","coordinates":[[[[-0.5941,48.3066],[-0.5826,48.2847],[-0.5409,48.2661],[-0.5065,48.2915],[-0.5431,48.3749],[-0.5866,48.3423],[-0.5941,48.3066]]],[[[-0.8097,48.3251],[-0.7517,48.3478],[-0.773,48.3631],[-0.7887,48.3463],[-0.796,48.3383],[-0.8207,48.3289],[-0.8097,48.3251]]],[[[-0.6538,48.2667],[-0.667,48.2763],[-0.6657,48.2725],[-0.6612,48.2679],[-0.6538,48.2667]]],[[[-1.7467,48.0963],[-1.7569,48.1049],[-1.7749,48.088],[-1.7181,48.026],[-1.6909,48.0374],[-1.697,48.067],[-1.7467,48.0963]]],[[[-0.6264,48.0045],[-0.6477,47.9734],[-0.6161,47.9435],[-0.5731,47.9517],[-0.6264,48.0045]]],[[[-0.7367,47.7562],[-0.7721,47.779],[-0.7574,47.7966],[-0.7671,47.8259],[-0.7581,47.8607],[-0.7627,47.8937],[-0.75,47.9166],[-0.7616,47.9127],[-0.7724,47.9137],[-0.7658,47.91],[-0.7628,47.9102],[-0.7723,47.9002],[-0.7623,47.8852],[-0.7755,47.8788],[-0.7674,47.8887],[-0.7714,47.8913],[-0.7761,47.8829],[-0.7866,47.8878],[-0.7851,47.8733],[-0.7783,47.8625],[-0.7879,47.8293],[-0.7866,47.783],[-0.7486,47.758],[-0.7471,47.7527],[-0.7367,47.7562]],[[-0.7726,47.8605],[-0.7736,47.8631],[-0.7675,47.8578],[-0.7726,47.8605]],[[-0.7701,47.8381],[-0.7717,47.8373],[-0.7734,47.8389],[-0.7701,47.8381]]],[[[-1.0836,47.697],[-1.1564,47.6911],[-1.1494,47.6773],[-1.0937,47.6835],[-1.0836,47.697]]],[[[-0.6081,47.6906],[-0.6175,47.6921],[-0.6251,47.67],[-0.6628,47.6646],[-0.6611,47.628],[-0.6175,47.593],[-0.5927,47.652],[-0.6081,47.6906]]],[[[-1.7289,47.4963],[-1.6965,47.4945],[-1.7086,47.5143],[-1.6993,47.5275],[-1.7747,47.5876],[-1.7957,47.5632],[-1.8591,47.5286],[-1.8852,47.4844],[-1.7868,47.4792],[-1.7677,47.4723],[-1.7309,47.5008],[-1.7101,47.4978],[-1.7289,47.4963]]],[[[-1.2151,47.5969],[-1.2572,47.6007],[-1.2545,47.594],[-1.2328,47.5896],[-1.1673,47.5742],[-1.0787,47.5711],[-1.0574,47.5699],[-1.137,47.575],[-1.2151,47.5969]]],[[[-1.293,47.5587],[-1.2908,47.5784],[-1.3273,47.5813],[-1.3481,47.5719],[-1.3325,47.5632],[-1.2554,47.5435],[-1.2551,47.533],[-1.2021,47.5208],[-1.1844,47.5226],[-1.1613,47.5365],[-1.0506,47.5132],[-0.9365,47.5253],[-0.9812,47.55],[-1.0485,47.5535],[-1.1357,47.5463],[-1.1622,47.5621],[-1.2292,47.573],[-1.2442,47.5727],[-1.271,47.5574],[-1.293,47.5587]]],[[[-1.9536,47.4107],[-1.9234,47.4334],[-1.9839,47.4786],[-2.0024,47.5015],[-2.0675,47.5143],[-2.0734,47.4826],[-2.0373,47.4594],[-1.9914,47.4672],[-1.9652,47.4121],[-1.9536,47.4107]]],[[[-1.565,47.4864],[-1.5927,47.5263],[-1.6622,47.4972],[-1.6629,47.4731],[-1.6208,47.4479],[-1.5833,47.4506],[-1.5798,47.4894],[-1.565,47.4864]]],[[[-1.5043,47.4524],[-1.5495,47.4443],[-1.5244,47.3888],[-1.4575,47.3593],[-1.4729,47.395],[-1.4649,47.441],[-1.5043,47.4524]]],[[[-1.9327,47.1573],[-2.0001,47.1561],[-1.9354,47.1087],[-1.9022,47.1188],[-1.9327,47.1573]]],[[[-1.5841,47.0369],[-1.5313,47.0463],[-1.4956,47.0647],[-1.5357,47.0963],[-1.5421,47.1193],[-1.5881,47.1622],[-1.6407,47.1548],[-1.6691,47.1716],[-1.7258,47.163],[-1.7331,47.1624],[-1.6885,47.1399],[-1.7163,47.096],[-1.7537,47.0665],[-1.7028,47.0589],[-1.614,47.0346],[-1.5972,47.0383],[-1.5841,47.0369]]],[[[-1.3692,47.122],[-1.3735,47.0643],[-1.3468,47.0478],[-1.3233,47.0685],[-1.3309,47.1151],[-1.3692,47.122]]],[[[-1.4785,47.0875],[-1.489,47.092],[-1.455,46.9999],[-1.4327,46.9725],[-1.3728,46.9643],[-1.3683,47.0174],[-1.3907,47.0558],[-1.4551,47.0718],[-1.4785,47.0875]]],[[[-2.0026,46.7355],[-1.937,46.7365],[-1.8487,46.7545],[-1.8357,46.7698],[-1.8689,46.7927],[-1.804,46.7997],[-1.8122,46.8223],[-1.9068,46.8408],[-1.9726,46.8892],[-2.0571,46.9062],[-2.0494,46.9247],[-1.997,46.9316],[-1.8995,46.9319],[-1.8716,46.9672],[-1.8059,46.9872],[-1.7455,46.9619],[-1.7241,46.9946],[-1.945,47.0367],[-2.0138,47.065],[-1.9836,47.0295],[-2.0293,47.0098],[-2.0582,46.9509],[-2.1557,46.8857],[-2.141,46.8177],[-2.0624,46.7776],[-2.0026,46.7355]],[[-1.8449,46.8019],[-1.8337,46.8076],[-1.8326,46.8057],[-1.8449,46.8019]]],[[[-1.7673,46.8188],[-1.7751,46.7848],[-1.6795,46.7918],[-1.6937,46.8116],[-1.7673,46.8188]]]]},"properties":{"sector_id":46}},
{"type":"Feature","geometry":{"type":"MultiPolygon","coordinates":[[[[2.9727,45.9],[2.9589,45.9071],[2.955,45.8995],[2.958,45.8973],[2.9221,45.8766],[2.8807,45.8692],[2.8441,45.7973],[2.8566,45.7744],[2.8873,45.7675],[2.8918,45.7649],[2.8881,45.7608],[2.8566,45.7314],[2.8395,45.6873],[2.8118,45.7207],[2.8016,45.7159],[2.8019,45.7087],[2.8103,45.7082],[2.8053,45.6956],[2.8063,45.6941],[2.8041,45.6922],[2.8049,45.6898],[2.7964,45.7084],[2.7899,45.7066],[2.7853,45.705],[2.7832,45.7101],[2.781,45.711],[2.7807,45.7029],[2.7772,45.7015],[2.7757,45.6964],[2.7246,45.6665],[2.7274,45.6533],[2.7302,45.6492],[2.7268,45.644],[2.7283,45.6423],[2.7358,45.6409],[2.7267,45.6188],[2.699,45.5831],[2.6668,45.5947],[2.6156,45.5939],[2.5998,45.5671],[2.6664,45.5613],[2.6571,45.5439],[2.7012,45.5318],[2.689,45.5065],[2.7059,45.4809],[2.797,45.4618],[2.767,45.4359],[2.758,45.3934],[2.7933,45.3866],[2.8219,45.3998],[2.8395,45.3584],[2.869,45.3298],[2.8007,45.2878],[2.7599,45.2897],[2.7578,45.32],[2.707,45.321],[2.7531,45.279],[2.7269,45.2523],[2.6249,45.28],[2.5951,45.265],[2.5289,45.296],[2.5166,45.3239],[2.4474,45.319],[2.4271,45.288],[2.3707,45.2633],[2.3323,45.3042],[2.303,45.2864],[2.2967,45.2477],[2.2753,45.2419],[2.2873,45.2184],[2.3343,45.2124],[2.3212,45.189],[2.2887,45.1738],[2.2192,45.1749],[2.2226,45.1702],[2.274,45.1153],[2.3105,45.1014],[2.3024,45.0811],[2.3724,45.0916],[2.4139,45.0906],[2.4301,45.073],[2.3988,45.056],[2.3913,45.0059],[2.4533,45.0029],[2.4221,44.9664],[2.4339,44.9356],[2.4932,44.9344],[2.5697,44.8765],[2.6023,44.8931],[2.6224,44.8743],[2.6966,44.9038],[2.7083,44.9083],[2.7544,44.9332],[2.7805,44.8853],[2.833,44.8827],[2.9185,44.9114],[2.9447,44.9283],[3.0229,44.9336],[3.0542,44.9659],[3.0177,44.9943],[3.0571,45.0581],[3.1405,45.0292],[3.1532,45.0519],[3.0751,45.0794],[3.0516,45.1049],[3.0638,45.1288],[3.0578,45.1317],[3.0579,45.1292],[3.0387,45.1427],[2.9947,45.1323],[3.0186,45.1648],[3.0001,45.229],[3.0062,45.2226],[3.0553,45.1958],[3.0997,45.236],[3.0374,45.2414],[2.9754,45.2622],[3.0175,45.2964],[3.0182,45.3451],[2.9578,45.3824],[2.9826,45.4354],[2.966,45.4609],[2.9916,45.4845],[2.988,45.5269],[2.9972,45.525],[3.0131,45.532],[3.0217,45.5266],[3.0237,45.5226],[3.0419,45.5228],[3.0515,45.5497],[3.0597,45.56],[3.1078,45.5711],[3.1207,45.5828],[3.072,45.5688],[2.9719,45.5708],[2.9437,45.5653],[2.9585,45.5418],[2.9503,45.5372],[2.9155,45.5235],[2.8925,45.5218],[2.8875,45.5373],[2.8773,45.5406],[2.8871,45.5736],[2.9455,45.5732],[2.9428,45.5746],[2.9837,45.5825],[2.996,45.5842],[3.0103,45.5859],[3.0399,45.5756],[3.0788,45.5864],[3.0306,45.5999],[3.039,45.6014],[2.9869,45.6162],[2.9688,45.6455],[3.0013,45.6509],[3.0359,45.6367],[3.0657,45.6473],[3.0684,45.6454],[3.0892,45.6539],[3.052,45.7075],[3.0005,45.722],[3,45.7468],[3.0719,45.7531],[3.0437,45.7776],[3.0433,45.7993],[2.9986,45.8071],[3.0336,45.879],[3.0192,45.8888],[3.0069,45.8963],[2.9849,45.8997],[2.9819,45.8986],[2.9809,45.9],[2.9727,45.9]],[[2.2502,45.0652],[2.247,45.0693],[2.2574,45.0585],[2.2523,45.0615],[2.2502,45.0652]]],[[[3.1868,45.5944],[3.2048,45.5987],[3.2079,45.6039],[3.1966,45.6051],[3.1864,45.5991],[3.1868,45.5944]]],[[[3.2029,45.5627],[3.187,45.5614],[3.2042,45.5348],[3.2442,45.5445],[3.2391,45.5492],[3.2402,45.5564],[3.2366,45.5621],[3.2029,45.5577],[3.2029,45.5627]]],[[[3.2368,45.4722],[3.249,45.5101],[3.2152,45.5085],[3.2368,45.4722]]],[[[3.1409,45.4747],[3.0993,45.5131],[3.0639,45.5004],[3.0398,45.478],[3.0278,45.4326],[3.012,45.4255],[2.9854,45.4085],[2.997,45.3833],[3.0092,45.3922],[3.0613,45.4094],[3.0574,45.4367],[3.0457,45.4386],[3.0814,45.4444],[3.1128,45.4764],[3.1409,45.4747]],[[3.0943,45.4853],[3.0782,45.4903],[3.0889,45.4959],[3.0943,45.4853]]],[[[3.1348,45.4135],[3.116,45.4258],[3.1321,45.3971],[3.1418,45.3988],[3.1348,45.4135]]],[[[3.2354,45.3758],[3.2254,45.4106],[3.1801,45.4038],[3.1678,45.4],[3.1561,45.3994],[3.1819,45.382],[3.2354,45.3758]]],[[[3.4242,45.3164],[3.4232,45.3265],[3.4171,45.3224],[3.4186,45.3175],[3.4242,45.3164]]],[[[3.9343,45.2851],[3.9392,45.2818],[3.939,45.2803],[3.9474,45.2776],[3.9553,45.2839],[3.9436,45.2985],[3.9187,45.3024],[3.9205,45.2995],[3.9333,45.2873],[3.9332,45.2894],[3.9345,45.2867],[3.9343,45.2851]]],[[[3.1729,45.252],[3.181,45.2605],[3.1698,45.2594],[3.1604,45.2514],[3.1729,45.252]]],[[[3.5183,45.2391],[3.5148,45.2476],[3.5035,45.2442],[3.5123,45.2376],[3.5183,45.2391]]],[[[3.9424,45.2422],[3.9446,45.2403],[3.9459,45.2424],[3.9437,45.2433],[3.9424,45.2422]]],[[[3.9409,45.2304],[3.9415,45.2329],[3.9407,45.2317],[3.9409,45.2304]]],[[[3.9943,45.2122],[3.996,45.2127],[3.9941,45.2141],[3.993,45.2129],[3.9943,45.2122]]],[[[4.0007,45.211],[4.0009,45.2139],[3.9979,45.212],[3.9983,45.2116],[4.0007,45.211]]],[[[3.5513,45.1964],[3.5496,45.199],[3.5372,45.2007],[3.5346,45.1957],[3.5513,45.1964]]],[[[3.5482,45.1825],[3.4955,45.2039],[3.4763,45.1965],[3.4373,45.1654],[3.4582,45.146],[3.5227,45.1591],[3.5415,45.148],[3.5502,45.1352],[3.5473,45.1007],[3.5687,45.096],[3.594,45.0298],[3.6517,45.0158],[3.6825,44.9736],[3.7054,44.9733],[3.7135,44.9264],[3.7464,44.9128],[3.741,44.847],[3.7526,44.8235],[3.8293,44.8036],[3.9137,44.7665],[3.9354,44.7964],[3.9179,44.8671],[3.9167,44.9083],[3.9126,44.9085],[3.9002,44.906],[3.8881,44.9053],[3.8898,44.9091],[3.906,44.9103],[3.9087,44.9124],[3.9073,44.9162],[3.9033,44.9159],[3.8983,44.9236],[3.8997,44.9355],[3.9017,44.9374],[3.9073,44.9458],[3.8921,44.9429],[3.8943,44.9455],[3.8981,44.9463],[3.8768,44.9868],[3.8915,45.0106],[3.9225,44.9997],[3.9317,45.0331],[3.911,45.047],[3.9048,45.0651],[3.8886,45.0674],[3.8941,45.0811],[3.9034,45.0864],[3.9,45.0901],[3.8929,45.0914],[3.8911,45.0956],[3.8733,45.0911],[3.8619,45.0773],[3.8446,45.0868],[3.8276,45.1262],[3.8147,45.1323],[3.8101,45.1319],[3.8061,45.1282],[3.8017,45.1315],[3.7872,45.1468],[3.7715,45.1379],[3.7769,45.1341],[3.7769,45.1319],[3.7709,45.1322],[3.7504,45.1453],[3.7713,45.1523],[3.7794,45.1657],[3.7604,45.174],[3.7249,45.1716],[3.723,45.1655],[3.7231,45.1626],[3.7257,45.1609],[3.7319,45.163],[3.7301,45.1582],[3.7235,45.1603],[3.7215,45.1683],[3.7209,45.1656],[3.7175,45.1523],[3.7212,45.1446],[3.6877,45.1381],[3.6275,45.1583],[3.5777,45.1565],[3.5668,45.1818],[3.5482,45.1825]],[[3.7101,45.0955],[3.6822,45.1269],[3.6903,45.1274],[3.693,45.1286],[3.6874,45.1339],[3.7112,45.1322],[3.7123,45.1293],[3.719,45.123],[3.7144,45.1191],[3.7172,45.1045],[3.722,45.1006],[3.7101,45.0955]],[[3.8203,45.0726],[3.8336,45.0732],[3.859,45.0502],[3.8951,45.0455],[3.8897,45.0188],[3.8203,45.0726]]],[[[3.8369,45.1768],[3.835,45.1836],[3.8144,45.1654],[3.8228,45.1631],[3.8369,45.1768]]],[[[4.0456,45.1596],[4.0468,45.1447],[4.0711,45.1512],[4.056,45.157],[4.0465,45.1628],[4.0456,45.1596]]],[[[3.8388,45.1588],[3.8265,45.1596],[3.8377,45.1531],[3.8388,45.1588]]],[[[3.817,45.1532],[3.811,45.1564],[3.8095,45.1455],[3.8227,45.1541],[3.817,45.1532]]],[[[3.8418,45.1437],[3.8464,45.1455],[3.8385,45.1484],[3.8374,45.1449],[3.8336,45.1431],[3.836,45.142],[3.8418,45.1437]]],[[[3.868,45.1458],[3.8559,45.1466],[3.8493,45.1434],[3.8524,45.1041],[3.8659,45.0979],[3.8722,45.1004],[3.887,45.1036],[3.8835,45.1071],[3.868,45.1458]]],[[[3.0561,45.1458],[3.0563,45.1499],[3.0518,45.1489],[3.0585,45.1332],[3.0904,45.1214],[3.0649,45.1444],[3.0561,45.1458]]],[[[4.1109,45.1312],[4.1121,45.139],[4.1085,45.1394],[4.1058,45.1278],[4.1134,45.1225],[4.1152,45.1262],[4.1109,45.1312]]],[[[3.8237,45.1302],[3.8286,45.128],[3.8288,45.1333],[3.8237,45.1302]]],[[[4.1064,45.1125],[4.1064,45.1232],[4.1002,45.1229],[4.0998,45.1168],[4.1064,45.1125]]],[[[3.1406,45.1039],[3.1279,45.1176],[3.1078,45.1286],[3.1072,45.1231],[3.1073,45.121],[3.1043,45.1202],[3.1019,45.1162],[3.1084,45.1188],[3.1255,45.1132],[3.1234,45.1034],[3.1483,45.0961],[3.1477,45.1019],[3.1446,45.1056],[3.1406,45.1039]]],[[[4.1586,45.1212],[4.1611,45.1187],[4.1628,45.1202],[4.1586,45.1212]]],[[[4.0852,45.1131],[4.0777,45.1151],[4.0828,45.1119],[4.0852,45.1131]]],[[[4.1063,45.1113],[4.1097,45.1141],[4.1065,45.1118],[4.1063,45.1113]]],[[[4.0727,45.1108],[4.0703,45.1103],[4.0707,45.113],[4.0646,45.1097],[4.0733,45.1083],[4.0727,45.1108]]],[[[4.2121,45.0736],[4.1861,45.0866],[4.1753,45.0815],[4.1664,45.0516],[4.1049,45.0288],[4.1098,45.019],[4.1153,45.0164],[4.1042,45.016],[4.1073,45.0182],[4.1073,45.0203],[4.1001,45.0131],[4.1031,45.0145],[4.1267,45.0163],[4.1257,45.0209],[4.1359,45.0121],[4.1262,45.0098],[4.118,45.0038],[4.1249,45.0022],[4.1317,45.0002],[4.1266,44.9949],[4.1394,44.9932],[4.1486,44.9901],[4.1451,44.9838],[4.1367,44.9887],[4.102,45.0031],[4.0972,44.9998],[4.0894,44.9995],[4.0969,44.9854],[4.0949,44.9838],[4.1155,44.9562],[4.1213,44.9561],[4.1152,44.9506],[4.086,44.9768],[4.078,44.9588],[4.0891,44.9482],[4.0783,44.9484],[4.0726,44.954],[4.0666,44.9489],[4.0607,44.9487],[4.0601,44.9502],[4.0559,44.9466],[4.051,44.9498],[4.0406,44.954],[4.0325,44.9489],[3.9951,44.9528],[4.0064,44.9311],[4.0087,44.9385],[4.011,44.9433],[4.0156,44.9409],[4.0128,44.939],[4.0639,44.9315],[4.0766,44.9287],[4.0984,44.8705],[4.1792,44.8859],[4.2058,44.9407],[4.2405,44.9734],[4.2887,44.9885],[4.2949,45.0128],[4.1973,45.021],[4.19,45.0246],[4.2119,45.023],[4.2199,45.037],[4.2129,45.039],[4.2078,45.0375],[4.213,45.0393],[4.2037,45.043],[4.2017,45.0473],[4.2089,45.0519],[4.2234,45.0503],[4.2138,45.0763],[4.2121,45.0736]]],[[[3.9407,45.0821],[3.9365,45.0825],[3.9364,45.0793],[3.9414,45.0801],[3.9407,45.0821]]],[[[3.9982,45.0652],[4.009,45.0732],[3.9888,45.0695],[3.9982,45.0652]]],[[[4.0501,45.0485],[4.0376,45.0512],[4.0379,45.0478],[4.0444,45.0433],[4.0455,45.0433],[4.0501,45.0485]]],[[[4.2385,45.0514],[4.238,45.0487],[4.2412,45.0493],[4.2385,45.0514]]],[[[3.9448,45.0452],[3.9408,45.0457],[3.9404,45.0409],[3.9491,45.041],[3.951,45.0445],[3.9497,45.0455],[3.9448,45.0452]]],[[[4.0244,45.0369],[4.017,45.0389],[4.0182,45.0319],[4.0272,45.0336],[4.0277,45.038],[4.0244,45.0369]]],[[[3.1195,45.0027],[3.1068,45.0008],[3.1168,44.9994],[3.1195,45.0027]]],[[[2.3625,44.9759],[2.3647,44.9807],[2.3561,44.9794],[2.3413,44.9696],[2.3625,44.9759]]],[[[4.0954,44.9876],[4.0921,44.9897],[4.0835,44.9873],[4.0913,44.9847],[4.0954,44.9876]]],[[[3.9447,44.9324],[3.9086,44.9256],[3.9184,44.9222],[3.9303,44.9069],[3.927,44.8935],[3.9492,44.8851],[3.9532,44.8701],[4.0121,44.8731],[4.0243,44.9052],[3.9998,44.9222],[4,44.9266],[3.9985,44.9287],[3.9947,44.9261],[3.9908,44.9262],[3.9835,44.9297],[3.9875,44.9256],[3.9496,44.9317],[3.9447,44.9324]]],[[[4.0558,44.9313],[4.0521,44.9303],[4.0559,44.93],[4.0558,44.9313]]],[[[4.0624,44.9282],[4.0587,44.9307],[4.0626,44.9264],[4.0624,44.9282]]],[[[3.9136,44.9144],[3.9132,44.9189],[3.9068,44.9174],[3.9085,44.917],[3.9136,44.9144]]],[[[4.192,44.8659],[4.1886,44.8693],[4.1417,44.8706],[4.1244,44.857],[4.1167,44.814],[4.1909,44.8225],[4.192,44.8659]]],[[[2.8544,44.6633],[2.8766,44.6112],[2.9045,44.6064],[2.9282,44.5744],[3.021,44.5693],[3.0597,44.56],[3.0533,44.5356],[3.0765,44.5227],[3.119,44.5372],[3.1039,44.5851],[3.1232,44.6267],[3.084,44.6241],[3.0562,44.6483],[3.0048,44.6644],[3.0169,44.6846],[2.985,44.6976],[2.9498,44.6878],[2.9311,44.7391],[2.8999,44.778],[2.8371,44.8047],[2.8492,44.8599],[2.8127,44.8632],[2.7977,44.8459],[2.7547,44.8429],[2.7417,44.8218],[2.7269,44.8174],[2.7914,44.8224],[2.8309,44.8089],[2.8338,44.7761],[2.7884,44.7839],[2.7737,44.7571],[2.8137,44.739],[2.7869,44.703],[2.8524,44.6852],[2.8544,44.6633]]]]},"properties":{"sector_id":47}},
{"type":"Feature","geometry":{"type":"Polygon","coordinates":[[[1.8654,50.9694],[1.8346,50.9634],[1.7262,50.9369],[1.6706,50.8951],[1.6848,50.8644],[1.8086,50.8394],[1.8236,50.7625],[1.9028,50.7273],[1.957,50.6837],[1.9229,50.6691],[1.8834,50.6765],[1.8411,50.6687],[1.7299,50.6151],[1.6739,50.6307],[1.6141,50.6353],[1.5926,50.6616],[1.5739,50.6648],[1.5703,50.6677],[1.5842,50.5362],[1.5653,50.4255],[1.5557,50.3977],[1.613,50.3603],[1.5509,50.3503],[1.5379,50.2815],[1.5831,50.2548],[1.6233,50.2141],[1.6632,50.2131],[1.6832,50.1832],[1.6461,50.1782],[1.8042,50.1125],[1.8822,50.0603],[1.9803,50.0384],[2.043,50.0138],[2.0745,49.9786],[2.1455,49.946],[2.1663,49.9491],[2.2189,49.9189],[2.299,49.9289],[2.3334,49.9967],[2.3782,50.0183],[2.3823,50.0505],[2.4226,50.0514],[2.463,50.0741],[2.5249,50.0573],[2.5399,50.0798],[2.5822,50.0964],[2.6339,50.0966],[2.6395,50.1429],[2.606,50.1724],[2.5518,50.1954],[2.5099,50.2331],[2.4723,50.2423],[2.5056,50.2721],[2.4927,50.3119],[2.4593,50.3485],[2.4751,50.3834],[2.4257,50.3987],[2.4303,50.4164],[2.3753,50.4335],[2.3471,50.4959],[2.2934,50.5238],[2.3225,50.5803],[2.2662,50.6535],[2.2056,50.6794],[2.2598,50.705],[2.3198,50.7031],[2.2914,50.7798],[2.1884,50.7972],[2.19,50.8131],[2.1234,50.8095],[2.0889,50.8284],[1.9307,50.8811],[1.913,50.9112],[1.8737,50.925],[1.8654,50.9694]]]},"properties":{"sector_id":48}},
{"type":"Feature","geometry":{"type":"MultiPolygon","coordinates":[[[[2.4381,47.767],[2.2903,47.7883],[2.2948,47.8135],[2.2516,47.8256],[2.2171,47.858],[2.1901,47.8476],[2.0993,47.8728],[2.0292,47.8607],[2.0254,47.8836],[1.9722,47.9019],[1.8688,47.895],[1.8493,47.8898],[1.7988,47.8641],[1.7708,47.863],[1.7037,47.826],[1.6818,47.7929],[1.6362,47.7763],[1.6158,47.7373],[1.5795,47.7081],[1.5785,47.6997],[1.5563,47.6874],[1.5085,47.6633],[1.4417,47.64],[1.292,47.5227],[1.3065,47.4751],[1.254,47.4584],[1.1966,47.3829],[1.202,47.3806],[1.2872,47.3713],[1.3477,47.3513],[1.3732,47.3312],[1.4365,47.3283],[1.4795,47.2904],[1.4951,47.2921],[1.5382,47.2907],[1.5654,47.2507],[1.6936,47.2358],[1.7251,47.2687],[1.7287,47.268],[1.7419,47.2753],[1.7987,47.2783],[1.8137,47.2863],[1.7618,47.2937],[1.7748,47.3251],[1.8917,47.3127],[1.9928,47.3365],[2.0804,47.3465],[2.129,47.3443],[2.148,47.3358],[2.2343,47.3175],[2.2488,47.3015],[2.2578,47.3115],[2.2955,47.3295],[2.2839,47.4002],[2.306,47.4128],[2.3063,47.4489],[2.3305,47.4533],[2.3378,47.4985],[2.3713,47.5499],[2.4238,47.5512],[2.5165,47.5994],[2.5381,47.6189],[2.5855,47.6137],[2.6417,47.6282],[2.6738,47.6072],[2.7016,47.5714],[2.7544,47.5948],[2.7154,47.6457],[2.6706,47.6619],[2.6639,47.6681],[2.5044,47.724],[2.4806,47.7491],[2.4381,47.767]],[[2.7329,47.6049],[2.7358,47.6098],[2.7464,47.6015],[2.7456,47.6016],[2.7329,47.6049]]],[[[2.7871,47.5546],[2.7457,47.5614],[2.7707,47.5252],[2.8327,47.5292],[2.7997,47.5567],[2.7871,47.5546]]],[[[2.8097,47.5586],[2.8038,47.5696],[2.775,47.5821],[2.7816,47.5772],[2.8097,47.5586]]],[[[1.838,47.2791],[1.8529,47.2737],[1.841,47.2788],[1.838,47.2791]]]]},"properties":{"sector_id":49}},
{"type":"Feature","geometry":{"type":"MultiPolygon","coordinates":[[[[3.5905,43.4358],[3.4731,43.4106],[3.4335,43.416],[3.4415,43.409],[3.4663,43.3828],[3.4827,43.3236],[3.5252,43.2875],[3.6032,43.3559],[3.6546,43.389],[3.6203,43.4322],[3.5905,43.4358]]],[[[3.3433,43.4061],[3.4052,43.3978],[3.418,43.4227],[3.3999,43.4114],[3.334,43.4137],[3.3433,43.4061]]],[[[3.3089,43.4166],[3.2384,43.413],[3.2366,43.4105],[3.2358,43.3971],[3.2627,43.3856],[3.2763,43.3724],[3.2848,43.3718],[3.3933,43.3332],[3.4022,43.3076],[3.4348,43.3117],[3.4251,43.3506],[3.4315,43.393],[3.3547,43.3975],[3.3089,43.4166]]],[[[3.2339,43.4114],[3.1761,43.4154],[3.191,43.3946],[3.2106,43.4026],[3.2316,43.3986],[3.2339,43.4114]]],[[[3.3219,43.3552],[3.279,43.3689],[3.2723,43.33],[3.2455,43.3252],[3.2998,43.3244],[3.3518,43.2907],[3.3906,43.317],[3.3219,43.3552]]],[[[3.2695,43.2323],[3.2905,43.2579],[3.2407,43.2909],[3.2312,43.3096],[3.213,43.2338],[3.2284,43.2195],[3.2695,43.2323]]]]},"properties":{"sector_id":50}},
{"type":"Feature","geometry":{"type":"MultiPolygon","coordinates":[[[[3.9947,44.9261],[3.9869,44.9303],[3.9835,44.9297],[3.9908,44.9262],[3.9947,44.9261]]],[[[3.9071,44.9352],[3.8997,44.9355],[3.8983,44.9236],[3.9033,44.9159],[3.9132,44.9189],[3.9136,44.9144],[3.9173,44.9136],[3.9162,44.9199],[3.8997,44.9241],[3.9071,44.9352]]],[[[3.8998,44.9462],[3.8921,44.9429],[3.8992,44.9452],[3.8998,44.9462]]],[[[3.9827,44.9292],[3.9438,44.9336],[3.9496,44.9317],[3.9875,44.9256],[3.9827,44.9292]]],[[[4.8555,44.94],[4.8507,44.9461],[4.8449,44.9433],[4.8555,44.94]]],[[[3.9789,44.9838],[3.9765,44.9846],[3.9756,44.9811],[3.9789,44.9838]]],[[[4.078,44.9588],[4.03,44.9756],[4.0325,44.9489],[4.0406,44.954],[4.0563,44.9478],[4.0582,44.9507],[4.0625,44.9515],[4.0601,44.9502],[4.0607,44.9487],[4.0666,44.9489],[4.0726,44.954],[4.0783,44.9484],[4.0891,44.9482],[4.078,44.9588]]],[[[3.9502,45.0409],[3.9515,45.0463],[3.948,45.0476],[3.9388,45.046],[3.9408,45.0457],[3.9478,45.0463],[3.951,45.0445],[3.9491,45.041],[3.9502,45.0409]]],[[[3.9721,45.0214],[3.9432,45.0293],[3.9436,45.0236],[3.9455,45.0204],[3.9489,45.0194],[3.9784,45.0137],[3.9721,45.0214]]],[[[4.1042,45.1101],[4.1065,45.1118],[4.1035,45.1134],[4.1032,45.1153],[4.1019,45.1134],[4.1043,45.1125],[4.1042,45.1101]]],[[[3.7112,45.1322],[3.6874,45.1339],[3.693,45.1276],[3.6822,45.1269],[3.7101,45.0955],[3.7193,45.0999],[3.7172,45.1045],[3.7144,45.1191],[3.7156,45.1205],[3.7142,45.1257],[3.7112,45.1322]]],[[[4.83,45.2123],[4.8109,45.1957],[4.8331,45.159],[4.8177,45.1359],[4.8381,45.0951],[4.8304,45.0757],[4.8384,45.0757],[4.8421,45.0809],[4.8639,45.1156],[4.8553,45.1863],[4.83,45.2123]]],[[[3.2254,45.4106],[3.2053,45.4287],[3.1587,45.4144],[3.1221,45.4226],[3.1348,45.4135],[3.1418,45.3988],[3.1513,45.3994],[3.1694,45.4012],[3.1801,45.4038],[3.2254,45.4106]]],[[[3.0782,45.4903],[3.0943,45.4853],[3.0853,45.4935],[3.0782,45.4903]]],[[[3.2392,45.549],[3.2428,45.5471],[3.2453,45.5504],[3.2451,45.5584],[3.2399,45.5572],[3.2412,45.5561],[3.2396,45.5527],[3.2424,45.5494],[3.2392,45.549]]],[[[3.0515,45.5497],[3.0816,45.5505],[3.0926,45.5581],[3.0929,45.5678],[3.0597,45.56],[3.0515,45.5497]]],[[[4.8422,45.627],[4.8499,45.6327],[4.8199,45.6287],[4.7935,45.5853],[4.8457,45.5441],[4.8759,45.5371],[4.8639,45.5049],[4.9299,45.5193],[4.8837,45.5369],[4.8355,45.5824],[4.8422,45.627]]],[[[3.2366,45.5621],[3.2684,45.5647],[3.273,45.5929],[3.2199,45.6257],[3.203,45.605],[3.2079,45.6039],[3.2048,45.5987],[3.2298,45.5622],[3.2366,45.5621]]],[[[3.0657,45.6473],[3.0359,45.6367],[3.0013,45.6509],[2.9688,45.6455],[2.9869,45.6162],[3.039,45.6014],[3.0672,45.6044],[3.0788,45.5864],[3.0399,45.5756],[3.0103,45.5859],[2.996,45.5842],[2.9837,45.5825],[2.9847,45.5796],[2.9699,45.578],[2.9514,45.5727],[2.9455,45.5732],[2.8871,45.5736],[2.8773,45.5406],[2.8834,45.5392],[2.9243,45.546],[2.9585,45.5418],[2.9437,45.5653],[2.9719,45.5708],[3.072,45.5688],[3.0934,45.5752],[3.0719,45.6405],[3.0657,45.6473]]],[[[4.818,45.6557],[4.805,45.6867],[4.7653,45.6684],[4.782,45.6055],[4.8052,45.6333],[4.818,45.6557]]],[[[4.6814,45.8573],[4.6714,45.8619],[4.6726,45.8684],[4.6666,45.8641],[4.6617,45.8658],[4.6781,45.856],[4.6814,45.8573]]],[[[4.5975,45.9358],[4.603,45.8895],[4.6113,45.889],[4.6003,45.9208],[4.5975,45.9358]]],[[[4.1541,46.2401],[4.1091,46.2125],[4.1518,46.2018],[4.1541,46.2401]]],[[[3.7711,46.5301],[3.7501,46.534],[3.779,46.5109],[3.8651,46.4811],[3.9352,46.468],[3.9643,46.4266],[3.9852,46.4504],[3.9768,46.4739],[3.8616,46.4843],[3.7711,46.5301]]],[[[3.4798,46.7966],[3.4684,46.8039],[3.4667,46.8031],[3.4798,46.7966]]],[[[3.3438,46.761],[3.3607,46.7922],[3.2894,46.8039],[3.2964,46.7345],[3.2695,46.6839],[3.3272,46.6855],[3.3382,46.7452],[3.3438,46.761]]],[[[3.4566,46.8351],[3.5003,46.8394],[3.4924,46.8414],[3.5066,46.9053],[3.4429,46.9961],[3.4131,46.9619],[3.3968,46.8368],[3.4468,46.8402],[3.4566,46.8351]],[[3.4631,46.8376],[3.4649,46.841],[3.4802,46.8461],[3.4775,46.8387],[3.4631,46.8376]]],[[[3.5438,47.0207],[3.5391,47.0652],[3.5237,47.0826],[3.5156,47.1284],[3.4801,47.1889],[3.4947,47.2036],[3.4708,47.2533],[3.449,47.2433],[3.4377,47.2099],[3.4529,47.1248],[3.4894,47.0808],[3.5026,47.0418],[3.5308,47.0178],[3.5438,47.0207]]],[[[4.5538,47.2025],[4.4778,47.2393],[4.4171,47.2224],[4.3321,47.2386],[4.3543,47.2778],[4.3339,47.3353],[4.4061,47.3653],[4.3772,47.43],[4.3318,47.4765],[4.3359,47.5127],[4.2895,47.5213],[4.2479,47.5056],[4.1586,47.4526],[4.1256,47.474],[4.0685,47.4598],[4.0302,47.4783],[3.9837,47.4813],[3.974,47.5015],[3.8522,47.489],[3.855,47.4468],[3.8202,47.4268],[3.8027,47.4002],[3.7832,47.3388],[3.7912,47.3137],[3.7899,47.2909],[3.7685,47.2434],[3.732,47.2317],[3.7173,47.206],[3.7434,47.1608],[3.7326,47.1439],[3.8097,47.0578],[3.8023,47.0127],[3.8292,46.9809],[3.8261,46.9654],[3.8278,46.9573],[3.825,46.9507],[3.8335,46.956],[3.8447,46.9442],[3.8435,46.9389],[3.8461,46.94],[3.8455,46.9317],[3.8466,46.9277],[3.8496,46.9265],[3.8463,46.9238],[3.8464,46.9243],[3.8414,46.9208],[3.8432,46.9217],[3.841,46.8692],[3.8183,46.8227],[3.8378,46.7771],[3.8229,46.7378],[3.8406,46.6891],[3.7457,46.5886],[3.7401,46.5499],[3.8051,46.5279],[3.8376,46.5347],[3.8807,46.4992],[3.9866,46.4919],[4.1287,46.5998],[4.1423,46.5596],[4.2197,46.5973],[4.1571,46.4473],[4.1803,46.4257],[4.2122,46.4182],[4.2422,46.3916],[4.2178,46.3466],[4.1852,46.3534],[4.1782,46.3806],[4.0798,46.3245],[4.1595,46.2768],[4.2154,46.308],[4.2359,46.2595],[4.2601,46.2332],[4.2285,46.2021],[4.2561,46.1725],[4.2379,46.1534],[4.2369,46.1216],[4.2055,46.0931],[4.2145,46.0721],[4.1729,46.04],[4.1791,45.9933],[4.133,45.9795],[4.0787,45.9823],[4.0525,46.0009],[4.0198,45.9994],[3.9916,45.9813],[3.9573,45.9805],[3.9339,46.0173],[3.8984,46.1109],[3.8598,46.1806],[3.8313,46.2481],[3.8048,46.3318],[3.7881,46.3354],[3.7726,46.3955],[3.7581,46.4147],[3.6663,46.4384],[3.6411,46.4222],[3.6366,46.363],[3.6696,46.3253],[3.6601,46.2916],[3.6283,46.2498],[3.6494,46.2325],[3.6684,46.1565],[3.6337,46.1325],[3.5843,46.1403],[3.5571,46.179],[3.4714,46.1269],[3.4838,46.1081],[3.4757,46.0646],[3.493,46.0562],[3.5212,45.9899],[3.5254,45.9392],[3.545,45.8448],[3.6276,45.7451],[3.5412,45.7304],[3.5216,45.766],[3.4771,45.7698],[3.4516,45.7355],[3.3401,45.68],[3.3545,45.6589],[3.3352,45.6202],[3.3448,45.6017],[3.3471,45.604],[3.3514,45.6234],[3.4022,45.6163],[3.4064,45.5887],[3.3552,45.5598],[3.3612,45.4852],[3.3409,45.4574],[3.3102,45.4522],[3.3277,45.4489],[3.3508,45.4002],[3.3747,45.3803],[3.3884,45.3396],[3.4232,45.3265],[3.4242,45.3164],[3.4284,45.3153],[3.4768,45.2922],[3.4183,45.2705],[3.3513,45.299],[3.3369,45.2936],[3.2688,45.382],[3.2354,45.3758],[3.1819,45.382],[3.1314,45.3788],[3.1321,45.3971],[3.116,45.4258],[3.1274,45.4487],[3.1498,45.4566],[3.1256,45.4761],[3.1128,45.4764],[3.0814,45.4444],[3.0457,45.4386],[3.0574,45.4367],[3.0613,45.4094],[3.0092,45.3922],[2.997,45.3833],[2.9854,45.4085],[3.012,45.4255],[3.0278,45.4326],[3.0398,45.478],[3.0639,45.5004],[3.0696,45.503],[3.0419,45.5228],[3.0023,45.5232],[2.988,45.5269],[2.9916,45.4845],[2.966,45.4609],[2.9826,45.4354],[2.9578,45.3824],[3.0182,45.3451],[3.0175,45.2964],[2.9754,45.2622],[3.0374,45.2414],[3.0997,45.236],[3.0553,45.1958],[3.0062,45.2226],[3.0001,45.229],[3.0186,45.1648],[2.9947,45.1323],[3.0387,45.1427],[3.0579,45.1292],[3.0585,45.1332],[3.0518,45.1489],[3.0563,45.1499],[3.0561,45.1458],[3.0649,45.1444],[3.0904,45.1214],[3.096,45.114],[3.1019,45.1162],[3.1043,45.1202],[3.1073,45.121],[3.1072,45.1231],[3.1078,45.1286],[3.1279,45.1176],[3.1406,45.1039],[3.149,45.1062],[3.1797,45.0893],[3.2091,45.0526],[3.2371,45.047],[3.3239,45.011],[3.3229,44.9926],[3.3542,44.9563],[3.3634,44.9223],[3.4111,44.9085],[3.4348,44.8524],[3.463,44.8377],[3.4976,44.7996],[3.5082,44.7633],[3.5631,44.7334],[3.5447,44.6709],[3.6009,44.6418],[3.6589,44.5793],[3.7038,44.5525],[3.7361,44.5826],[3.7419,44.5852],[3.7941,44.5747],[3.8502,44.5531],[3.9063,44.5591],[3.9032,44.5809],[3.9478,44.5954],[3.9598,44.6184],[4.0507,44.6355],[4.0219,44.6655],[4.0234,44.7007],[4.0663,44.6969],[4.1551,44.7499],[4.2297,44.7762],[4.2612,44.8162],[4.2864,44.8136],[4.3084,44.8006],[4.3448,44.8079],[4.3828,44.7808],[4.4414,44.7542],[4.4656,44.7333],[4.4951,44.7593],[4.5618,44.784],[4.6033,44.7741],[4.6165,44.7482],[4.6201,44.748],[4.6504,44.7471],[4.6929,44.7633],[4.7505,44.7953],[4.777,44.801],[4.7816,44.8078],[4.8164,44.8441],[4.8211,44.8966],[4.8082,44.9163],[4.8354,44.9362],[4.8515,44.9745],[4.8347,45.0044],[4.8286,45.0482],[4.833,45.0617],[4.8003,45.1232],[4.8151,45.1549],[4.7955,45.1861],[4.8005,45.2567],[4.7854,45.3057],[4.7592,45.3229],[4.7565,45.3539],[4.7348,45.4031],[4.7547,45.4581],[4.7917,45.4862],[4.8622,45.5248],[4.8097,45.5643],[4.7698,45.5815],[4.7437,45.651],[4.7512,45.6765],[4.8067,45.6961],[4.8122,45.745],[4.8362,45.7689],[4.8158,45.7696],[4.8149,45.7734],[4.8106,45.7777],[4.8095,45.7747],[4.804,45.7867],[4.8283,45.7944],[4.8432,45.8022],[4.8254,45.8382],[4.831,45.8754],[4.8016,45.8783],[4.7333,45.8669],[4.6886,45.8452],[4.6581,45.8659],[4.6126,45.8378],[4.5895,45.8534],[4.6024,45.8708],[4.5998,45.8724],[4.6096,45.886],[4.5996,45.8869],[4.5737,45.9076],[4.5914,45.8975],[4.5622,45.9382],[4.5799,45.9565],[4.5855,45.993],[4.6065,45.9943],[4.658,46.0582],[4.6766,46.1222],[4.6768,46.1267],[4.7064,46.1667],[4.7352,46.1841],[4.7381,46.1895],[4.7553,46.2547],[4.703,46.272],[4.7089,46.3044],[4.675,46.3444],[4.6818,46.4011],[4.7446,46.4428],[4.7518,46.4816],[4.7928,46.5598],[4.7667,46.5642],[4.7429,46.508],[4.75,46.4775],[4.7186,46.4442],[4.7209,46.5172],[4.6933,46.5172],[4.6671,46.4274],[4.6406,46.3929],[4.5808,46.363],[4.562,46.3377],[4.5647,46.3446],[4.5483,46.353],[4.563,46.3752],[4.5754,46.3726],[4.5756,46.3651],[4.5788,46.366],[4.5977,46.4035],[4.563,46.441],[4.535,46.4503],[4.5222,46.5003],[4.4967,46.5294],[4.5056,46.5565],[4.5383,46.5845],[4.5332,46.6356],[4.5468,46.6871],[4.5942,46.7216],[4.5988,46.7439],[4.6665,46.7925],[4.6299,46.836],[4.6347,46.8446],[4.5761,46.8066],[4.5591,46.8229],[4.5895,46.8485],[4.5254,46.8502],[4.5354,46.874],[4.5838,46.9177],[4.5797,46.9524],[4.6342,46.9927],[4.6611,47.0591],[4.6272,47.0656],[4.5825,47.1007],[4.5705,47.1907],[4.5538,47.2025]],[[4.3445,46.538],[4.3352,46.492],[4.3082,46.4665],[4.265,46.3875],[4.2436,46.4019],[4.2071,46.4518],[4.2674,46.4848],[4.3445,46.538]],[[4.2525,46.3142],[4.2936,46.3128],[4.2871,46.2761],[4.2497,46.2883],[4.2495,46.321],[4.2525,46.3142]],[[3.7063,46.2098],[3.6889,46.2128],[3.661,46.2446],[3.6925,46.2547],[3.7063,46.2098]],[[3.7858,46.3329],[3.7757,46.3326],[3.7743,46.3397],[3.7842,46.3372],[3.7858,46.3329]],[[4.0748,45.8774],[4.1253,45.8596],[4.142,45.8321],[4.1938,45.831],[4.2243,45.813],[4.3063,45.7177],[4.2979,45.6533],[4.3117,45.6184],[4.3225,45.5322],[4.3376,45.5102],[4.2527,45.5148],[4.2642,45.4942],[4.2126,45.481],[4.1572,45.497],[4.1035,45.5288],[4.1104,45.5425],[4.0707,45.5989],[4.0221,45.6351],[4.01,45.6672],[4.0296,45.6951],[3.99,45.73],[4.0087,45.7535],[4.0255,45.8219],[4.0127,45.844],[4.0411,45.8798],[4.0748,45.8774]],[[3.758,45.5932],[3.7728,45.5572],[3.76,45.5105],[3.7766,45.3977],[3.7464,45.3719],[3.7287,45.4039],[3.7445,45.4463],[3.7394,45.4461],[3.707,45.468],[3.7299,45.5488],[3.7235,45.5849],[3.7537,45.6043],[3.758,45.5932]],[[4.1533,45.352],[4.1638,45.3413],[4.1243,45.2979],[4.105,45.3199],[4.1533,45.352]],[[3.9187,45.3024],[3.9307,45.3118],[3.9616,45.2881],[3.9573,45.2746],[3.9386,45.2783],[3.9339,45.2824],[3.9345,45.2867],[3.9332,45.2894],[3.9335,45.2857],[3.9179,45.2924],[3.9129,45.2972],[3.9185,45.3002],[3.9187,45.3024]],[[4.0665,45.2659],[4.0989,45.2509],[4.0542,45.2235],[4.018,45.2417],[4.0665,45.2659]],[[3.9486,45.2186],[3.9603,45.2362],[3.9914,45.2316],[4.0042,45.2178],[4.0043,45.2113],[3.9983,45.2116],[3.9979,45.2145],[3.9943,45.2122],[3.9835,45.2143],[3.9516,45.2103],[3.9359,45.2266],[3.9407,45.2317],[3.9415,45.2329],[3.9436,45.2394],[3.9416,45.2407],[3.9437,45.2433],[3.9459,45.2424],[3.9473,45.2244],[3.9486,45.2186]],[[3.7076,45.1435],[3.7048,45.1414],[3.6972,45.1406],[3.7053,45.1428],[3.7049,45.1452],[3.7064,45.1474],[3.7059,45.1523],[3.7115,45.1527],[3.7203,45.1641],[3.7209,45.1656],[3.7215,45.1683],[3.7222,45.165],[3.7249,45.1716],[3.7604,45.174],[3.7794,45.1657],[3.7713,45.1523],[3.7504,45.1453],[3.7709,45.1322],[3.7758,45.1324],[3.7715,45.1379],[3.7872,45.1468],[3.8017,45.1315],[3.8118,45.1337],[3.816,45.1313],[3.819,45.1322],[3.8237,45.1302],[3.8288,45.1333],[3.8493,45.1434],[3.8559,45.1466],[3.8615,45.1466],[3.8636,45.1471],[3.868,45.1458],[3.8835,45.1071],[3.8874,45.1017],[3.8925,45.0972],[3.9054,45.0839],[4.0264,45.0194],[4.06,44.9814],[4.086,44.9768],[4.1152,44.9506],[4.1175,44.956],[4.1155,44.9562],[4.0949,44.9838],[4.09,44.9857],[4.0835,44.9873],[4.0921,44.9897],[4.0969,44.9854],[4.0894,44.9995],[4.102,45.0031],[4.1367,44.9887],[4.1424,44.9884],[4.1417,44.9877],[4.1451,44.9838],[4.1486,44.9901],[4.1394,44.9932],[4.1266,44.9949],[4.1317,45.0002],[4.1287,45],[4.1224,45.003],[4.1168,45.0011],[4.1099,45.0031],[4.1144,45.0084],[4.1031,45.0145],[4.0886,45.0095],[4.0807,45.0181],[4.0786,45.02],[4.0745,45.0197],[4.042,45.0389],[4.0275,45.0359],[4.0375,45.0336],[4.0358,45.0288],[4.0273,45.0324],[4.0207,45.0266],[4.0071,45.0301],[4.017,45.0389],[4.0244,45.0369],[4.0285,45.0405],[4.0412,45.0402],[4.0408,45.0429],[4.0444,45.0433],[4.0379,45.0478],[4.0397,45.0434],[4.0356,45.0433],[3.9933,45.0667],[3.9785,45.072],[3.9646,45.0861],[3.9702,45.093],[3.9663,45.0922],[3.9659,45.0938],[3.9628,45.0949],[3.96,45.0915],[3.9566,45.0915],[3.9048,45.1292],[3.8883,45.1604],[3.9138,45.1951],[3.9292,45.2026],[3.9539,45.2065],[3.9862,45.203],[3.9949,45.2107],[4.0061,45.2098],[4.0081,45.2147],[4.0155,45.2148],[4.0201,45.2051],[3.9962,45.2042],[3.9625,45.1985],[3.9352,45.2031],[3.9213,45.184],[3.9508,45.1447],[3.9799,45.1528],[3.9685,45.1825],[3.9676,45.1813],[3.9595,45.1627],[3.9398,45.1646],[3.9494,45.1866],[3.976,45.1916],[3.9938,45.2029],[4.0417,45.1918],[4.0419,45.1612],[4.0573,45.1661],[4.0869,45.1482],[4.0767,45.1336],[4.0727,45.1195],[4.0703,45.1103],[4.0745,45.1112],[4.1109,45.0948],[4.1121,45.1003],[4.108,45.1039],[4.1025,45.1056],[4.1014,45.1156],[4.0961,45.1182],[4.1089,45.142],[4.1085,45.1394],[4.1121,45.139],[4.1111,45.1336],[4.1175,45.1309],[4.1152,45.1262],[4.1134,45.1225],[4.1167,45.1192],[4.156,45.1235],[4.1628,45.1202],[4.1611,45.1187],[4.2127,45.0754],[4.2156,45.0779],[4.2257,45.0484],[4.2136,45.0401],[4.2078,45.0375],[4.2129,45.039],[4.2177,45.0395],[4.2199,45.037],[4.2119,45.023],[4.1984,45.0247],[4.1963,45.0237],[4.1973,45.021],[4.2949,45.0128],[4.2887,44.9885],[4.2405,44.9734],[4.2058,44.9407],[4.1792,44.8859],[4.0984,44.8705],[4.0766,44.9287],[4.0666,44.9298],[4.0626,44.9304],[4.0626,44.9264],[4.0587,44.9307],[4.0572,44.9285],[4.0521,44.9303],[4.0558,44.9313],[4.0537,44.9325],[4.0639,44.9315],[4.0128,44.939],[4.0131,44.942],[4.0092,44.9408],[4.0087,44.9385],[4.0064,44.9311],[3.9999,44.9293],[3.9998,44.9222],[4.0243,44.9052],[4.0121,44.8731],[3.9532,44.8701],[3.9492,44.8851],[3.927,44.8935],[3.9303,44.9069],[3.9184,44.9222],[3.9086,44.9256],[3.9176,44.9198],[3.9203,44.9147],[3.9178,44.9128],[3.9114,44.9147],[3.9001,44.9077],[3.9055,44.9067],[3.9126,44.9085],[3.9167,44.9083],[3.9179,44.8671],[3.9354,44.7964],[3.9137,44.7665],[3.8293,44.8036],[3.7526,44.8235],[3.741,44.847],[3.7464,44.9128],[3.7135,44.9264],[3.7054,44.9733],[3.6825,44.9736],[3.6517,45.0158],[3.594,45.0298],[3.5687,45.096],[3.5473,45.1007],[3.5502,45.1352],[3.5415,45.148],[3.5227,45.1591],[3.4582,45.146],[3.4373,45.1654],[3.4763,45.1965],[3.4973,45.2181],[3.5061,45.2246],[3.509,45.2321],[3.5031,45.2363],[3.5074,45.2383],[3.5084,45.2335],[3.5132,45.2356],[3.5208,45.2343],[3.5194,45.2365],[3.5108,45.2359],[3.511,45.2395],[3.5035,45.2442],[3.5148,45.2476],[3.517,45.2463],[3.5365,45.2271],[3.5414,45.2124],[3.5339,45.2055],[3.5439,45.2017],[3.547,45.1988],[3.5496,45.199],[3.5513,45.1964],[3.5411,45.1966],[3.5399,45.1931],[3.5482,45.1825],[3.5668,45.1818],[3.5777,45.1565],[3.6275,45.1583],[3.6877,45.1381],[3.706,45.1407],[3.7112,45.1433],[3.7076,45.1435]],[[3.8144,45.1654],[3.835,45.1836],[3.8369,45.1768],[3.8228,45.1631],[3.8328,45.1652],[3.8322,45.1601],[3.8388,45.1588],[3.8377,45.1531],[3.8437,45.1468],[3.8464,45.1455],[3.8418,45.1437],[3.8381,45.1415],[3.8336,45.1431],[3.8374,45.1449],[3.8295,45.1419],[3.8233,45.1492],[3.8136,45.1464],[3.8122,45.148],[3.8095,45.1455],[3.811,45.1564],[3.8091,45.1579],[3.8099,45.1596],[3.8141,45.1577],[3.8165,45.1607],[3.8144,45.1654]],[[3.9403,45.0779],[3.9355,45.0787],[3.9347,45.0833],[3.9407,45.0821],[3.9403,45.0779]],[[4.074,45.1159],[4.078,45.1317],[4.0905,45.1208],[4.0852,45.1131],[4.0828,45.1119],[4.074,45.1159]],[[4.2342,45.0472],[4.2311,45.0487],[4.2336,45.0546],[4.2362,45.0543],[4.2412,45.0493],[4.2342,45.0472]],[[4.192,44.8659],[4.1909,44.8225],[4.1167,44.814],[4.1244,44.857],[4.1417,44.8706],[4.1886,44.8693],[4.192,44.8659]],[[3.1729,45.252],[3.1604,45.2514],[3.1698,45.2594],[3.181,45.2605],[3.1729,45.252]]],[[[3.4065,45.3444],[3.3877,45.3503],[3.3956,45.3422],[3.4065,45.3444]]]]},"properties":{"sector_id":51}},
{"type":"Feature","geometry":{"type":"MultiPolygon","coordinates":[[[[3.1678,45.4],[3.1694,45.4012],[3.1513,45.3994],[3.1561,45.3994],[3.1678,45.4]]],[[[3.0904,45.1214],[3.0585,45.1332],[3.0578,45.1317],[3.0638,45.1288],[3.0516,45.1049],[3.0751,45.0794],[3.1532,45.0519],[3.1405,45.0292],[3.0571,45.0581],[3.0177,44.9943],[3.0542,44.9659],[3.0229,44.9336],[2.9447,44.9283],[2.9185,44.9114],[2.833,44.8827],[2.7805,44.8853],[2.7544,44.9332],[2.7539,44.8848],[2.7262,44.8725],[2.7114,44.8449],[2.7312,44.8192],[2.7417,44.8218],[2.7547,44.8429],[2.7977,44.8459],[2.8127,44.8632],[2.8492,44.8599],[2.8371,44.8047],[2.8999,44.778],[2.9311,44.7391],[2.9498,44.6878],[2.985,44.6976],[3.0169,44.6846],[3.0048,44.6644],[3.0562,44.6483],[3.084,44.6241],[3.1232,44.6267],[3.1039,44.5851],[3.119,44.5372],[3.0765,44.5227],[3.0533,44.5356],[3.0597,44.56],[3.021,44.5693],[2.9282,44.5744],[2.9045,44.6064],[2.8766,44.6112],[2.8544,44.6633],[2.8361,44.6393],[2.7661,44.6448],[2.7153,44.6272],[2.6677,44.6428],[2.5747,44.6473],[2.5016,44.7052],[2.5078,44.7384],[2.4357,44.782],[2.4097,44.7666],[2.3788,44.727],[2.3858,44.6966],[2.37,44.6819],[2.3051,44.6628],[2.2614,44.6597],[2.2497,44.6435],[2.1936,44.6289],[2.1932,44.5964],[2.1395,44.6096],[2.1327,44.6121],[2.1063,44.577],[2.1046,44.5777],[2.1052,44.5809],[2.1015,44.5784],[2.0953,44.5795],[2.1058,44.5723],[2.1014,44.5727],[2.0931,44.5789],[2.0925,44.5658],[2.0988,44.5636],[2.0926,44.5548],[2.0817,44.5563],[2.0908,44.5538],[2.0882,44.5535],[2.0907,44.5283],[2.131,44.5192],[2.1045,44.4574],[2.0621,44.3953],[1.9981,44.2654],[1.942,44.2234],[1.9329,44.1577],[1.9117,44.1282],[1.9981,44.137],[2.0227,44.11],[2.0233,44.0841],[2.0728,44.0818],[2.1535,44.0576],[2.1765,44.0396],[2.2516,44.0354],[2.2667,44.0086],[2.2713,43.96],[2.2226,43.9621],[2.2191,43.9552],[2.2477,43.9308],[2.3147,43.9248],[2.3478,43.8966],[2.3053,43.8688],[2.2921,43.8174],[2.2483,43.7732],[2.2468,43.7591],[2.3007,43.7326],[2.3036,43.7034],[2.2824,43.6842],[2.2716,43.6361],[2.2814,43.6225],[2.3501,43.5969],[2.35,43.5491],[2.3945,43.5324],[2.4048,43.5043],[2.5018,43.4779],[2.4937,43.4646],[2.4138,43.4871],[2.3282,43.493],[2.2566,43.5103],[2.2304,43.4937],[2.1688,43.4965],[2.1314,43.469],[2.0874,43.4563],[2.0213,43.4244],[1.9919,43.3959],[2.0663,43.3429],[2.1134,43.346],[2.2173,43.3051],[2.2395,43.3296],[2.343,43.3298],[2.358,43.3276],[2.3891,43.3114],[2.392,43.3077],[2.3934,43.3092],[2.3968,43.3043],[2.3958,43.3122],[2.4221,43.3203],[2.5239,43.3258],[2.5205,43.3307],[2.5268,43.3256],[2.5295,43.3251],[2.5932,43.3361],[2.6309,43.3609],[2.6777,43.3544],[2.748,43.3817],[2.8158,43.3788],[2.8304,43.3914],[2.9425,43.4226],[3.0364,43.474],[3.062,43.4707],[3.1381,43.498],[3.1985,43.5046],[3.2027,43.4815],[3.2771,43.5017],[3.2783,43.506],[3.2781,43.5017],[3.3285,43.5326],[3.3852,43.5491],[3.4036,43.5759],[3.3809,43.6205],[3.3224,43.6047],[3.2486,43.6065],[3.1786,43.6014],[3.1176,43.5828],[3.0675,43.5806],[3.0942,43.6371],[3.1308,43.6572],[3.2138,43.6397],[3.2339,43.6233],[3.2831,43.6129],[3.3255,43.6192],[3.331,43.6385],[3.3807,43.6344],[3.4174,43.6503],[3.4349,43.6644],[3.4639,43.7056],[3.4267,43.7405],[3.3526,43.7296],[3.3259,43.7439],[3.3078,43.7119],[3.2849,43.7005],[3.2904,43.6753],[3.2663,43.6404],[3.2208,43.6661],[3.1863,43.6694],[3.181,43.7093],[3.14,43.7649],[3.0921,43.7888],[3.0971,43.8158],[3.034,43.8184],[3.016,43.8312],[3.0941,43.8488],[3.0596,43.8746],[3.0008,43.8779],[2.9307,43.8411],[2.8908,43.8866],[2.857,43.9022],[2.8411,43.9599],[2.7942,44.015],[2.8074,44.0452],[2.8544,44.0485],[2.9108,44.0853],[2.9517,44.1271],[2.9304,44.159],[2.9578,44.1814],[2.9419,44.2314],[2.9683,44.2433],[3.0082,44.2402],[3.0242,44.2943],[2.9951,44.3032],[2.9451,44.3386],[2.8335,44.3587],[2.7704,44.3896],[2.6495,44.4009],[2.6305,44.371],[2.5853,44.3809],[2.5299,44.364],[2.4774,44.3676],[2.4391,44.3954],[2.4347,44.4582],[2.4809,44.4896],[2.4815,44.5033],[2.5859,44.5067],[2.649,44.4857],[2.6913,44.512],[2.769,44.4922],[2.8213,44.4934],[2.8501,44.4573],[2.9292,44.4563],[3.004,44.4411],[3.1338,44.4316],[3.2003,44.435],[3.2186,44.4526],[3.1573,44.4661],[3.2076,44.4952],[3.2073,44.5312],[3.2576,44.5314],[3.2591,44.5749],[3.2901,44.5654],[3.3112,44.5883],[3.3551,44.6062],[3.3867,44.5966],[3.3638,44.5644],[3.3768,44.5211],[3.4455,44.5414],[3.4758,44.5412],[3.492,44.5705],[3.5385,44.5294],[3.6295,44.5534],[3.6589,44.5793],[3.6009,44.6418],[3.5447,44.6709],[3.5631,44.7334],[3.5082,44.7633],[3.4976,44.7996],[3.463,44.8377],[3.4348,44.8524],[3.4111,44.9085],[3.3634,44.9223],[3.3542,44.9563],[3.3229,44.9926],[3.3239,45.011],[3.2371,45.047],[3.2091,45.0526],[3.1797,45.0893],[3.149,45.1062],[3.1446,45.1056],[3.1477,45.1019],[3.1483,45.0961],[3.1234,45.1034],[3.1255,45.1132],[3.1084,45.1188],[3.096,45.114],[3.0904,45.1214]],[[3.1068,45.0008],[3.1195,45.0027],[3.1168,44.9994],[3.1068,45.0008]]],[[[4.2864,44.8136],[4.2612,44.8162],[4.2297,44.7762],[4.1551,44.7499],[4.0663,44.6969],[4.0234,44.7007],[4.0219,44.6655],[4.0507,44.6355],[3.9598,44.6184],[3.9478,44.5954],[3.9032,44.5809],[3.9063,44.5591],[3.8502,44.5531],[3.7941,44.5747],[3.7419,44.5852],[3.7399,44.5842],[3.7606,44.5465],[3.7219,44.5476],[3.6753,44.5268],[3.634,44.4975],[3.6001,44.4995],[3.5438,44.4206],[3.5903,44.4268],[3.6485,44.4079],[3.6609,44.3849],[3.5341,44.3665],[3.5952,44.316],[3.5765,44.2444],[3.4985,44.1764],[3.4393,44.1805],[3.4021,44.1299],[3.4782,44.1222],[3.4441,44.1033],[3.415,44.1167],[3.4047,44.077],[3.3351,44.019],[3.365,43.9823],[3.4122,43.9701],[3.527,43.9732],[3.5789,43.9799],[3.5956,43.9678],[3.5991,43.9289],[3.6414,43.9211],[3.6943,43.9678],[3.7437,43.9801],[3.7782,44.0035],[3.8502,43.9981],[3.8798,44.0441],[3.8796,44.088],[3.9185,44.12],[3.9354,44.1513],[4.0051,44.1463],[4.0461,44.1301],[3.9947,44.2288],[4.0019,44.3013],[4.0116,44.2995],[4.0469,44.2744],[4.0683,44.2221],[4.0919,44.2423],[4.0667,44.2697],[4.0806,44.3545],[4.1215,44.3986],[4.1729,44.4043],[4.2343,44.4694],[4.2777,44.4991],[4.3022,44.5321],[4.3503,44.565],[4.3497,44.5809],[4.3814,44.6349],[4.4323,44.666],[4.4633,44.7024],[4.5096,44.7231],[4.6004,44.7454],[4.6165,44.7482],[4.6033,44.7741],[4.5618,44.784],[4.4951,44.7593],[4.4656,44.7333],[4.4414,44.7542],[4.3828,44.7808],[4.3448,44.8079],[4.3084,44.8006],[4.2864,44.8136]],[[3.6299,44.3278],[3.6234,44.3219],[3.6493,44.2854],[3.6202,44.2623],[3.5968,44.3296],[3.6299,44.3278]]],[[[4.5108,44.7131],[4.5003,44.7162],[4.4796,44.6866],[4.5011,44.6714],[4.5208,44.6178],[4.5671,44.5942],[4.656,44.5891],[4.6575,44.6205],[4.6255,44.6295],[4.6049,44.6734],[4.6189,44.7078],[4.5149,44.7002],[4.5108,44.7131]]]]},"properties":{"sector_id":52}},
{"type":"Feature","geometry":{"type":"Polygon","coordinates":[[[0.0424,44.0566],[0.0399,44.0216],[0.023,43.9919],[-0.0357,43.9834],[-0.0417,43.9677],[-0.1036,43.9907],[-0.232,44.0093],[-0.2838,44.0381],[-0.3008,44.0679],[-0.3519,44.0509],[-0.4494,43.9508],[-0.4365,43.8917],[-0.5407,43.8643],[-0.4652,43.8487],[-0.449,43.8187],[-0.3535,43.8084],[-0.2949,43.7921],[-0.2629,43.7698],[-0.2529,43.7426],[-0.2163,43.7216],[-0.2197,43.7201],[-0.2124,43.7179],[-0.2004,43.7041],[-0.1229,43.689],[-0.0286,43.6778],[-0.0065,43.6916],[-0.0224,43.7188],[0.0224,43.7256],[0.0537,43.7128],[0.0839,43.7354],[0.1326,43.7492],[0.1238,43.7764],[0.169,43.786],[0.169,43.8071],[0.1223,43.8722],[0.1647,43.9089],[0.1412,43.9724],[0.1202,44.0028],[0.0842,43.9962],[0.0574,44.0348],[0.0424,44.0566]]]},"properties":{"sector_id":53}},
{"type":"Feature","geometry":{"type":"MultiPolygon","coordinates":[[[[1.4799,46.4746],[1.4625,46.4758],[1.4414,46.4694],[1.383,46.4825],[1.3274,46.45],[1.2819,46.4104],[1.2681,46.3766],[1.1953,46.3951],[1.156,46.3913],[1.1238,46.4285],[1.0809,46.4399],[1.0853,46.3983],[1.0522,46.3694],[0.988,46.3649],[0.9803,46.3305],[0.9412,46.3188],[0.8578,46.3123],[0.8347,46.3182],[0.8307,46.3358],[0.8019,46.3263],[0.7644,46.3231],[0.7788,46.3044],[0.7112,46.3121],[0.699,46.3429],[0.6693,46.3184],[0.6843,46.2469],[0.643,46.2251],[0.6462,46.2211],[0.6491,46.2172],[0.6465,46.2176],[0.6648,46.1752],[0.654,46.1356],[0.6124,46.1311],[0.5638,46.1034],[0.568,46.0682],[0.5881,46.0494],[0.6023,46.0062],[0.6326,45.9911],[0.6189,45.9469],[0.561,45.9232],[0.5871,45.8843],[0.5634,45.842],[0.5666,45.8134],[0.5191,45.7889],[0.5017,45.7473],[0.5133,45.7187],[0.5691,45.7185],[0.571,45.7147],[0.5141,45.6742],[0.5834,45.6336],[0.6248,45.5786],[0.673,45.5537],[0.6426,45.5432],[0.6516,45.5176],[0.6871,45.5199],[0.7091,45.5238],[0.7168,45.4951],[0.772,45.5117],[0.7822,45.4878],[0.9049,45.419],[0.9334,45.4399],[0.9655,45.4146],[0.9481,45.3918],[1.0632,45.3546],[1.0834,45.3374],[1.1333,45.3336],[1.1061,45.2839],[1.1297,45.2674],[1.1331,45.2376],[1.1671,45.2165],[1.1458,45.1802],[1.1584,45.1517],[1.1682,45.1482],[1.1787,45.1476],[1.2086,45.1338],[1.2013,45.1386],[1.226,45.1297],[1.2298,45.1288],[1.3202,45.1441],[1.3651,45.1457],[1.4237,45.1326],[1.4474,45.1437],[1.4597,45.1785],[1.4171,45.2237],[1.4518,45.2427],[1.4722,45.2007],[1.4693,45.1671],[1.4331,45.1243],[1.4128,45.1246],[1.4173,45.1096],[1.4144,45.1066],[1.4921,45.1096],[1.5404,45.0816],[1.6955,45.0627],[1.7428,45.0404],[1.8031,45.0385],[1.8303,45.0095],[1.8097,44.9882],[1.8426,44.9524],[1.8484,44.9535],[1.8517,44.9526],[1.846,44.9697],[1.8251,44.9861],[1.8229,44.9974],[1.8563,44.9675],[1.8532,44.9484],[1.8549,44.9471],[1.8553,44.9436],[1.8583,44.9418],[1.8667,44.9412],[1.8815,44.9507],[1.8783,44.9434],[1.8761,44.9381],[1.8733,44.9314],[1.8851,44.9135],[1.8899,44.9122],[1.8854,44.9103],[1.8903,44.9016],[1.9019,44.8878],[1.9107,44.8707],[1.9006,44.8562],[1.9046,44.8528],[1.8992,44.8521],[1.8754,44.8424],[1.8461,44.8064],[1.8504,44.801],[1.8554,44.7723],[1.8858,44.7451],[1.9443,44.7414],[1.9296,44.7137],[1.939,44.6888],[2.0234,44.6765],[2.0572,44.6278],[2.124,44.6174],[2.1395,44.6096],[2.1932,44.5964],[2.1936,44.6289],[2.2497,44.6435],[2.2614,44.6597],[2.3051,44.6628],[2.37,44.6819],[2.3858,44.6966],[2.3788,44.727],[2.4097,44.7666],[2.4357,44.782],[2.5078,44.7384],[2.5016,44.7052],[2.5747,44.6473],[2.6677,44.6428],[2.7153,44.6272],[2.7661,44.6448],[2.8361,44.6393],[2.8544,44.6633],[2.8524,44.6852],[2.7869,44.703],[2.8137,44.739],[2.7737,44.7571],[2.7884,44.7839],[2.8338,44.7761],[2.8309,44.8089],[2.7914,44.8224],[2.7269,44.8174],[2.7312,44.8192],[2.7114,44.8449],[2.7262,44.8725],[2.7539,44.8848],[2.7544,44.9332],[2.7083,44.9083],[2.6966,44.9038],[2.6224,44.8743],[2.6023,44.8931],[2.5697,44.8765],[2.4932,44.9344],[2.4339,44.9356],[2.4221,44.9664],[2.4533,45.0029],[2.3913,45.0059],[2.3988,45.056],[2.4301,45.073],[2.4139,45.0906],[2.3724,45.0916],[2.3024,45.0811],[2.3105,45.1014],[2.274,45.1153],[2.2226,45.1702],[2.2192,45.1749],[2.2887,45.1738],[2.3212,45.189],[2.3343,45.2124],[2.2873,45.2184],[2.2753,45.2419],[2.2029,45.2232],[2.2045,45.3282],[2.2141,45.3504],[2.2648,45.4],[2.2245,45.4833],[2.1739,45.5151],[2.1546,45.5475],[2.162,45.5785],[2.117,45.6024],[2.0948,45.6476],[2.102,45.6818],[2.1211,45.6978],[2.0985,45.741],[2.0577,45.7534],[2.0447,45.7717],[2.0467,45.8097],[2.1033,45.8587],[2.0689,45.8845],[2.0702,45.9241],[2.0167,45.9566],[2.0349,46.0205],[1.9992,46.0326],[1.9653,46.069],[1.9012,46.1012],[1.8279,46.1659],[1.8017,46.1727],[1.7927,46.2138],[1.7551,46.2371],[1.6392,46.2124],[1.6114,46.2239],[1.5089,46.2078],[1.4618,46.2351],[1.4809,46.29],[1.488,46.3018],[1.5498,46.3401],[1.5509,46.4181],[1.5623,46.4583],[1.5256,46.4752],[1.544,46.4935],[1.4964,46.4729],[1.4799,46.4746]],[[0.8717,46.2813],[0.8558,46.2536],[0.8159,46.2729],[0.8163,46.2836],[0.8039,46.317],[0.8553,46.309],[0.8717,46.2813]],[[0.7287,46.2472],[0.7352,46.2737],[0.8055,46.2415],[0.7715,46.2112],[0.7394,46.2434],[0.7287,46.2472]],[[0.7527,46.2117],[0.7641,46.1829],[0.7322,46.1759],[0.7244,46.1376],[0.6802,46.1184],[0.6618,46.1354],[0.6892,46.2016],[0.6831,46.2221],[0.6943,46.2749],[0.7527,46.2117]],[[0.7348,46.2998],[0.7395,46.3034],[0.7543,46.2906],[0.7844,46.2882],[0.7802,46.3076],[0.7985,46.3209],[0.8116,46.2889],[0.7897,46.2796],[0.7917,46.2669],[0.7628,46.2676],[0.7213,46.2794],[0.7348,46.2998]],[[2.3647,44.9807],[2.3625,44.9759],[2.3413,44.9696],[2.3561,44.9794],[2.3647,44.9807]]],[[[2.2574,45.0585],[2.247,45.0693],[2.2502,45.0652],[2.2523,45.0615],[2.2574,45.0585]]],[[[1.2255,45.125],[1.2036,45.1329],[1.1964,45.1346],[1.1921,45.1313],[1.2255,45.125]]],[[[1.4096,45.107],[1.4091,45.1126],[1.3966,45.1068],[1.3995,45.1032],[1.4106,45.106],[1.4096,45.107]]]]},"properties":{"sector_id":54}},
{"type":"Feature","geometry":{"type":"MultiPolygon","coordinates":[[[[3.3968,46.8368],[3.3532,46.8368],[3.2675,46.9106],[3.2278,46.9799],[3.1733,46.9998],[3.0798,46.9509],[3.0628,46.9273],[3.0472,46.9009],[3.0454,46.8316],[3.0299,46.8115],[3.0344,46.7596],[3.1301,46.7166],[3.1106,46.6775],[3.1586,46.6451],[3.1613,46.625],[3.1608,46.6215],[3.1458,46.5563],[3.1597,46.5262],[3.2254,46.5448],[3.2272,46.5077],[3.243,46.484],[3.2306,46.4598],[3.2541,46.4339],[3.2604,46.4006],[3.2542,46.3497],[3.2262,46.3308],[3.2074,46.2801],[3.1776,46.2672],[3.164,46.2236],[3.0973,46.2231],[3.0762,46.1936],[3.0405,46.1777],[3.0599,46.1566],[3.0461,46.1355],[3.0695,46.085],[3.0959,46.092],[3.1762,46.1847],[3.1757,46.0842],[3.1472,46.0684],[3.1022,46.0025],[3.0631,45.9607],[3.061,45.9546],[3.0477,45.9087],[3.0218,45.905],[3.0101,45.8939],[3.0192,45.8888],[3.0336,45.879],[2.9986,45.8071],[3.0433,45.7993],[3.0437,45.7776],[3.0719,45.7531],[3,45.7468],[3.0005,45.722],[3.052,45.7075],[3.0892,45.6539],[3.0684,45.6454],[3.0719,45.6405],[3.0934,45.5752],[3.1207,45.5828],[3.1078,45.5711],[3.0929,45.5678],[3.0926,45.5581],[3.0816,45.5505],[3.0515,45.5497],[3.0419,45.5228],[3.0696,45.503],[3.0993,45.5131],[3.1409,45.4747],[3.1256,45.4761],[3.1498,45.4566],[3.1274,45.4487],[3.116,45.4258],[3.1221,45.4226],[3.1587,45.4144],[3.2053,45.4287],[3.2254,45.4106],[3.2354,45.3758],[3.2688,45.382],[3.3369,45.2936],[3.3513,45.299],[3.4183,45.2705],[3.4768,45.2922],[3.4284,45.3153],[3.4186,45.3175],[3.4171,45.3224],[3.4232,45.3265],[3.3884,45.3396],[3.3747,45.3803],[3.3508,45.4002],[3.3277,45.4489],[3.3102,45.4522],[3.3409,45.4574],[3.3612,45.4852],[3.3552,45.5598],[3.4064,45.5887],[3.4022,45.6163],[3.3514,45.6234],[3.3471,45.604],[3.3448,45.6017],[3.3352,45.6202],[3.3545,45.6589],[3.3401,45.68],[3.4516,45.7355],[3.4771,45.7698],[3.5216,45.766],[3.5412,45.7304],[3.6276,45.7451],[3.545,45.8448],[3.5254,45.9392],[3.5212,45.9899],[3.493,46.0562],[3.4757,46.0646],[3.4838,46.1081],[3.4714,46.1269],[3.5571,46.179],[3.5843,46.1403],[3.6337,46.1325],[3.6684,46.1565],[3.6494,46.2325],[3.6283,46.2498],[3.6601,46.2916],[3.6696,46.3253],[3.6366,46.363],[3.6411,46.4222],[3.6663,46.4384],[3.7581,46.4147],[3.7726,46.3955],[3.7881,46.3354],[3.8048,46.3318],[3.8313,46.2481],[3.8598,46.1806],[3.8984,46.1109],[3.9339,46.0173],[3.9573,45.9805],[3.9916,45.9813],[4.0198,45.9994],[4.0525,46.0009],[4.0787,45.9823],[4.133,45.9795],[4.1791,45.9933],[4.1729,46.04],[4.2145,46.0721],[4.2055,46.0931],[4.2369,46.1216],[4.2379,46.1534],[4.2561,46.1725],[4.2285,46.2021],[4.2601,46.2332],[4.2359,46.2595],[4.2154,46.308],[4.1595,46.2768],[4.0798,46.3245],[4.1782,46.3806],[4.1852,46.3534],[4.2178,46.3466],[4.2422,46.3916],[4.2122,46.4182],[4.1803,46.4257],[4.1571,46.4473],[4.2197,46.5973],[4.1423,46.5596],[4.1287,46.5998],[3.9866,46.4919],[3.8807,46.4992],[3.8376,46.5347],[3.8051,46.5279],[3.7401,46.5499],[3.7457,46.5886],[3.8406,46.6891],[3.8229,46.7378],[3.8378,46.7771],[3.8183,46.8227],[3.841,46.8692],[3.8432,46.9217],[3.8367,46.9133],[3.8455,46.934],[3.8461,46.94],[3.8435,46.9389],[3.8447,46.9442],[3.8335,46.956],[3.825,46.9507],[3.8291,46.9595],[3.8261,46.9654],[3.8292,46.9809],[3.7894,46.9699],[3.7714,46.948],[3.6832,46.9792],[3.7307,46.9088],[3.6826,46.8821],[3.6488,46.9285],[3.6096,46.9299],[3.5933,46.91],[3.5857,46.8524],[3.5229,46.8549],[3.5002,46.8147],[3.4914,46.8139],[3.4611,46.8318],[3.4468,46.8402],[3.3968,46.8368]],[[3.2695,46.6839],[3.2167,46.6903],[3.196,46.7148],[3.2108,46.7815],[3.2493,46.8252],[3.2115,46.8386],[3.1803,46.83],[3.1639,46.7963],[3.1351,46.7831],[3.122,46.7535],[3.0887,46.7467],[3.0464,46.7626],[3.0836,46.8255],[3.1044,46.8392],[3.1045,46.8675],[3.0683,46.8973],[3.0694,46.935],[3.1973,46.9605],[3.2053,46.9326],[3.2484,46.9093],[3.251,46.8862],[3.3198,46.8347],[3.369,46.8102],[3.4065,46.8203],[3.4558,46.8184],[3.4684,46.8039],[3.4798,46.7966],[3.4548,46.8086],[3.395,46.8111],[3.3594,46.7581],[3.3505,46.7549],[3.3438,46.761],[3.3413,46.7543],[3.3426,46.7528],[3.3382,46.7452],[3.3272,46.6855],[3.2695,46.6839]],[[3.7501,46.534],[3.7711,46.5301],[3.8616,46.4843],[3.9768,46.4739],[3.9852,46.4504],[3.9643,46.4266],[3.9352,46.468],[3.8651,46.4811],[3.779,46.5109],[3.7501,46.534]],[[3.203,45.605],[3.2199,45.6257],[3.273,45.5929],[3.2684,45.5647],[3.2366,45.5621],[3.2399,45.5572],[3.2451,45.5584],[3.2453,45.5504],[3.2428,45.5471],[3.2392,45.549],[3.2442,45.5445],[3.2042,45.5348],[3.187,45.5614],[3.2029,45.5627],[3.2029,45.5577],[3.2298,45.5622],[3.2048,45.5987],[3.1868,45.5944],[3.1864,45.5991],[3.1966,45.6051],[3.203,45.605]],[[3.2368,45.4722],[3.2152,45.5085],[3.249,45.5101],[3.2368,45.4722]],[[4.1541,46.2401],[4.1518,46.2018],[4.1091,46.2125],[4.1541,46.2401]],[[3.3956,45.3422],[3.3877,45.3503],[3.4065,45.3444],[3.3956,45.3422]]],[[[2.6595,46.7971],[2.6514,46.8],[2.6174,46.798],[2.5798,46.7995],[2.5233,46.7713],[2.5045,46.7467],[2.5508,46.7361],[2.5896,46.75],[2.705,46.7499],[2.7167,46.7911],[2.6595,46.7971]]],[[[2.8921,46.7675],[2.8433,46.7541],[2.8737,46.7224],[2.9046,46.751],[2.8921,46.7675]]],[[[2.7404,46.7108],[2.7233,46.7142],[2.6942,46.6954],[2.7328,46.6707],[2.7439,46.6728],[2.7723,46.686],[2.7404,46.7108]]],[[[2.8886,46.6179],[2.9569,46.6336],[3.0012,46.6836],[2.9542,46.6786],[2.9012,46.6879],[2.9092,46.6403],[2.8901,46.6396],[2.8925,46.6326],[2.8888,46.629],[2.8886,46.6179]]],[[[2.8421,46.6602],[2.8422,46.652],[2.8525,46.6493],[2.8582,46.6515],[2.8519,46.6591],[2.8421,46.6602]]],[[[2.7817,46.6382],[2.7644,46.6331],[2.7697,46.6279],[2.7817,46.6382]]],[[[2.8727,46.6576],[2.8661,46.6535],[2.858,46.6548],[2.8599,46.651],[2.8625,46.6462],[2.8739,46.6485],[2.874,46.6544],[2.8727,46.6576]]],[[[2.8841,46.6111],[2.9185,46.6223],[2.912,46.6205],[2.8898,46.6175],[2.8841,46.6111]]],[[[2.6366,46.304],[2.6289,46.309],[2.6319,46.3958],[2.6192,46.4579],[2.6241,46.5199],[2.6094,46.5705],[2.6039,46.5882],[2.6063,46.5932],[2.6041,46.5929],[2.6049,46.596],[2.5894,46.6166],[2.5126,46.6167],[2.5128,46.5732],[2.5431,46.5567],[2.5289,46.5354],[2.5313,46.5339],[2.5267,46.5336],[2.5221,46.5297],[2.5327,46.531],[2.5239,46.5146],[2.4398,46.5262],[2.468,46.5006],[2.4738,46.4383],[2.5215,46.4155],[2.5155,46.3497],[2.5308,46.3455],[2.5504,46.3316],[2.5675,46.312],[2.5716,46.321],[2.5807,46.3241],[2.5875,46.336],[2.5918,46.3264],[2.6366,46.304]],[[2.5732,46.4155],[2.5668,46.4104],[2.5693,46.4147],[2.5909,46.4222],[2.5781,46.4143],[2.5732,46.4155]]],[[[2.8772,46.5991],[2.8985,46.5968],[2.8942,46.6077],[2.8772,46.5991]]],[[[4.3445,46.538],[4.2674,46.4848],[4.2071,46.4518],[4.2436,46.4019],[4.265,46.3875],[4.3082,46.4665],[4.3352,46.492],[4.3445,46.538]]],[[[2.6834,46.5274],[2.6899,46.5338],[2.6892,46.535],[2.685,46.5338],[2.6859,46.5299],[2.6827,46.5331],[2.6814,46.5327],[2.6783,46.5309],[2.6785,46.5326],[2.6728,46.532],[2.6732,46.5304],[2.6834,46.5274]]],[[[2.7386,46.49],[2.6926,46.4972],[2.7111,46.4709],[2.7516,46.3946],[2.7804,46.4189],[2.8052,46.4018],[2.869,46.4026],[2.8874,46.4162],[2.8606,46.4396],[2.9216,46.4553],[2.8951,46.499],[2.7979,46.4881],[2.7689,46.4943],[2.7386,46.49]]],[[[2.7928,46.3745],[2.7649,46.3548],[2.789,46.3213],[2.8189,46.3555],[2.8085,46.3723],[2.7928,46.3745]]],[[[3.7842,46.3372],[3.7743,46.3397],[3.7757,46.3326],[3.7858,46.3329],[3.7842,46.3372]]],[[[4.2525,46.3142],[4.2495,46.321],[4.2497,46.2883],[4.2871,46.2761],[4.2936,46.3128],[4.2525,46.3142]]],[[[3.7063,46.2098],[3.6925,46.2547],[3.661,46.2446],[3.6889,46.2128],[3.7063,46.2098]]],[[[2.9727,45.9],[2.9681,45.9082],[2.9568,45.9072],[2.955,45.9],[2.955,45.8995],[2.9576,45.903],[2.9589,45.9071],[2.9727,45.9]]],[[[2.9819,45.8986],[2.982,45.9],[2.9809,45.9],[2.9819,45.8986]]],[[[4.0748,45.8774],[4.0411,45.8798],[4.0127,45.844],[4.0255,45.8219],[4.0087,45.7535],[3.99,45.73],[4.0296,45.6951],[4.01,45.6672],[4.0221,45.6351],[4.0707,45.5989],[4.1104,45.5425],[4.1035,45.5288],[4.1572,45.497],[4.2126,45.481],[4.2642,45.4942],[4.2527,45.5148],[4.3376,45.5102],[4.3225,45.5322],[4.3117,45.6184],[4.2979,45.6533],[4.3063,45.7177],[4.2243,45.813],[4.1938,45.831],[4.142,45.8321],[4.1253,45.8596],[4.0748,45.8774]]],[[[2.8873,45.7675],[2.8566,45.7744],[2.8164,45.7434],[2.8092,45.7212],[2.8034,45.7204],[2.8,45.7121],[2.804,45.6942],[2.8041,45.6922],[2.8063,45.6941],[2.8053,45.6956],[2.8103,45.7082],[2.8019,45.7087],[2.8016,45.7159],[2.8118,45.7207],[2.8395,45.6873],[2.8566,45.7314],[2.8881,45.7608],[2.8896,45.7664],[2.8873,45.7675]]],[[[2.5678,45.7358],[2.5593,45.7389],[2.5572,45.7375],[2.5625,45.7237],[2.5678,45.7358]]],[[[2.8922,45.7234],[2.8813,45.7211],[2.8844,45.7211],[2.8922,45.7234]]],[[[2.7964,45.7084],[2.7787,45.714],[2.7772,45.7015],[2.7807,45.7029],[2.781,45.711],[2.7832,45.7101],[2.7853,45.705],[2.7899,45.7066],[2.7964,45.7084]]],[[[2.777,45.6981],[2.7753,45.6993],[2.7754,45.7034],[2.7721,45.7065],[2.7612,45.704],[2.7485,45.6807],[2.7246,45.6665],[2.7757,45.6964],[2.777,45.6981]]],[[[2.729,45.6477],[2.7302,45.6492],[2.7274,45.6533],[2.7266,45.6609],[2.7265,45.653],[2.729,45.6477]]],[[[2.7267,45.6188],[2.7358,45.6409],[2.7283,45.6423],[2.7301,45.6378],[2.7267,45.6188]]],[[[3.758,45.5932],[3.7537,45.6043],[3.7235,45.5849],[3.7299,45.5488],[3.707,45.468],[3.7394,45.4461],[3.7445,45.4463],[3.7287,45.4039],[3.7464,45.3719],[3.7766,45.3977],[3.76,45.5105],[3.7728,45.5572],[3.758,45.5932]]],[[[3.0788,45.5864],[3.0672,45.6044],[3.0306,45.5999],[3.0788,45.5864]]],[[[2.9514,45.5727],[2.9699,45.578],[2.9847,45.5796],[2.9837,45.5825],[2.9428,45.5746],[2.9514,45.5727]]],[[[2.5719,45.5562],[2.5606,45.5612],[2.5514,45.5586],[2.5719,45.5562]]],[[[3.2424,45.5494],[3.2396,45.5527],[3.2391,45.5492],[3.2424,45.5494]]],[[[2.9503,45.5372],[2.9243,45.546],[2.8834,45.5392],[2.8875,45.5373],[2.8925,45.5218],[2.9155,45.5235],[2.9503,45.5372]]],[[[3.0237,45.5226],[3.0217,45.5266],[3.0131,45.532],[2.9972,45.525],[3.0023,45.5232],[3.0237,45.5226]]],[[[3.0943,45.4853],[3.0889,45.4959],[3.0853,45.4935],[3.0943,45.4853]]],[[[3.1561,45.3994],[3.1321,45.3971],[3.1314,45.3788],[3.1819,45.382],[3.1561,45.3994]]],[[[4.1638,45.3413],[4.1533,45.352],[4.105,45.3199],[4.1243,45.2979],[4.1638,45.3413]]],[[[3.9339,45.2824],[3.9386,45.2783],[3.9573,45.2746],[3.9616,45.2881],[3.9307,45.3118],[3.9187,45.3024],[3.9436,45.2985],[3.9553,45.2839],[3.9474,45.2776],[3.939,45.2803],[3.9392,45.2818],[3.9343,45.2851],[3.9339,45.2824]]],[[[3.9333,45.2873],[3.9205,45.2995],[3.9185,45.3002],[3.9129,45.2972],[3.9179,45.2924],[3.9335,45.2857],[3.9333,45.2873]]],[[[4.0665,45.2659],[4.018,45.2417],[4.0542,45.2235],[4.0989,45.2509],[4.0665,45.2659]]],[[[3.547,45.1988],[3.5439,45.2017],[3.5339,45.2055],[3.5414,45.2124],[3.5365,45.2271],[3.517,45.2463],[3.5183,45.2391],[3.5123,45.2376],[3.511,45.2395],[3.5108,45.2359],[3.5194,45.2365],[3.5208,45.2343],[3.5132,45.2356],[3.5084,45.2335],[3.5074,45.2383],[3.5031,45.2363],[3.509,45.2321],[3.5061,45.2246],[3.4973,45.2181],[3.4763,45.1965],[3.4955,45.2039],[3.5482,45.1825],[3.5399,45.1931],[3.5411,45.1966],[3.5346,45.1957],[3.5372,45.2007],[3.547,45.1988]]],[[[3.9473,45.2244],[3.9459,45.2424],[3.9446,45.2403],[3.9424,45.2422],[3.9416,45.2407],[3.9436,45.2394],[3.9409,45.2304],[3.9407,45.2317],[3.9359,45.2266],[3.9516,45.2103],[3.9835,45.2143],[3.993,45.2129],[3.9941,45.2141],[3.996,45.2127],[3.9979,45.2145],[3.9979,45.212],[4.0009,45.2139],[4.0007,45.211],[4.0043,45.2113],[4.0042,45.2178],[3.9914,45.2316],[3.9603,45.2362],[3.9486,45.2186],[3.9536,45.2225],[3.948,45.2174],[3.9473,45.2244]]],[[[3.9933,45.0667],[4.0356,45.0433],[4.0376,45.0512],[4.0501,45.0485],[4.0455,45.0433],[4.0408,45.0429],[4.0412,45.0402],[4.042,45.0389],[4.0745,45.0197],[4.0786,45.02],[4.0792,45.0196],[4.0807,45.0181],[4.0886,45.0095],[4.1001,45.0131],[4.1073,45.0203],[4.1073,45.0182],[4.1042,45.016],[4.1153,45.0164],[4.1098,45.019],[4.1049,45.0288],[4.1664,45.0516],[4.1753,45.0815],[4.1861,45.0866],[4.2121,45.0736],[4.2127,45.0754],[4.1611,45.1187],[4.1586,45.1212],[4.156,45.1235],[4.1167,45.1192],[4.1058,45.1278],[4.1089,45.142],[4.0961,45.1182],[4.0998,45.1168],[4.1002,45.1229],[4.1064,45.1232],[4.1064,45.1125],[4.1097,45.1141],[4.1063,45.1113],[4.1042,45.1101],[4.1043,45.1125],[4.1019,45.1134],[4.1032,45.1153],[4.1014,45.1156],[4.1025,45.1056],[4.1055,45.1045],[4.108,45.1039],[4.1121,45.1003],[4.1109,45.0948],[4.0745,45.1112],[4.0727,45.1108],[4.0733,45.1083],[4.0646,45.1097],[4.0707,45.113],[4.0727,45.1195],[4.0767,45.1336],[4.0869,45.1482],[4.0573,45.1661],[4.0465,45.1628],[4.056,45.157],[4.0711,45.1512],[4.0468,45.1447],[4.0456,45.1596],[4.0419,45.1612],[4.0417,45.1918],[3.9938,45.2029],[3.976,45.1916],[3.9494,45.1866],[3.9398,45.1646],[3.9595,45.1627],[3.9676,45.1813],[3.9651,45.1806],[3.9702,45.1846],[3.9685,45.1825],[3.9799,45.1528],[3.9508,45.1447],[3.9213,45.184],[3.9352,45.2031],[3.9625,45.1985],[3.9962,45.2042],[4.0201,45.2051],[4.0155,45.2148],[4.0081,45.2147],[4.0061,45.2098],[3.9949,45.2107],[3.9862,45.203],[3.9539,45.2065],[3.9292,45.2026],[3.9138,45.1951],[3.8883,45.1604],[3.9048,45.1292],[3.9566,45.0915],[3.9584,45.0971],[3.9597,45.0949],[3.96,45.0915],[3.9628,45.0949],[3.9702,45.093],[3.9646,45.0861],[3.9785,45.072],[3.9933,45.0667],[3.9888,45.0695],[4.009,45.0732],[3.9982,45.0652],[3.9933,45.0667]]],[[[3.8322,45.1601],[3.8328,45.1652],[3.8165,45.1607],[3.8141,45.1577],[3.8091,45.1579],[3.817,45.1532],[3.8227,45.1541],[3.8122,45.148],[3.8136,45.1464],[3.8233,45.1492],[3.8295,45.1419],[3.8368,45.1469],[3.8368,45.1471],[3.8385,45.1484],[3.8437,45.1468],[3.8377,45.1531],[3.8265,45.1596],[3.8322,45.1601]]],[[[3.7257,45.1609],[3.7222,45.165],[3.7235,45.1603],[3.7301,45.1582],[3.7319,45.163],[3.7257,45.1609]]],[[[3.7076,45.1435],[3.7212,45.1446],[3.7175,45.1523],[3.7203,45.1641],[3.7115,45.1527],[3.7059,45.1523],[3.7064,45.1474],[3.7049,45.1452],[3.7053,45.1428],[3.6972,45.1406],[3.7048,45.1414],[3.7081,45.1458],[3.7076,45.1435]]],[[[3.887,45.1036],[3.8722,45.1004],[3.8659,45.0979],[3.8524,45.1041],[3.8493,45.1434],[3.8288,45.1333],[3.8286,45.128],[3.819,45.1322],[3.816,45.1313],[3.8276,45.1262],[3.8446,45.0868],[3.8619,45.0773],[3.8733,45.0911],[3.8911,45.0956],[3.8929,45.0914],[3.9,45.0901],[3.8925,45.0972],[3.8874,45.1017],[3.887,45.1036]]],[[[4.1152,45.1262],[4.1175,45.1309],[4.1111,45.1336],[4.1109,45.1312],[4.1152,45.1262]]],[[[4.0852,45.1131],[4.0905,45.1208],[4.078,45.1317],[4.074,45.1159],[4.0777,45.1151],[4.0852,45.1131]]],[[[3.7769,45.1319],[3.7769,45.1341],[3.7758,45.1324],[3.7769,45.1319]]],[[[3.8147,45.1323],[3.8118,45.1337],[3.8017,45.1315],[3.8061,45.1282],[3.8101,45.1319],[3.8147,45.1323]]],[[[3.719,45.123],[3.7123,45.1293],[3.7142,45.1257],[3.7156,45.1205],[3.719,45.123]]],[[[3.6903,45.1274],[3.693,45.1276],[3.693,45.1286],[3.6925,45.128],[3.6903,45.1274]]],[[[3.7172,45.1045],[3.7193,45.0999],[3.722,45.1006],[3.7172,45.1045]]],[[[4.2136,45.0401],[4.2257,45.0484],[4.2156,45.0779],[4.2138,45.0763],[4.2234,45.0503],[4.2089,45.0519],[4.2017,45.0473],[4.2037,45.043],[4.213,45.0393],[4.2136,45.0401]]],[[[3.9054,45.0839],[3.9034,45.0864],[3.8941,45.0811],[3.8886,45.0674],[3.9048,45.0651],[3.911,45.047],[3.9317,45.0331],[3.9225,44.9997],[3.8915,45.0106],[3.8768,44.9868],[3.8981,44.9463],[3.8998,44.9462],[3.8992,44.9452],[3.9073,44.9458],[3.9017,44.9374],[3.9071,44.9352],[3.8997,44.9241],[3.9162,44.9199],[3.9173,44.9136],[3.9114,44.9147],[3.9178,44.9128],[3.9203,44.9147],[3.9176,44.9198],[3.9086,44.9256],[3.9447,44.9324],[3.9438,44.9336],[3.9827,44.9292],[3.9869,44.9303],[3.9947,44.9261],[3.9985,44.9287],[4,44.9266],[3.9999,44.9293],[4.0064,44.9311],[3.9951,44.9528],[4.0325,44.9489],[4.03,44.9756],[4.078,44.9588],[4.086,44.9768],[4.06,44.9814],[4.0264,45.0194],[3.9054,45.0839]],[[3.9388,45.046],[3.948,45.0476],[3.9515,45.0463],[3.9502,45.0409],[3.9404,45.0409],[3.9388,45.046]],[[3.9432,45.0293],[3.9721,45.0214],[3.9784,45.0137],[3.9489,45.0194],[3.9432,45.0293]],[[4.0462,45.0073],[4.0467,45.0032],[4.0458,45.0052],[4.0462,45.0073]]],[[[3.9878,44.9844],[3.9789,44.9838],[3.9756,44.9811],[3.9739,44.9755],[3.9878,44.9844]]],[[[3.9365,45.0825],[3.9347,45.0833],[3.9355,45.0787],[3.9403,45.0779],[3.9414,45.0801],[3.9364,45.0793],[3.9365,45.0825]]],[[[3.8336,45.0732],[3.8203,45.0726],[3.8897,45.0188],[3.8951,45.0455],[3.859,45.0502],[3.8336,45.0732]]],[[[4.2385,45.0514],[4.2362,45.0543],[4.2336,45.0546],[4.2311,45.0487],[4.2342,45.0472],[4.238,45.0487],[4.2385,45.0514]]],[[[3.9497,45.0455],[3.9478,45.0463],[3.9448,45.0452],[3.9497,45.0455]]],[[[4.017,45.0389],[4.0071,45.0301],[4.0207,45.0266],[4.0273,45.0324],[4.0358,45.0288],[4.0375,45.0336],[4.0275,45.0359],[4.0272,45.0336],[4.0182,45.0319],[4.017,45.0389]]],[[[4.19,45.0246],[4.1973,45.021],[4.1963,45.0237],[4.1984,45.0247],[4.19,45.0246]]],[[[4.1359,45.0121],[4.1257,45.0209],[4.1267,45.0163],[4.1031,45.0145],[4.1144,45.0084],[4.1099,45.0031],[4.1168,45.0011],[4.1224,45.003],[4.118,45.0038],[4.1262,45.0098],[4.1359,45.0121]]],[[[4.1317,45.0002],[4.1249,45.0022],[4.1287,45],[4.1317,45.0002]]],[[[4.0913,44.9847],[4.0949,44.9838],[4.0969,44.9854],[4.0954,44.9876],[4.0913,44.9847]]],[[[4.1175,44.956],[4.1152,44.9506],[4.1213,44.9561],[4.1175,44.956]]],[[[4.0625,44.9515],[4.0582,44.9507],[4.0563,44.9478],[4.051,44.9498],[4.0559,44.9466],[4.0625,44.9515]]],[[[4.0128,44.939],[4.0156,44.9409],[4.011,44.9433],[4.0092,44.9408],[4.0131,44.942],[4.0128,44.939]]],[[[4.0639,44.9315],[4.0537,44.9325],[4.0572,44.9285],[4.0587,44.9307],[4.0624,44.9282],[4.0626,44.9304],[4.0666,44.9298],[4.0639,44.9315]]],[[[3.9068,44.9174],[3.9033,44.9159],[3.9073,44.9162],[3.9087,44.9124],[3.9085,44.917],[3.9068,44.9174]]],[[[3.906,44.9103],[3.8898,44.9091],[3.8881,44.9053],[3.9002,44.906],[3.9055,44.9067],[3.9001,44.9077],[3.906,44.9103]]]]},"properties":{"sector_id":55}},
{"type":"Feature","geometry":{"type":"MultiPolygon","coordinates":[[[[-1.5173,49.1976],[-1.4525,49.2092],[-1.4443,49.2248],[-1.5152,49.2278],[-1.553,49.2543],[-1.5834,49.2411],[-1.5538,49.2009],[-1.5173,49.1976]]],[[[-1.3006,49.5522],[-1.3482,49.5724],[-1.4631,49.5394],[-1.5046,49.5099],[-1.5518,49.499],[-1.5699,49.4468],[-1.5249,49.4477],[-1.5061,49.4279],[-1.5043,49.3768],[-1.5361,49.358],[-1.5632,49.3654],[-1.598,49.335],[-1.4988,49.3401],[-1.4479,49.3697],[-1.4108,49.3573],[-1.4103,49.3337],[-1.3861,49.2878],[-1.4116,49.2807],[-1.4044,49.182],[-1.3462,49.1621],[-1.2572,49.1416],[-1.1587,49.1408],[-1.1413,49.149],[-1.0934,49.2055],[-1.003,49.2023],[-0.928,49.2326],[-0.842,49.242],[-0.8071,49.2174],[-0.7692,49.2261],[-0.7544,49.1674],[-0.7314,49.1414],[-0.6946,49.1259],[-0.6206,49.1546],[-0.6199,49.1798],[-0.6534,49.1437],[-0.7166,49.1606],[-0.691,49.2382],[-0.7822,49.2352],[-0.8296,49.2521],[-0.8882,49.2869],[-0.9822,49.3092],[-1.0143,49.3054],[-1.1068,49.3182],[-1.1202,49.3567],[-1.1901,49.4337],[-1.2564,49.4862],[-1.286,49.5179],[-1.3006,49.5522]]]]},"properties":{"sector_id":56}},
{"type":"Feature","geometry":{"type":"MultiPolygon","coordinates":[[[[-0.177,46.5565],[-0.1577,46.5703],[-0.1118,46.5478],[-0.1296,46.5317],[-0.0827,46.4946],[-0.0036,46.536],[-0.1289,46.6109],[-0.1034,46.6823],[-0.1071,46.6935],[-0.1692,46.7572],[-0.2096,46.8134],[-0.2118,46.8375],[-0.2013,46.8455],[-0.2061,46.8497],[-0.2074,46.8563],[-0.2098,46.8572],[-0.2107,46.8671],[-0.2256,46.9074],[-0.2526,46.9275],[-0.2542,46.934],[-0.253,46.9355],[-0.254,46.9933],[-0.3073,47.01],[-0.2933,47.0314],[-0.2899,47.0393],[-0.2744,47.0628],[-0.2715,47.0603],[-0.2669,47.0828],[-0.2842,47.0848],[-0.2827,47.0875],[-0.2847,47.0864],[-0.2838,47.0881],[-0.2979,47.0893],[-0.3636,47.0835],[-0.3469,47.1014],[-0.3452,47.1038],[-0.346,47.1057],[-0.3083,47.1348],[-0.3006,47.1387],[-0.2954,47.1475],[-0.2595,47.1576],[-0.2758,47.1826],[-0.2997,47.1871],[-0.3273,47.2148],[-0.3651,47.2265],[-0.3687,47.2586],[-0.4147,47.2698],[-0.4792,47.2705],[-0.4395,47.3544],[-0.4711,47.3752],[-0.4336,47.4009],[-0.4121,47.4008],[-0.4038,47.401],[-0.3882,47.3963],[-0.3847,47.3994],[-0.3733,47.4013],[-0.3634,47.4027],[-0.3579,47.4059],[-0.3521,47.405],[-0.328,47.3987],[-0.3036,47.3978],[-0.2958,47.3963],[-0.2822,47.392],[-0.2785,47.3892],[-0.2649,47.3714],[-0.2624,47.3642],[-0.2576,47.3581],[-0.239,47.3461],[-0.2289,47.3394],[-0.18,47.3407],[-0.1902,47.3741],[-0.286,47.4157],[-0.3447,47.4513],[-0.3797,47.4488],[-0.4741,47.4678],[-0.4613,47.4953],[-0.5092,47.5099],[-0.4855,47.5517],[-0.5542,47.5569],[-0.5619,47.5307],[-0.5981,47.512],[-0.6173,47.5312],[-0.6817,47.5431],[-0.7509,47.5658],[-0.7184,47.6086],[-0.694,47.616],[-0.7239,47.7145],[-0.708,47.7273],[-0.7367,47.7562],[-0.7471,47.7527],[-0.7486,47.758],[-0.7866,47.783],[-0.7879,47.8293],[-0.7783,47.8625],[-0.7851,47.8733],[-0.7866,47.8878],[-0.7761,47.8829],[-0.7714,47.8913],[-0.7755,47.8989],[-0.7628,47.9102],[-0.7658,47.91],[-0.8018,47.9219],[-0.8499,47.9309],[-0.8503,47.9673],[-0.8764,47.9745],[-0.8927,48.0285],[-0.8763,48.0449],[-0.9215,48.0671],[-1.0309,48.08],[-1.0127,48.0949],[-1.0323,48.1606],[-0.9532,48.1939],[-0.9546,48.2215],[-0.9812,48.241],[-1.0685,48.2497],[-1.0524,48.2972],[-1.1213,48.2694],[-1.1887,48.2566],[-1.2228,48.2411],[-1.2884,48.2609],[-1.3557,48.2474],[-1.4168,48.2671],[-1.4434,48.2972],[-1.4851,48.3195],[-1.525,48.298],[-1.6242,48.374],[-1.665,48.3834],[-1.6874,48.4032],[-1.7629,48.3389],[-1.7532,48.3291],[-1.7593,48.2688],[-1.8441,48.2836],[-1.9049,48.2717],[-1.9559,48.2179],[-1.9909,48.2029],[-2.0276,48.2233],[-2.0842,48.2182],[-2.0906,48.2398],[-2.1551,48.2194],[-2.1906,48.2164],[-2.2512,48.2293],[-2.2872,48.2173],[-2.3387,48.2346],[-2.3699,48.2308],[-2.4707,48.2443],[-2.4601,48.2227],[-2.3795,48.1975],[-2.3414,48.1371],[-2.2412,48.1177],[-2.1867,48.0986],[-2.1546,48.0501],[-2.1073,48.0518],[-2.0844,48.0127],[-2.0996,47.9722],[-2.0544,47.9613],[-2.0048,47.9705],[-1.927,47.9642],[-1.927,47.9352],[-1.8471,47.9318],[-1.8623,47.8912],[-1.9007,47.8897],[-1.9287,47.8214],[-1.9817,47.812],[-2.0097,47.7765],[-2.0646,47.7255],[-2.0325,47.7156],[-2.0934,47.638],[-2.1256,47.6349],[-2.1602,47.6502],[-2.1787,47.63],[-2.2293,47.6441],[-2.291,47.6761],[-2.3115,47.6684],[-2.3733,47.6722],[-2.4062,47.6516],[-2.4219,47.599],[-2.3858,47.5827],[-2.3858,47.5387],[-2.4956,47.5184],[-2.4823,47.4962],[-2.4961,47.4542],[-2.4585,47.4234],[-2.536,47.3834],[-2.5086,47.3438],[-2.4947,47.2746],[-2.4477,47.2609],[-2.3956,47.2809],[-2.3556,47.271],[-2.2985,47.2333],[-2.1958,47.2751],[-2.1692,47.2674],[-2.1811,47.2323],[-2.1585,47.21],[-2.1782,47.1561],[-2.219,47.1522],[-2.2149,47.1237],[-2.1084,47.1092],[-2.0544,47.0952],[-2.0138,47.065],[-1.945,47.0367],[-1.7241,46.9946],[-1.7455,46.9619],[-1.8059,46.9872],[-1.8716,46.9672],[-1.8995,46.9319],[-1.997,46.9316],[-2.0494,46.9247],[-2.0571,46.9062],[-1.9726,46.8892],[-1.9068,46.8408],[-1.8122,46.8223],[-1.804,46.7997],[-1.8689,46.7927],[-1.8357,46.7698],[-1.8487,46.7545],[-1.937,46.7365],[-2.0026,46.7355],[-1.9658,46.6913],[-1.9424,46.6923],[-1.8978,46.6397],[-1.856,46.6086],[-1.8128,46.4938],[-1.77,46.4892],[-1.6889,46.4426],[-1.5026,46.4657],[-1.418,46.4466],[-1.393,46.4657],[-1.361,46.4657],[-1.3519,46.4953],[-1.3191,46.5003],[-1.2812,46.5268],[-1.2537,46.5204],[-1.1505,46.5477],[-1.0569,46.5983],[-1.0199,46.6028],[-0.9876,46.5838],[-0.9408,46.5821],[-0.9398,46.5494],[-0.8547,46.5686],[-0.8547,46.547],[-0.8096,46.5247],[-0.8188,46.5005],[-0.7135,46.4734],[-0.644,46.5113],[-0.6008,46.5089],[-0.5395,46.5197],[-0.5045,46.4937],[-0.4038,46.4972],[-0.4001,46.4955],[-0.2884,46.4605],[-0.2803,46.4445],[-0.2285,46.4582],[-0.2736,46.4847],[-0.3441,46.5497],[-0.3969,46.5611],[-0.3999,46.5854],[-0.387,46.5907],[-0.3687,46.5769],[-0.3246,46.5949],[-0.3114,46.5654],[-0.2538,46.5473],[-0.2581,46.5065],[-0.2118,46.5209],[-0.2221,46.5464],[-0.1847,46.554],[-0.2227,46.5513],[-0.2165,46.5839],[-0.2142,46.5873],[-0.177,46.5565]],[[-1.21,46.7832],[-1.1768,46.7832],[-1.1584,46.7565],[-1.0841,46.7463],[-1.0165,46.7265],[-1.0293,46.7172],[-0.9911,46.7014],[-0.9838,46.6762],[-0.9267,46.6618],[-0.819,46.616],[-0.8283,46.5824],[-0.9545,46.645],[-1.0546,46.678],[-1.1536,46.7461],[-1.2154,46.7698],[-1.21,46.7832]],[[-1.7673,46.8188],[-1.6937,46.8116],[-1.6795,46.7918],[-1.7751,46.7848],[-1.7673,46.8188]],[[-1.4785,47.0875],[-1.4551,47.0718],[-1.3907,47.0558],[-1.3683,47.0174],[-1.3728,46.9643],[-1.4327,46.9725],[-1.455,46.9999],[-1.489,47.092],[-1.4785,47.0875]],[[-1.5972,47.0383],[-1.614,47.0346],[-1.7028,47.0589],[-1.7537,47.0665],[-1.7163,47.096],[-1.6885,47.1399],[-1.7331,47.1624],[-1.7258,47.163],[-1.6691,47.1716],[-1.6407,47.1548],[-1.5881,47.1622],[-1.5421,47.1193],[-1.5357,47.0963],[-1.4956,47.0647],[-1.5313,47.0463],[-1.5841,47.0369],[-1.5972,47.0383]],[[-1.9327,47.1573],[-1.9022,47.1188],[-1.9354,47.1087],[-2.0001,47.1561],[-1.9327,47.1573]],[[-0.3949,47.2062],[-0.3154,47.1378],[-0.3501,47.1364],[-0.3994,47.1543],[-0.4179,47.196],[-0.3949,47.2062]],[[-1.3692,47.122],[-1.3309,47.1151],[-1.3233,47.0685],[-1.3468,47.0478],[-1.3735,47.0643],[-1.3692,47.122]],[[-0.4963,47.3401],[-0.4917,47.3401],[-0.4937,47.3357],[-0.4963,47.3401]],[[-1.5043,47.4524],[-1.4649,47.441],[-1.4729,47.395],[-1.4575,47.3593],[-1.5244,47.3888],[-1.5495,47.4443],[-1.5043,47.4524]],[[-1.9652,47.4121],[-1.9914,47.4672],[-2.0373,47.4594],[-2.0734,47.4826],[-2.0675,47.5143],[-2.0024,47.5015],[-1.9839,47.4786],[-1.9234,47.4334],[-1.9536,47.4107],[-1.9652,47.4121]],[[-1.7101,47.4978],[-1.7309,47.5008],[-1.7677,47.4723],[-1.7868,47.4792],[-1.8852,47.4844],[-1.8591,47.5286],[-1.7957,47.5632],[-1.7747,47.5876],[-1.6993,47.5275],[-1.7086,47.5143],[-1.6965,47.4945],[-1.7289,47.4963],[-1.7101,47.4978]],[[-1.2292,47.573],[-1.1622,47.5621],[-1.1357,47.5463],[-1.0485,47.5535],[-0.9812,47.55],[-0.9365,47.5253],[-1.0506,47.5132],[-1.1613,47.5365],[-1.1844,47.5226],[-1.2021,47.5208],[-1.2551,47.533],[-1.2554,47.5435],[-1.3325,47.5632],[-1.3481,47.5719],[-1.3273,47.5813],[-1.2908,47.5784],[-1.293,47.5587],[-1.271,47.5574],[-1.2442,47.5727],[-1.2292,47.573]],[[-1.5798,47.4894],[-1.5833,47.4506],[-1.6208,47.4479],[-1.6629,47.4731],[-1.6622,47.4972],[-1.5927,47.5263],[-1.565,47.4864],[-1.5798,47.4894]],[[-1.0787,47.5711],[-1.1673,47.5742],[-1.2328,47.5896],[-1.2545,47.594],[-1.2572,47.6007],[-1.2151,47.5969],[-1.137,47.575],[-1.0574,47.5699],[-1.0787,47.5711]],[[-1.0836,47.697],[-1.0937,47.6835],[-1.1494,47.6773],[-1.1564,47.6911],[-1.0836,47.697]],[[-1.7467,48.0963],[-1.697,48.067],[-1.6909,48.0374],[-1.7181,48.026],[-1.7749,48.088],[-1.7569,48.1049],[-1.7467,48.0963]],[[-0.6886,46.544],[-0.6762,46.5465],[-0.6639,46.5058],[-0.7049,46.5108],[-0.7054,46.53],[-0.6886,46.544]]],[[[-0.7674,47.8887],[-0.7694,47.882],[-0.7666,47.8896],[-0.7674,47.8887]]],[[[-0.7717,47.8373],[-0.7717,47.838],[-0.7717,47.8389],[-0.7734,47.8389],[-0.7717,47.8373]]],[[[-0.3028,47.0949],[-0.2907,47.0976],[-0.304,47.0955],[-0.3028,47.0949]]],[[[-1.8449,46.8019],[-1.8326,46.8057],[-1.8337,46.8076],[-1.8449,46.8019]]]]},"properties":{"sector_id":57}},
{"type":"Feature","geometry":{"type":"MultiPolygon","coordinates":[[[[2.5909,46.4222],[2.5693,46.4147],[2.5668,46.4104],[2.5732,46.4155],[2.5781,46.4143],[2.5909,46.4222]]],[[[2.6859,46.5299],[2.685,46.5338],[2.6831,46.5332],[2.6853,46.5306],[2.6859,46.5299]]],[[[2.5292,46.5334],[2.5313,46.5339],[2.5312,46.5349],[2.5292,46.5334]]],[[[2.6814,46.5327],[2.6798,46.5332],[2.6777,46.536],[2.6783,46.5309],[2.6814,46.5327]]],[[[2.8661,46.6535],[2.8652,46.658],[2.8578,46.6563],[2.858,46.6548],[2.8661,46.6535]]],[[[2.8705,46.6622],[2.8502,46.6674],[2.8547,46.6653],[2.8482,46.6636],[2.8474,46.6619],[2.8497,46.661],[2.846,46.6593],[2.8519,46.6591],[2.8705,46.6622]]],[[[3.1224,46.6252],[3.1105,46.6534],[3.0568,46.6575],[3.008,46.5952],[2.9524,46.5493],[2.8763,46.5717],[2.8751,46.5658],[2.8709,46.5671],[2.8742,46.569],[2.8741,46.5711],[2.8673,46.5712],[2.8772,46.5991],[2.8832,46.6021],[2.8837,46.6069],[2.8789,46.6087],[2.8888,46.629],[2.8925,46.6326],[2.8921,46.6348],[2.8818,46.6309],[2.8838,46.6421],[2.8739,46.6485],[2.8625,46.6462],[2.8422,46.652],[2.7812,46.6336],[2.7697,46.6279],[2.7669,46.6302],[2.7534,46.6136],[2.7123,46.6109],[2.7126,46.5899],[2.7396,46.5828],[2.7226,46.5743],[2.6948,46.5371],[2.6834,46.5274],[2.6732,46.5304],[2.6715,46.5382],[2.6612,46.574],[2.6286,46.5862],[2.6241,46.5938],[2.6046,46.5941],[2.6041,46.5929],[2.6163,46.5934],[2.614,46.5927],[2.6055,46.5904],[2.6039,46.5882],[2.6078,46.5783],[2.6525,46.5462],[2.6241,46.5199],[2.6192,46.4579],[2.6319,46.3958],[2.6289,46.309],[2.6366,46.304],[2.5918,46.3264],[2.5875,46.336],[2.5807,46.3241],[2.5716,46.321],[2.5675,46.312],[2.5504,46.3316],[2.5308,46.3455],[2.5155,46.3497],[2.5215,46.4155],[2.4738,46.4383],[2.468,46.5006],[2.4398,46.5262],[2.5239,46.5146],[2.5327,46.531],[2.5205,46.5284],[2.456,46.5336],[2.4484,46.555],[2.3712,46.5768],[2.243,46.5388],[2.197,46.5531],[2.1703,46.5369],[2.1272,46.5375],[2.1024,46.5161],[2.0491,46.5215],[2.0149,46.5117],[2.0204,46.5602],[1.9967,46.5708],[1.9461,46.5394],[1.902,46.556],[1.8095,46.5543],[1.7776,46.5731],[1.7668,46.5602],[1.7365,46.5523],[1.7101,46.5148],[1.6855,46.5131],[1.6324,46.5191],[1.5523,46.5582],[1.5306,46.5266],[1.544,46.4935],[1.5256,46.4752],[1.5623,46.4583],[1.5509,46.4181],[1.5498,46.3401],[1.488,46.3018],[1.4809,46.29],[1.4618,46.2351],[1.5089,46.2078],[1.6114,46.2239],[1.6392,46.2124],[1.7551,46.2371],[1.7927,46.2138],[1.8017,46.1727],[1.8279,46.1659],[1.9012,46.1012],[1.9653,46.069],[1.9992,46.0326],[2.0349,46.0205],[2.0167,45.9566],[2.0702,45.9241],[2.0689,45.8845],[2.1033,45.8587],[2.0467,45.8097],[2.0447,45.7717],[2.0577,45.7534],[2.0985,45.741],[2.1211,45.6978],[2.102,45.6818],[2.0948,45.6476],[2.117,45.6024],[2.162,45.5785],[2.1546,45.5475],[2.1739,45.5151],[2.2245,45.4833],[2.2648,45.4],[2.2141,45.3504],[2.2045,45.3282],[2.2029,45.2232],[2.2753,45.2419],[2.2967,45.2477],[2.303,45.2864],[2.3323,45.3042],[2.3707,45.2633],[2.4271,45.288],[2.4474,45.319],[2.5166,45.3239],[2.5289,45.296],[2.5951,45.265],[2.6249,45.28],[2.7269,45.2523],[2.7531,45.279],[2.707,45.321],[2.7578,45.32],[2.7599,45.2897],[2.8007,45.2878],[2.869,45.3298],[2.8395,45.3584],[2.8219,45.3998],[2.7933,45.3866],[2.758,45.3934],[2.767,45.4359],[2.797,45.4618],[2.7059,45.4809],[2.689,45.5065],[2.7012,45.5318],[2.6571,45.5439],[2.6664,45.5613],[2.5998,45.5671],[2.6156,45.5939],[2.6668,45.5947],[2.699,45.5831],[2.7267,45.6188],[2.7301,45.6378],[2.7268,45.644],[2.729,45.6477],[2.7265,45.653],[2.7266,45.6609],[2.7246,45.6665],[2.7485,45.6807],[2.7612,45.704],[2.7721,45.7065],[2.7754,45.7034],[2.7753,45.6993],[2.777,45.6981],[2.7787,45.714],[2.7964,45.7084],[2.8049,45.6898],[2.804,45.6942],[2.8,45.7121],[2.8034,45.7204],[2.8092,45.7212],[2.8164,45.7434],[2.8566,45.7744],[2.8441,45.7973],[2.8807,45.8692],[2.9221,45.8766],[2.958,45.8973],[2.955,45.9],[2.9568,45.9072],[2.9681,45.9082],[2.9727,45.9],[2.9849,45.8997],[3.0069,45.8963],[3.0101,45.8939],[3.0218,45.905],[3.0477,45.9087],[3.061,45.9546],[3.0631,45.9607],[3.1022,46.0025],[3.1472,46.0684],[3.1757,46.0842],[3.1762,46.1847],[3.0959,46.092],[3.0695,46.085],[3.0461,46.1355],[3.0599,46.1566],[3.0405,46.1777],[3.0762,46.1936],[3.0973,46.2231],[3.164,46.2236],[3.1776,46.2672],[3.2074,46.2801],[3.2262,46.3308],[3.2542,46.3497],[3.2604,46.4006],[3.2541,46.4339],[3.2306,46.4598],[3.243,46.484],[3.2272,46.5077],[3.2254,46.5448],[3.1597,46.5262],[3.1458,46.5563],[3.1608,46.6215],[3.1224,46.6252]],[[2.7386,46.49],[2.7689,46.4943],[2.7979,46.4881],[2.8951,46.499],[2.9216,46.4553],[2.8606,46.4396],[2.8874,46.4162],[2.869,46.4026],[2.8052,46.4018],[2.7804,46.4189],[2.7516,46.3946],[2.7111,46.4709],[2.6926,46.4972],[2.7386,46.49]],[[2.8085,46.3723],[2.8189,46.3555],[2.789,46.3213],[2.7649,46.3548],[2.7928,46.3745],[2.8085,46.3723]],[[2.5678,45.7358],[2.5625,45.7237],[2.5572,45.7375],[2.5593,45.7389],[2.5678,45.7358]],[[2.5514,45.5586],[2.5606,45.5612],[2.5719,45.5562],[2.5514,45.5586]]]]},"properties":{"sector_id":58}},
{"type":"Feature","geometry":{"type":"Polygon","coordinates":[[[5.6471,45.2854],[5.6577,45.2969],[5.6769,45.3299],[5.7176,45.371],[5.7421,45.3735],[5.7932,45.4241],[5.869,45.5377],[5.9161,45.5637],[5.9243,45.5808],[5.9544,45.6718],[5.971,45.694],[6.0196,45.725],[6.0841,45.8183],[6.1235,45.8978],[6.204,45.9222],[6.239,45.9763],[6.3126,46.0149],[6.3322,46.018],[6.3481,46.0258],[6.3948,46.0606],[6.4668,46.0668],[6.486,46.0819],[6.4579,46.0896],[6.3815,46.0884],[6.3624,46.0992],[6.4166,46.1098],[6.4338,46.1389],[6.378,46.1488],[6.3425,46.1679],[6.3293,46.2025],[6.3452,46.2338],[6.3766,46.2549],[6.4494,46.2767],[6.4722,46.3043],[6.5404,46.3452],[6.5863,46.3267],[6.6603,46.3588],[6.6589,46.3733],[6.7059,46.408],[6.5881,46.4022],[6.5448,46.3947],[6.492,46.3982],[6.475,46.3746],[6.4131,46.3596],[6.39,46.3402],[6.3447,46.3699],[6.3023,46.3658],[6.2767,46.3497],[6.2376,46.2778],[6.2666,46.2475],[6.2774,46.2156],[6.2328,46.206],[6.1875,46.1799],[6.1409,46.1818],[6.0727,46.1529],[6.0248,46.1524],[5.9919,46.187],[5.9637,46.197],[6.0337,46.2384],[6.1242,46.251],[6.1033,46.2784],[6.1203,46.3132],[6.1704,46.3675],[6.1269,46.3924],[6.0862,46.3587],[6.054,46.3569],[6.0221,46.2955],[5.9839,46.2614],[5.9634,46.2206],[5.9194,46.2012],[5.8921,46.156],[5.8915,46.1192],[5.8639,46.1158],[5.8442,46.1428],[5.8605,46.1837],[5.8137,46.1974],[5.7744,46.1574],[5.7505,46.0943],[5.7448,46.0335],[5.7559,46.0082],[5.8062,45.9717],[5.8095,45.9331],[5.7864,45.891],[5.7923,45.8559],[5.7779,45.8436],[5.7336,45.8635],[5.7441,45.863],[5.731,45.8773],[5.7448,45.9168],[5.7289,45.9841],[5.7148,46.0044],[5.6721,46.0044],[5.6305,45.9123],[5.6459,45.8695],[5.6592,45.8693],[5.662,45.8523],[5.7032,45.8284],[5.7555,45.7748],[5.6989,45.7853],[5.659,45.8246],[5.6048,45.8154],[5.6178,45.788],[5.6489,45.7648],[5.6455,45.7071],[5.6816,45.6618],[5.7004,45.6578],[5.6945,45.6427],[5.6883,45.639],[5.6822,45.6241],[5.6975,45.6064],[5.7255,45.6002],[5.7401,45.5227],[5.7241,45.4906],[5.6765,45.4405],[5.6729,45.3969],[5.6237,45.3344],[5.6471,45.2854]]]},"properties":{"sector_id":59}},
{"type":"Feature","geometry":{"type":"Polygon","coordinates":[[[5.4879,45.2105],[5.4994,45.2195],[5.5015,45.2388],[5.5422,45.2812],[5.6042,45.3012],[5.6155,45.2689],[5.6169,45.2662],[5.6439,45.2809],[5.6471,45.2854],[5.6237,45.3344],[5.6729,45.3969],[5.6765,45.4405],[5.7241,45.4906],[5.7401,45.5227],[5.7255,45.6002],[5.6975,45.6064],[5.6822,45.6241],[5.6883,45.639],[5.6612,45.6177],[5.606,45.5851],[5.547,45.6305],[5.4788,45.6534],[5.473,45.6721],[5.4312,45.6288],[5.4017,45.6337],[5.3954,45.6368],[5.3883,45.6373],[5.388,45.6385],[5.3924,45.6409],[5.3887,45.6441],[5.379,45.6432],[5.3134,45.6444],[5.2838,45.6229],[5.2803,45.597],[5.3328,45.584],[5.3552,45.5658],[5.4981,45.5756],[5.5139,45.5671],[5.5332,45.5675],[5.5506,45.5625],[5.5588,45.5261],[5.4887,45.4958],[5.466,45.4766],[5.4519,45.4346],[5.4168,45.4493],[5.4859,45.5073],[5.5269,45.5222],[5.5474,45.5473],[5.5323,45.5671],[5.5116,45.5653],[5.4969,45.5732],[5.4288,45.5587],[5.3065,45.5667],[5.2962,45.5824],[5.2335,45.5938],[5.1991,45.5912],[5.1477,45.6041],[5.1017,45.6268],[5.0954,45.6686],[5.1441,45.6975],[5.1268,45.7161],[5.1499,45.7559],[5.1596,45.7945],[5.0965,45.8095],[5.0519,45.8038],[5.0186,45.7858],[4.9126,45.7668],[4.9044,45.7696],[4.8923,45.7862],[4.8832,45.7933],[4.8802,45.7989],[4.87,45.7928],[4.8419,45.7809],[4.8362,45.7689],[4.8122,45.745],[4.8067,45.6961],[4.7512,45.6765],[4.7437,45.651],[4.7698,45.5815],[4.8097,45.5643],[4.8622,45.5248],[4.7917,45.4862],[4.7547,45.4581],[4.7348,45.4031],[4.7565,45.3539],[4.7592,45.3229],[4.7854,45.3057],[4.8005,45.2567],[4.7955,45.1861],[4.8151,45.1549],[4.8003,45.1232],[4.833,45.0617],[4.837,45.0727],[4.8304,45.0757],[4.8381,45.0951],[4.8177,45.1359],[4.8331,45.159],[4.8109,45.1957],[4.83,45.2123],[4.8412,45.2212],[4.843,45.2281],[4.8396,45.2427],[4.8492,45.2422],[4.8869,45.2629],[4.9614,45.2764],[4.9892,45.2914],[5.0414,45.2994],[5.1109,45.3336],[5.1845,45.3182],[5.1944,45.3325],[5.2726,45.3476],[5.2996,45.337],[5.3375,45.3437],[5.3957,45.3343],[5.4668,45.3368],[5.5064,45.3231],[5.4822,45.2955],[5.4718,45.2461],[5.4879,45.2105]],[[4.8422,45.627],[4.8355,45.5824],[4.8837,45.5369],[4.9299,45.5193],[4.8639,45.5049],[4.8759,45.5371],[4.8457,45.5441],[4.7935,45.5853],[4.8199,45.6287],[4.8499,45.6327],[4.8422,45.627]],[[4.8052,45.6333],[4.782,45.6055],[4.7653,45.6684],[4.805,45.6867],[4.818,45.6557],[4.8052,45.6333]]]},"properties":{"sector_id":60}},
{"type":"Feature","geometry":{"type":"Polygon","coordinates":[[[2.8689,42.9381],[2.8515,42.943],[2.8204,42.9135],[2.7916,42.8693],[2.7964,42.84],[2.7189,42.7986],[2.6971,42.7681],[2.7433,42.7454],[2.7814,42.7536],[2.7989,42.7516],[2.8244,42.7776],[2.8351,42.8108],[2.9442,42.8489],[2.9526,42.8513],[2.9835,42.8665],[3.0096,42.875],[3.0424,42.8994],[3.0424,42.9049],[3.0358,42.9049],[2.98,42.9035],[2.9751,42.9047],[2.9741,42.9144],[2.889,42.9218],[2.8689,42.9381]]]},"properties":{"sector_id":61}},
{"type":"Feature","geometry":{"type":"Polygon","coordinates":[[[3.4293,43.419],[3.4954,43.5479],[3.4811,43.5695],[3.51,43.5935],[3.5046,43.6195],[3.5383,43.6351],[3.5872,43.6798],[3.5701,43.7042],[3.555,43.7069],[3.5538,43.7],[3.5619,43.6896],[3.5099,43.6525],[3.4432,43.6655],[3.4363,43.6624],[3.4349,43.6644],[3.4302,43.661],[3.4399,43.6526],[3.4346,43.652],[3.4387,43.6438],[3.4661,43.5958],[3.468,43.5537],[3.4356,43.5173],[3.4349,43.4781],[3.4115,43.4618],[3.418,43.4227],[3.4052,43.3978],[3.3433,43.4061],[3.3292,43.4163],[3.3035,43.4491],[3.3045,43.4608],[3.2938,43.4752],[3.2848,43.4782],[3.2843,43.4873],[3.2785,43.489],[3.2797,43.4964],[3.2769,43.4989],[3.2783,43.506],[3.2771,43.5017],[3.275,43.4987],[3.2786,43.496],[3.2774,43.4879],[3.2796,43.4868],[3.2807,43.4772],[3.2972,43.4688],[3.3029,43.4478],[3.3232,43.4147],[3.327,43.4128],[3.3206,43.4148],[3.3064,43.4198],[3.3089,43.4166],[3.3547,43.3975],[3.4315,43.393],[3.4251,43.3506],[3.4348,43.3117],[3.4022,43.3076],[3.3933,43.3332],[3.2848,43.3718],[3.2423,43.3779],[3.2357,43.3849],[3.2366,43.4105],[3.2384,43.413],[3.2339,43.4114],[3.2316,43.3986],[3.2316,43.3829],[3.2536,43.3717],[3.279,43.3689],[3.3219,43.3552],[3.3906,43.317],[3.3518,43.2907],[3.2998,43.3244],[3.2455,43.3252],[3.2134,43.3371],[3.1789,43.3816],[3.1834,43.4015],[3.1833,43.4058],[3.1763,43.4113],[3.1679,43.4147],[3.1661,43.418],[3.1539,43.4276],[3.1361,43.4371],[3.1289,43.397],[3.1754,43.3369],[3.2312,43.3096],[3.2407,43.2909],[3.2905,43.2579],[3.2695,43.2323],[3.3457,43.2716],[3.43,43.2902],[3.5095,43.2717],[3.5252,43.2875],[3.4827,43.3236],[3.4663,43.3828],[3.4415,43.409],[3.4293,43.419]]]},"properties":{"sector_id":62}},
{"type":"Feature","geometry":{"type":"Polygon","coordinates":[[[3.213,43.2338],[3.1965,43.2524],[3.165,43.2515],[3.1258,43.269],[3.1011,43.2593],[3.0474,43.2733],[2.9941,43.2634],[2.9484,43.2665],[2.9601,43.3035],[2.9009,43.3131],[2.8632,43.2988],[2.8828,43.2633],[2.8747,43.2475],[2.8312,43.2486],[2.7711,43.2359],[2.7376,43.2702],[2.6725,43.2506],[2.5976,43.2872],[2.578,43.2877],[2.5295,43.3251],[2.5268,43.3256],[2.5205,43.3307],[2.5302,43.3205],[2.5776,43.2843],[2.5994,43.285],[2.6576,43.2507],[2.6151,43.2055],[2.5155,43.2026],[2.4893,43.1942],[2.4436,43.2095],[2.4304,43.2414],[2.4,43.2623],[2.3972,43.3004],[2.3968,43.3043],[2.3934,43.3092],[2.392,43.3077],[2.3954,43.2995],[2.3862,43.2349],[2.4468,43.1942],[2.5321,43.1818],[2.5796,43.1989],[2.6169,43.1974],[2.6756,43.2454],[2.7364,43.2624],[2.7703,43.2315],[2.8291,43.2201],[2.798,43.1711],[2.8195,43.1599],[2.8809,43.2119],[2.9386,43.2423],[2.9862,43.2201],[2.9704,43.1851],[2.9911,43.0919],[2.9737,43.0704],[3.013,43.0416],[3.0852,43.0569],[3.107,43.089],[3.1782,43.1663],[3.2256,43.2035],[3.2284,43.2195],[3.213,43.2338]],[[3.139,43.2441],[3.1883,43.224],[3.197,43.1871],[3.1176,43.1257],[3.065,43.1122],[3.0496,43.1462],[3.0614,43.1898],[3.0833,43.2111],[3.0787,43.2385],[3.1247,43.2464],[3.139,43.2441]]]},"properties":{"sector_id":63}},
{"type":"Feature","geometry":{"type":"MultiPolygon","coordinates":[[[[3.0511,42.8713],[2.9835,42.8665],[2.9526,42.8513],[2.9442,42.8489],[2.8351,42.8108],[2.8244,42.7776],[2.8902,42.7443],[2.8675,42.7165],[2.7554,42.7016],[2.6895,42.7014],[2.6602,42.7006],[2.631,42.69],[2.6083,42.6754],[2.5928,42.6652],[2.5841,42.6624],[2.5724,42.661],[2.5687,42.659],[2.5727,42.6511],[2.5867,42.6493],[2.6882,42.6553],[2.6923,42.6496],[2.7019,42.642],[2.7177,42.6408],[2.7247,42.6377],[2.7227,42.636],[2.7814,42.6186],[2.8098,42.6424],[2.8522,42.6603],[2.8999,42.701],[2.9471,42.7117],[3.0101,42.7071],[2.9929,42.6747],[2.9406,42.6661],[2.9566,42.6692],[2.9285,42.6746],[2.8992,42.6432],[2.9562,42.5986],[2.9252,42.5767],[2.8673,42.5556],[2.8172,42.527],[2.7487,42.5072],[2.7457,42.5001],[2.7433,42.5002],[2.7636,42.4838],[2.7672,42.4789],[2.7703,42.4796],[2.7752,42.4779],[2.7769,42.4804],[2.7829,42.4811],[2.7813,42.4926],[2.8038,42.4822],[2.8036,42.4799],[2.8066,42.4821],[2.8043,42.4847],[2.8016,42.4898],[2.8181,42.4987],[2.8194,42.4987],[2.8486,42.5203],[2.9485,42.5166],[2.9658,42.5277],[3.0337,42.536],[3.0391,42.5359],[3.0442,42.5379],[3.0484,42.5359],[3.056,42.5386],[3.0471,42.5635],[3.0348,42.661],[3.041,42.7235],[3.0394,42.8019],[3.0511,42.8713]]],[[[2.8309,42.516],[2.8373,42.5168],[2.8276,42.5156],[2.8309,42.516]]]]},"properties":{"sector_id":64}},
{"type":"Feature","geometry":{"type":"MultiPolygon","coordinates":[[[[0.7394,46.2434],[0.7715,46.2112],[0.8055,46.2415],[0.7352,46.2737],[0.7287,46.2472],[0.7394,46.2434]]],[[[0.7527,46.2117],[0.6943,46.2749],[0.6831,46.2221],[0.6892,46.2016],[0.6618,46.1354],[0.6802,46.1184],[0.7244,46.1376],[0.7322,46.1759],[0.7641,46.1829],[0.7527,46.2117]]],[[[0.8717,46.2813],[0.8553,46.309],[0.8039,46.317],[0.8163,46.2836],[0.8159,46.2729],[0.8558,46.2536],[0.8717,46.2813]]],[[[0.7348,46.2998],[0.7213,46.2794],[0.7628,46.2676],[0.7917,46.2669],[0.7897,46.2796],[0.8116,46.2889],[0.7985,46.3209],[0.7802,46.3076],[0.7844,46.2882],[0.7543,46.2906],[0.7395,46.3034],[0.7348,46.2998]]],[[[0.3148,46.9898],[0.3462,46.9823],[0.3189,46.9952],[0.3148,46.9898]]],[[[0.1442,46.7665],[0.1162,46.8024],[0.1139,46.8479],[0.1303,46.8753],[0.098,46.8922],[0.1015,46.9252],[0.1284,46.9474],[0.0336,46.9713],[-0.0071,46.9656],[-0.0367,46.9899],[-0.0726,47.0007],[-0.1388,46.9874],[-0.2022,47.0125],[-0.2419,47.0174],[-0.2771,47.0029],[-0.2673,46.997],[-0.2625,46.9973],[-0.254,46.9933],[-0.253,46.9355],[-0.2463,46.9435],[-0.2526,46.9275],[-0.2256,46.9074],[-0.2107,46.8671],[-0.2102,46.862],[-0.2048,46.8619],[-0.2069,46.8544],[-0.2074,46.8563],[-0.2061,46.8497],[-0.2013,46.8455],[-0.2118,46.8375],[-0.2096,46.8134],[-0.1692,46.7572],[-0.1071,46.6935],[-0.1034,46.6823],[-0.1289,46.6109],[-0.0036,46.536],[0.0132,46.5187],[0.018,46.4795],[0.0687,46.4294],[0.1898,46.3817],[0.22,46.3547],[0.2211,46.3289],[0.2461,46.2999],[0.3,46.2788],[0.4372,46.2657],[0.6021,46.2224],[0.6405,46.2197],[0.6491,46.2172],[0.6462,46.2211],[0.643,46.2251],[0.6843,46.2469],[0.6693,46.3184],[0.699,46.3429],[0.7112,46.3121],[0.7788,46.3044],[0.7644,46.3231],[0.8019,46.3263],[0.8307,46.3358],[0.8347,46.3182],[0.8578,46.3123],[0.9412,46.3188],[0.9803,46.3305],[0.988,46.3649],[1.0522,46.3694],[1.0853,46.3983],[1.0809,46.4399],[1.1238,46.4285],[1.156,46.3913],[1.1953,46.3951],[1.2681,46.3766],[1.2819,46.4104],[1.3274,46.45],[1.383,46.4825],[1.4414,46.4694],[1.4625,46.4758],[1.4799,46.4746],[1.4964,46.4729],[1.544,46.4935],[1.5306,46.5266],[1.5523,46.5582],[1.6324,46.5191],[1.6855,46.5131],[1.7101,46.5148],[1.7365,46.5523],[1.7668,46.5602],[1.7799,46.5765],[1.8121,46.5718],[1.8228,46.5841],[1.8487,46.5741],[1.8605,46.5755],[1.8834,46.5768],[1.8789,46.5833],[1.8519,46.6327],[1.8323,46.6465],[1.8505,46.7159],[1.8272,46.7447],[1.7191,46.8273],[1.6341,46.8051],[1.5906,46.8289],[1.5136,46.8425],[1.4431,46.8623],[1.4195,46.8908],[1.4138,46.8886],[1.3683,46.8369],[1.3997,46.7992],[1.3393,46.7875],[1.3089,46.7669],[1.2972,46.7125],[1.2588,46.6952],[1.0872,46.7135],[1.0303,46.7297],[0.9917,46.7248],[0.9524,46.7491],[0.9481,46.7456],[0.877,46.7216],[0.8461,46.6987],[0.8121,46.652],[0.8134,46.6255],[0.7494,46.6445],[0.6843,46.6349],[0.6241,46.635],[0.5925,46.6531],[0.5779,46.6817],[0.5494,46.6963],[0.5069,46.6566],[0.4783,46.6786],[0.4514,46.7227],[0.3637,46.7117],[0.3017,46.7248],[0.2766,46.7398],[0.2406,46.7357],[0.1432,46.7624],[0.1442,46.7665]],[[-0.0956,46.9708],[-0.0749,46.9529],[-0.1196,46.925],[-0.1401,46.9656],[-0.0956,46.9708]],[[-0.0665,46.8803],[-0.0608,46.8907],[-0.055,46.8912],[-0.0477,46.8846],[-0.0533,46.8763],[-0.0683,46.8757],[-0.0665,46.8803]],[[0.2291,46.7286],[0.209,46.7383],[0.2144,46.7377],[0.2246,46.7334],[0.2291,46.7286]]],[[[0.2282,46.98],[0.3114,46.9929],[0.3218,47.0256],[0.3056,47.0512],[0.2685,47.0414],[0.1938,47.0546],[0.1527,47.0859],[0.1146,47.0872],[0.0862,47.0623],[0.0568,47.0475],[0.0523,47.0427],[0.0461,47.04],[0.0454,47.0335],[0.049,47.039],[0.0747,47.0502],[0.0879,47.0272],[0.2282,46.98]]],[[[-0.291,47.0042],[-0.283,47.0057],[-0.2821,47.0097],[-0.2724,47.0121],[-0.2427,47.0578],[-0.2669,47.0828],[-0.2715,47.0603],[-0.2671,47.0532],[-0.2875,47.0422],[-0.2933,47.0314],[-0.3073,47.01],[-0.3045,47.0087],[-0.301,47.0097],[-0.3022,47.0132],[-0.2876,47.0145],[-0.291,47.0042]]],[[[-0.2838,47.0881],[-0.2847,47.0864],[-0.2827,47.0875],[-0.2829,47.0879],[-0.2838,47.0881]]],[[[-0.2823,47.1005],[-0.304,47.0955],[-0.2907,47.0976],[-0.2823,47.1005]]],[[[-0.2663,47.1809],[-0.2758,47.1826],[-0.2595,47.1576],[-0.1991,47.1433],[-0.1935,47.1339],[-0.171,47.1304],[-0.1424,47.1203],[-0.0807,47.0867],[-0.0301,47.0857],[-0.0258,47.1026],[-0.015,47.1122],[-0.0228,47.1302],[-0.0287,47.1287],[-0.054,47.1456],[-0.0799,47.1301],[-0.1215,47.1411],[-0.1758,47.1408],[-0.2043,47.1526],[-0.2053,47.1755],[-0.2663,47.1809]]]]},"properties":{"sector_id":65}},
{"type":"Feature","geometry":{"type":"Polygon","coordinates":[[[7.5689,48.0337],[7.4374,48.0528],[7.3122,48.0397],[7.3017,47.9677],[7.28,47.9404],[7.226,47.9045],[7.2243,47.88],[7.139,47.8075],[7.1178,47.8105],[7.1027,47.8067],[7.1042,47.8032],[7.1156,47.7935],[7.1178,47.7669],[7.0382,47.7614],[7.0307,47.7557],[7.0755,47.7521],[7.1522,47.7316],[7.1731,47.716],[7.2252,47.7347],[7.3302,47.7359],[7.3678,47.7547],[7.4162,47.7397],[7.4044,47.717],[7.4129,47.6825],[7.4894,47.6221],[7.5358,47.5551],[7.593,47.601],[7.5647,47.6345],[7.5211,47.6637],[7.5141,47.7036],[7.5479,47.74],[7.5313,47.7868],[7.5624,47.841],[7.5567,47.8799],[7.5835,47.9036],[7.5805,47.924],[7.6221,47.9723],[7.6088,48.0003],[7.5689,48.0337]]]},"properties":{"sector_id":66}},
{"type":"Feature","geometry":{"type":"MultiPolygon","coordinates":[[[[2.8587,50.7118],[2.8192,50.7154],[2.7867,50.7338],[2.7622,50.7708],[2.7175,50.8136],[2.635,50.8128],[2.5947,50.9207],[2.6327,50.946],[2.6069,50.9909],[2.5741,51.0033],[2.5629,51.0646],[2.5459,51.0893],[2.4814,51.0697],[2.3822,51.0487],[2.3552,51.0591],[2.2015,51.0328],[2.1775,51.0153],[2.1433,51.0224],[2.108,51.004],[1.9152,50.984],[1.8654,50.9694],[1.8737,50.925],[1.913,50.9112],[1.9307,50.8811],[2.0889,50.8284],[2.1234,50.8095],[2.19,50.8131],[2.1884,50.7972],[2.2914,50.7798],[2.3198,50.7031],[2.4221,50.7057],[2.4637,50.6924],[2.5751,50.6394],[2.6223,50.6297],[2.7149,50.6354],[2.785,50.6604],[2.8587,50.7118]]],[[[5.4898,49.4996],[5.447,49.5537],[5.4278,49.5966],[5.3515,49.6308],[5.3327,49.6535],[5.2692,49.6961],[5.2175,49.6875],[5.1653,49.693],[5.1256,49.7124],[5.0935,49.7637],[5.0717,49.7611],[4.9571,49.8017],[4.9057,49.7855],[4.8635,49.789],[4.8668,49.8424],[4.8522,49.8522],[4.89,49.9093],[4.8471,49.949],[4.7909,49.9584],[4.8189,49.9951],[4.8265,50.0513],[4.8509,50.1013],[4.8971,50.1378],[4.8773,50.1535],[4.8238,50.1615],[4.7622,50.1364],[4.7513,50.1117],[4.7021,50.0955],[4.685,50.007],[4.6644,49.9941],[4.5977,49.9862],[4.5411,49.9693],[4.524,49.9507],[4.4458,49.9372],[4.3502,49.9521],[4.3087,49.9697],[4.1948,49.9567],[4.1729,49.9769],[4.1336,49.976],[4.0882,49.9709],[4.0567,49.9854],[4.045,49.9853],[4.0557,49.9707],[4.0268,49.946],[4.0195,49.9403],[4.0582,49.9392],[4.0755,49.921],[4.2278,49.9139],[4.3002,49.8963],[4.3485,49.9018],[4.3547,49.8753],[4.3624,49.8588],[4.4425,49.822],[4.4912,49.8069],[4.4788,49.785],[4.5541,49.7853],[4.6307,49.755],[4.6697,49.7305],[4.696,49.699],[4.7403,49.6871],[4.7829,49.6942],[4.8534,49.6675],[4.8669,49.6872],[4.966,49.659],[4.9769,49.6437],[5.05,49.6035],[5.0763,49.6329],[5.1084,49.6069],[5.1822,49.5935],[5.2193,49.558],[5.2715,49.5748],[5.3191,49.5749],[5.3455,49.5555],[5.3933,49.5493],[5.3666,49.5233],[5.4414,49.5151],[5.4898,49.4996]]],[[[2.1675,49.3967],[2.153,49.4009],[2.1438,49.3985],[2.1413,49.4038],[2.1271,49.4104],[2.0982,49.418],[2.0674,49.4288],[2.0343,49.4226],[1.9553,49.4744],[1.8114,49.5436],[1.7427,49.5902],[1.6279,49.6379],[1.5629,49.6821],[1.5024,49.7014],[1.433,49.7378],[1.3559,49.756],[1.3707,49.7287],[1.4295,49.6754],[1.4768,49.5969],[1.5251,49.5772],[1.5407,49.549],[1.5985,49.5275],[1.6381,49.4898],[1.7257,49.4487],[1.8764,49.4276],[1.9354,49.4145],[1.9831,49.3795],[2.051,49.3548],[2.1484,49.3409],[2.1442,49.3458],[2.1567,49.3501],[2.1488,49.3548],[2.1663,49.3944],[2.1675,49.3967]]],[[[5.8564,49.5064],[5.8486,49.5144],[5.8359,49.5275],[5.7744,49.563],[5.7626,49.5431],[5.7741,49.5118],[5.8344,49.5195],[5.8564,49.5064]]],[[[5.7213,49.54],[5.6605,49.5536],[5.6161,49.5276],[5.6451,49.5391],[5.6865,49.5295],[5.7213,49.54]]],[[[6.3578,49.4634],[6.2951,49.4817],[6.2564,49.51],[6.1745,49.5098],[6.1235,49.4734],[6.075,49.4636],[6.0786,49.4215],[6.0311,49.3407],[6.0771,49.317],[6.1139,49.2818],[6.0544,49.246],[6.1038,49.2188],[6.0788,49.1883],[6.1041,49.1757],[6.1204,49.1364],[6.0897,49.1257],[6.0826,49.0903],[6.0447,49.0588],[6.0314,49.005],[6.0009,48.9792],[6.027,48.9272],[6.009,48.9005],[6.067,48.8581],[6.1204,48.7679],[6.1455,48.74],[6.2366,48.9294],[6.2677,49.0327],[6.3602,49.1568],[6.4349,49.2498],[6.513,49.3133],[6.5777,49.3375],[6.5817,49.3561],[6.5841,49.3858],[6.5691,49.3887],[6.5361,49.3728],[6.5234,49.4094],[6.488,49.4239],[6.4995,49.4503],[6.4774,49.4577],[6.4259,49.4427],[6.4054,49.417],[6.424,49.4023],[6.4092,49.4034],[6.3406,49.404],[6.3578,49.4634]]],[[[5.8564,49.5064],[5.9548,49.4636],[5.9724,49.4833],[5.9286,49.4981],[5.8564,49.5064]]],[[[6.1374,48.7223],[6.1276,48.7228],[6.1355,48.7181],[6.1374,48.7223]]],[[[6.112,48.6295],[6.0562,48.6305],[6.0654,48.5957],[6.0332,48.58],[6.0238,48.5483],[5.9672,48.5275],[5.9565,48.5012],[5.9769,48.4747],[5.9712,48.4512],[5.9768,48.4467],[6.0733,48.5229],[6.112,48.6295]]],[[[7.4017,48.2886],[7.4224,48.3183],[7.4136,48.375],[7.4358,48.421],[7.3771,48.4183],[7.3821,48.46],[7.3277,48.4992],[7.3336,48.5155],[7.309,48.5831],[7.288,48.5877],[7.2543,48.5279],[7.2002,48.5411],[7.1784,48.5292],[7.0913,48.5141],[7.1295,48.4918],[7.1529,48.4478],[7.1393,48.419],[7.1249,48.421],[7.0792,48.3933],[7.0426,48.4166],[6.8864,48.3754],[6.9247,48.3541],[7.0551,48.3204],[7.1331,48.3422],[7.0072,48.2415],[6.9791,48.2534],[6.9325,48.2286],[6.9317,48.2012],[6.8861,48.1978],[6.8807,48.1731],[6.7906,48.189],[6.7606,48.1859],[6.6981,48.2021],[6.6693,48.1941],[6.5993,48.1436],[6.6302,48.1389],[6.6549,48.1143],[6.5961,48.1053],[6.5834,48.0657],[6.5124,48.062],[6.5098,48.0247],[6.5706,47.9874],[6.5742,47.9848],[6.5831,47.9842],[6.5706,47.9805],[6.5429,47.9776],[6.4524,47.9212],[6.5012,47.9178],[6.5341,47.8947],[6.4779,47.8602],[6.451,47.8327],[6.5067,47.8246],[6.5023,47.7583],[6.562,47.7386],[6.6151,47.733],[6.5844,47.7005],[6.6557,47.6777],[6.6599,47.653],[6.641,47.6249],[6.562,47.6058],[6.6198,47.5818],[6.5483,47.5592],[6.5092,47.5349],[6.4514,47.5622],[6.4443,47.5658],[6.4458,47.5595],[6.4358,47.5537],[6.4079,47.5254],[6.3059,47.4542],[6.2978,47.4392],[6.3359,47.4095],[6.3534,47.3756],[6.3546,47.3835],[6.3699,47.3893],[6.3759,47.4543],[6.4236,47.4589],[6.468,47.4945],[6.5272,47.4988],[6.556,47.5206],[6.5942,47.5202],[6.7571,47.5993],[6.7816,47.5962],[6.8047,47.6439],[6.8478,47.6373],[6.8902,47.652],[6.9353,47.6846],[6.9588,47.6877],[6.9691,47.7306],[6.9861,47.7487],[7.0098,47.7562],[7.0307,47.7557],[7.0382,47.7614],[7.0964,47.8051],[7.1178,47.8105],[7.139,47.8075],[7.2243,47.88],[7.226,47.9045],[7.28,47.9404],[7.3017,47.9677],[7.3122,48.0397],[7.2802,48.0712],[7.3012,48.0951],[7.305,48.1355],[7.3349,48.1328],[7.3454,48.1758],[7.3697,48.2256],[7.3912,48.2396],[7.4017,48.2886]],[[6.5699,48.0428],[6.5682,48.0364],[6.5557,48.0329],[6.5609,48.0456],[6.5699,48.0428]]],[[[5.9112,48.3999],[5.9112,48.402],[5.9111,48.4042],[5.8578,48.3913],[5.851,48.3715],[5.7909,48.3903],[5.779,48.3867],[5.8237,48.3621],[5.8117,48.3261],[5.8151,48.3256],[5.9112,48.3999]]],[[[6.8649,48.365],[6.8326,48.3568],[6.8456,48.3269],[6.8978,48.3351],[6.8649,48.365]]],[[[5.7491,48.2912],[5.7309,48.267],[5.735,48.2593],[5.7368,48.2609],[5.7441,48.2798],[5.7519,48.2734],[5.7704,48.2889],[5.7491,48.2912]]],[[[5.7201,48.2469],[5.7127,48.2485],[5.704,48.2398],[5.7048,48.2339],[5.7201,48.2469]]],[[[5.689,48.2282],[5.6561,48.2252],[5.6177,48.194],[5.5776,48.2105],[5.5399,48.1633],[5.506,48.1536],[5.5176,48.1257],[5.5126,48.0962],[5.4873,48.0841],[5.4859,48.0857],[5.4803,48.0943],[5.4534,48.0942],[5.4414,48.0959],[5.4206,48.0987],[5.4193,48.1049],[5.4113,48.1038],[5.3867,48.1045],[5.3736,48.1114],[5.371,48.0961],[5.3707,48.0922],[5.3767,48.0859],[5.3649,48.0754],[5.3614,48.071],[5.4039,48.0513],[5.4186,48.0231],[5.4047,48.0237],[5.3822,48.0291],[5.3741,48.0343],[5.3528,48.0256],[5.3323,48.0272],[5.3156,48.0368],[5.3097,48.0411],[5.3207,48.0502],[5.3049,48.0424],[5.3017,48.0438],[5.2996,48.0424],[5.2844,48.0422],[5.2671,48.0416],[5.2563,48.0447],[5.2717,48.0388],[5.3278,48.0222],[5.3328,48.0179],[5.3381,48.0066],[5.3373,48.0015],[5.3375,47.989],[5.3363,47.9845],[5.3359,47.9784],[5.3385,47.9809],[5.3417,47.9849],[5.3454,47.9944],[5.346,48.0064],[5.3785,47.9814],[5.3955,47.9718],[5.405,47.9723],[5.4017,47.9756],[5.3904,47.9822],[5.3971,47.9827],[5.39,47.9898],[5.3672,48.0055],[5.3658,48.0085],[5.3526,48.0104],[5.348,48.0148],[5.3461,48.0195],[5.3778,48.0187],[5.4117,48.0004],[5.4187,47.9849],[5.4229,47.9772],[5.43,47.9622],[5.414,47.9624],[5.4046,47.967],[5.386,47.9655],[5.3808,47.9657],[5.3752,47.9604],[5.3721,47.9593],[5.3552,47.9561],[5.3384,47.9553],[5.3145,47.9522],[5.3014,47.9527],[5.2966,47.9595],[5.2838,47.9693],[5.2843,47.9903],[5.2706,47.9991],[5.2539,48.0065],[5.2489,48.006],[5.2433,48.0015],[5.2459,48.0034],[5.2628,47.9782],[5.2668,47.9623],[5.2526,47.9481],[5.2503,47.9419],[5.2647,47.9561],[5.2759,47.9413],[5.2808,47.9314],[5.273,47.9156],[5.2837,47.9162],[5.2832,47.905],[5.2803,47.9098],[5.2673,47.9008],[5.2641,47.9008],[5.2704,47.8936],[5.2574,47.8862],[5.2393,47.8763],[5.2505,47.8777],[5.2615,47.8535],[5.2714,47.852],[5.2723,47.8783],[5.2792,47.8771],[5.296,47.8857],[5.2985,47.872],[5.3173,47.827],[5.3267,47.837],[5.3372,47.8676],[5.3377,47.8534],[5.3431,47.8425],[5.352,47.8345],[5.3559,47.8219],[5.3537,47.8144],[5.3882,47.8064],[5.4052,47.8193],[5.4332,47.8363],[5.4738,47.8512],[5.4792,47.8724],[5.472,47.88],[5.4786,47.8947],[5.4976,47.9019],[5.5023,47.908],[5.496,47.9113],[5.5017,47.9221],[5.5021,47.9285],[5.5076,47.9367],[5.5118,47.9434],[5.521,47.9424],[5.534,47.9415],[5.5427,47.9518],[5.5483,47.9486],[5.5564,47.9491],[5.573,47.9584],[5.5893,47.9591],[5.6018,47.9658],[5.6106,47.9717],[5.6253,47.975],[5.6412,47.975],[5.6439,47.989],[5.6472,47.9958],[5.6423,47.9961],[5.6329,48.0006],[5.6303,48.0146],[5.6516,48.0226],[5.6075,48.084],[5.6053,48.128],[5.6958,48.2251],[5.689,48.2282]],[[5.4589,48.0826],[5.4766,48.0757],[5.4859,48.0723],[5.4599,48.0672],[5.4509,48.0727],[5.4611,48.0719],[5.4262,48.0784],[5.4105,48.0871],[5.3822,48.0898],[5.3939,48.1006],[5.413,48.1003],[5.4208,48.0945],[5.4387,48.0903],[5.4414,48.0893],[5.4589,48.0826]],[[5.3906,48.088],[5.4321,48.0706],[5.4261,48.0602],[5.3996,48.0686],[5.3877,48.0706],[5.3906,48.088]]],[[[6.0299,47.3166],[6.0357,47.322],[5.8567,47.2674],[5.8249,47.2209],[5.7956,47.2356],[5.7404,47.2233],[5.6759,47.2195],[5.6795,47.1858],[5.7598,47.1889],[5.8088,47.1972],[5.9273,47.2437],[5.9833,47.2757],[5.9955,47.2997],[6.0299,47.3166]]],[[[5.4959,47.14],[5.5438,47.1615],[5.6341,47.2159],[5.5843,47.227],[5.5281,47.2164],[5.4929,47.1854],[5.4756,47.1343],[5.4959,47.14]]],[[[-2.2771,47.0292],[-2.3018,46.9894],[-2.2647,46.9606],[-2.2174,47.0081],[-2.2771,47.0292]]],[[[-2.3713,46.7349],[-2.3996,46.7162],[-2.3653,46.6945],[-2.328,46.6865],[-2.2862,46.6964],[-2.3181,46.72],[-2.3713,46.7349]]],[[[7.2865,43.6952],[7.3199,43.6906],[7.3599,43.7224],[7.3992,43.7188],[7.4374,43.7516],[7.4746,43.7512],[7.5083,43.7783],[7.5184,43.803],[7.4979,43.8716],[7.5611,43.8987],[7.558,43.9176],[7.5876,43.9549],[7.6322,43.9647],[7.6704,43.9983],[7.6623,44.0282],[7.7005,44.0407],[7.7151,44.0841],[7.6745,44.1179],[7.6708,44.1529],[7.6461,44.1784],[7.6201,44.1495],[7.5761,44.1534],[7.4261,44.1198],[7.3574,44.1162],[7.3419,44.1459],[7.2803,44.1412],[7.2194,44.1685],[7.1627,44.208],[7.1431,44.2002],[7.0702,44.233],[7.0382,44.2238],[7.0085,44.2352],[6.9957,44.2799],[6.9559,44.2976],[6.8968,44.3751],[6.8927,44.4207],[6.9364,44.4399],[6.8767,44.4813],[6.8535,44.5293],[6.8786,44.5543],[6.9329,44.5734],[6.9334,44.5962],[6.9684,44.6198],[6.9477,44.6537],[6.9891,44.6898],[7.0771,44.6809],[7.0658,44.7136],[7.0235,44.74],[7.0064,44.8396],[6.9312,44.8635],[6.9125,44.8448],[6.8632,44.8506],[6.7507,44.9057],[6.7635,44.9712],[6.743,45.0165],[6.6739,45.0196],[6.6621,45.0716],[6.6267,45.1038],[6.6728,45.1246],[6.6801,45.1401],[6.74,45.1367],[6.7679,45.1597],[6.8214,45.1453],[6.8479,45.1272],[6.8939,45.1372],[6.8841,45.1567],[6.9326,45.1728],[6.9649,45.1957],[7.0119,45.1838],[7.1376,45.2557],[7.1145,45.3292],[7.1347,45.3313],[7.1843,45.4075],[7.1144,45.4335],[7.103,45.4685],[7.0458,45.4786],[7.0532,45.4958],[7,45.5048],[6.9954,45.5757],[6.9779,45.5899],[7.0011,45.6396],[6.9699,45.6541],[6.9308,45.6457],[6.8931,45.6755],[6.8471,45.6897],[6.8084,45.7252],[6.8036,45.8159],[6.8189,45.8362],[6.8721,45.8309],[6.9337,45.8448],[6.9914,45.868],[7.0183,45.9144],[7.0449,45.9224],[7.018,45.9604],[7.0105,45.9974],[6.9851,46.0047],[6.9499,46.0517],[6.9241,46.0651],[6.8913,46.0424],[6.8828,46.0951],[6.8999,46.1239],[6.8152,46.1293],[6.792,46.1629],[6.8127,46.1816],[6.8037,46.2043],[6.8645,46.283],[6.7845,46.3327],[6.7716,46.3612],[6.7906,46.3928],[6.7059,46.408],[6.6589,46.3733],[6.6603,46.3588],[6.5863,46.3267],[6.5404,46.3452],[6.4722,46.3043],[6.4494,46.2767],[6.3766,46.2549],[6.3452,46.2338],[6.3293,46.2025],[6.3425,46.1679],[6.378,46.1488],[6.4338,46.1389],[6.4166,46.1098],[6.3624,46.0992],[6.3815,46.0884],[6.4579,46.0896],[6.486,46.0819],[6.505,46.0918],[6.5749,46.0791],[6.5503,46.0504],[6.5006,46.0678],[6.4473,46.0644],[6.3948,46.0606],[6.3481,46.0258],[6.3322,46.018],[6.3126,46.0149],[6.239,45.9763],[6.204,45.9222],[6.1235,45.8978],[6.0841,45.8183],[6.0196,45.725],[5.971,45.694],[5.9544,45.6718],[5.9243,45.5808],[5.9211,45.5692],[5.9502,45.5829],[5.9835,45.5696],[5.9981,45.5227],[5.9161,45.5637],[5.869,45.5377],[5.7932,45.4241],[5.7421,45.3735],[5.7176,45.371],[5.6769,45.3299],[5.6577,45.2969],[5.6439,45.2809],[5.694,45.2379],[5.6943,45.2179],[5.748,45.1996],[5.8738,45.264],[5.8593,45.278],[5.9148,45.3041],[5.9748,45.3892],[6.0024,45.4543],[5.9807,45.4862],[6.0065,45.4985],[6.054,45.4979],[6.0984,45.5225],[6.1278,45.5617],[6.177,45.5628],[6.2065,45.5838],[6.2643,45.5999],[6.2891,45.6236],[6.3618,45.6679],[6.394,45.6616],[6.349,45.6263],[6.2572,45.5688],[6.225,45.5407],[6.2043,45.562],[6.1683,45.5528],[6.0979,45.5086],[6.0502,45.4912],[6.055,45.4628],[6.0114,45.4204],[5.9964,45.3704],[5.953,45.2971],[5.8619,45.2119],[5.7725,45.1756],[5.7667,45.1589],[5.7117,45.1327],[5.7085,45.1114],[5.745,45.0859],[5.7075,45.0481],[5.6691,45.0476],[5.6449,45.0053],[5.648,45.019],[5.6713,45.0702],[5.6619,45.0844],[5.6947,45.1574],[5.6548,45.2244],[5.6236,45.2523],[5.6155,45.2689],[5.6042,45.3012],[5.5422,45.2812],[5.5015,45.2388],[5.4994,45.2195],[5.4828,45.2057],[5.3318,45.1254],[5.2937,45.0647],[5.2293,45.0518],[5.1945,45.0202],[5.1693,44.9719],[5.1313,44.9489],[5.0929,44.8947],[5.0547,44.8626],[5.0477,44.7803],[5.0804,44.7745],[5.1019,44.8155],[5.1381,44.7551],[5.2016,44.7564],[5.2148,44.8128],[5.2068,44.8695],[5.2592,44.852],[5.3031,44.9023],[5.3433,44.865],[5.3495,44.8323],[5.4802,44.8225],[5.4575,44.8005],[5.4505,44.7704],[5.463,44.7309],[5.5007,44.7655],[5.5736,44.7727],[5.6341,44.7574],[5.6749,44.6895],[5.6698,44.6536],[5.6432,44.6548],[5.6451,44.6091],[5.6077,44.5694],[5.5975,44.5429],[5.6266,44.5346],[5.6603,44.5022],[5.6258,44.4982],[5.6083,44.4483],[5.58,44.4329],[5.5862,44.4011],[5.5642,44.387],[5.5845,44.3483],[5.5795,44.3215],[5.5447,44.2962],[5.5706,44.2608],[5.4849,44.2529],[5.4772,44.2068],[5.5166,44.1817],[5.5504,44.1843],[5.5864,44.1673],[5.6684,44.1583],[5.7627,44.1316],[5.8506,44.1165],[5.9167,44.1248],[5.9079,44.1696],[5.9479,44.1749],[5.9427,44.2009],[5.9427,44.2029],[5.9531,44.1933],[5.9557,44.1893],[5.9567,44.1839],[6.0021,44.1867],[6.0298,44.2124],[6.1113,44.2349],[6.1239,44.2016],[6.1856,44.2017],[6.1575,44.1583],[6.1887,44.1148],[6.243,44.078],[6.2252,44.0459],[6.2589,44.0243],[6.2215,44.0089],[6.2304,43.9538],[6.1969,43.9238],[6.2105,43.8697],[6.2376,43.8221],[6.2604,43.8112],[6.2664,43.7844],[6.297,43.7672],[6.3594,43.7732],[6.4034,43.8024],[6.4366,43.7992],[6.4454,43.7783],[6.5011,43.7649],[6.5719,43.7683],[6.6602,43.7618],[6.6619,43.7963],[6.7057,43.8104],[6.7484,43.8083],[6.9162,43.846],[7.0139,43.8389],[7.1007,43.8406],[7.1484,43.8541],[7.1908,43.8371],[7.2274,43.8281],[7.245,43.7931],[7.2548,43.7264],[7.2865,43.6952]],[[6.8708,45.9292],[6.8831,45.9435],[6.9019,45.9556],[6.8619,45.9034],[6.8528,45.8995],[6.8708,45.9292]],[[6.5614,44.7994],[6.5603,44.7738],[6.5781,44.7558],[6.5866,44.7271],[6.6273,44.6884],[6.6057,44.6741],[6.5776,44.7301],[6.573,44.7535],[6.548,44.7813],[6.5614,44.7994]]],[[[6.0462,44.4437],[6.031,44.447],[6.0315,44.4425],[6.0462,44.4437]]],[[[-0.8552,45.9715],[-0.8552,45.9774],[-0.8497,45.9771],[-0.8447,45.981],[-0.8467,45.9851],[-0.8369,45.9882],[-0.781,45.984],[-0.7748,46.0003],[-0.8105,46.0057],[-0.8589,46.0575],[-0.8755,46.0429],[-0.9361,46.0381],[-0.9799,46.0588],[-1.049,46.0521],[-1.0563,46.0326],[-1.0566,46.0302],[-1.0533,46.0127],[-1.0654,45.9941],[-1.0576,45.9911],[-1.0433,45.9972],[-1.0456,46.0002],[-1.0329,45.9994],[-1.034,45.9944],[-1.0295,45.9936],[-1.0273,45.9979],[-1.0247,45.9964],[-1.0206,45.9989],[-1.0305,46.0002],[-1.0386,46.0041],[-1.0307,46.0077],[-1.0001,46.0024],[-1.0049,45.9823],[-1.0834,45.973],[-1.0664,45.9558],[-1.0017,45.9814],[-0.9911,45.9726],[-1.0062,45.9374],[-0.9789,45.9136],[-0.8872,45.9251],[-0.8635,45.9048],[-0.8218,45.9043],[-0.801,45.9197],[-0.7499,45.9197],[-0.7335,45.9292],[-0.7262,45.9296],[-0.7242,45.9297],[-0.7215,45.9305],[-0.8144,45.9297],[-0.8434,45.9113],[-0.8986,45.9622],[-0.8876,45.962],[-0.8852,45.9628],[-0.8668,45.971],[-0.8552,45.9715]],[[-1.0032,46.0387],[-0.9895,46.0439],[-0.9799,46.0422],[-1.0032,46.0387]],[[-0.9762,45.9914],[-0.9739,45.9936],[-0.9746,45.9988],[-0.9634,45.9994],[-0.9501,46.0062],[-0.9211,45.9903],[-0.947,45.9634],[-0.9824,45.9588],[-0.9897,45.9595],[-0.9823,45.9722],[-0.9703,45.9822],[-0.9752,45.9819],[-0.9819,45.9901],[-0.9762,45.9914]]],[[[-1.4104,46.048],[-1.3874,45.9982],[-1.387,45.9536],[-1.3413,45.9187],[-1.2934,45.8999],[-1.2554,45.8557],[-1.2395,45.8016],[-1.1957,45.8297],[-1.207,45.8522],[-1.188,45.8867],[-1.2496,45.9379],[-1.3041,45.9556],[-1.2854,45.9883],[-1.4104,46.048]]],[[[-1.0062,45.9262],[-1.0123,45.9358],[-0.9958,45.9659],[-1.0809,45.9494],[-1.0062,45.9262]]],[[[-1.0259,45.9108],[-1.0628,45.932],[-1.0771,45.937],[-1.0737,45.9166],[-1.0804,45.8999],[-1.106,45.8672],[-1.1379,45.8607],[-1.1506,45.8525],[-1.1305,45.8493],[-1.084,45.838],[-1.0679,45.8208],[-0.9609,45.7584],[-0.9555,45.7575],[-0.961,45.79],[-0.9561,45.8572],[-0.9766,45.877],[-0.9879,45.8799],[-0.9949,45.8747],[-1.0575,45.91],[-1.0681,45.9242],[-1.0494,45.9208],[-1.0259,45.9108]]],[[[-1.1446,45.8314],[-1.1493,45.8358],[-1.1356,45.8096],[-1.1941,45.7895],[-1.2383,45.7884],[-1.2359,45.693],[-1.2242,45.6736],[-1.1153,45.6493],[-1.078,45.6585],[-1.1111,45.6933],[-1.1627,45.7306],[-1.1743,45.7556],[-1.1293,45.7649],[-1.1253,45.762],[-1.1138,45.7481],[-1.0586,45.7366],[-0.9863,45.686],[-0.9683,45.705],[-0.9833,45.7404],[-1.0097,45.7482],[-1.0698,45.8027],[-1.1446,45.8314]]],[[[0.0284,45.2281],[-0.0205,45.2579],[-0.0129,45.2875],[-0.0453,45.3112],[-0.057,45.3486],[-0.1427,45.4019],[-0.197,45.4153],[-0.2222,45.4335],[-0.29,45.4309],[-0.2495,45.3653],[-0.2605,45.3334],[-0.2011,45.298],[-0.1815,45.2626],[-0.1999,45.23],[-0.2079,45.2291],[-0.2436,45.2324],[-0.344,45.2706],[-0.4118,45.3233],[-0.4594,45.3127],[-0.4687,45.3193],[-0.525,45.3667],[-0.5339,45.3697],[-0.6054,45.3467],[-0.6624,45.3574],[-0.6327,45.2965],[-0.6432,45.2398],[-0.5768,45.2245],[-0.6486,45.2068],[-0.6415,45.1732],[-0.6686,45.1325],[-0.6642,45.1224],[-0.6385,45.0774],[-0.5898,45.0423],[-0.5722,45.0428],[-0.5331,45.0341],[-0.4837,45.0209],[-0.4728,45.0008],[-0.4691,44.9959],[-0.4652,44.9972],[-0.4608,44.994],[-0.4567,44.9674],[-0.4129,44.9704],[-0.3188,44.9439],[-0.3006,44.9235],[-0.2696,44.9378],[-0.2604,44.9712],[-0.2144,44.9998],[-0.2119,45.0373],[-0.1481,45.0388],[-0.1221,45.0824],[-0.103,45.0818],[-0.0436,45.1137],[-0.0216,45.1798],[0.0228,45.2259],[0.0284,45.2281]]],[[[0.1013,45.2092],[0.0743,45.2147],[0.0393,45.2092],[0.0271,45.1785],[-0.0053,45.1467],[-0.0058,45.1193],[-0.075,45.0434],[-0.0176,45.0333],[0.0947,45.0357],[0.1638,45.0276],[0.2164,45.043],[0.2796,45.0393],[0.3329,45.0585],[0.3644,45.0516],[0.3652,45.0541],[0.3736,45.0577],[0.3757,45.0573],[0.3778,45.0592],[0.3829,45.0799],[0.3872,45.0783],[0.3828,45.0708],[0.3864,45.0627],[0.3929,45.066],[0.399,45.0787],[0.4427,45.1],[0.4457,45.1888],[0.3499,45.2103],[0.2932,45.2116],[0.2689,45.1816],[0.1745,45.1992],[0.1301,45.1916],[0.1013,45.2092]]],[[[0.5692,44.9682],[0.5134,44.9698],[0.4777,45.0075],[0.3842,45.018],[0.3697,45.0291],[0.3664,45.0326],[0.3341,45.0111],[0.2837,45.0016],[0.1663,45.0041],[0.1171,44.9955],[0.0322,44.9952],[-0.0232,45.0063],[-0.1082,45.0043],[-0.1791,44.9754],[-0.2232,44.9164],[-0.1808,44.8659],[-0.1294,44.8606],[-0.1044,44.8381],[-0.0692,44.8395],[-0.0043,44.8687],[0.027,44.8555],[0.0918,44.8581],[0.1778,44.8482],[0.2366,44.8569],[0.2426,44.8805],[0.2786,44.886],[0.3312,44.8742],[0.509,44.8596],[0.5173,44.8785],[0.5215,44.9551],[0.5763,44.966],[0.5692,44.9682]],[[0.4659,44.9625],[0.4701,44.9676],[0.4603,44.9466],[0.4572,44.944],[0.4659,44.9625]]],[[[0.6035,44.8402],[0.5552,44.8284],[0.5111,44.8035],[0.4329,44.8172],[0.3544,44.8113],[0.2827,44.8239],[0.1323,44.8139],[-0.0298,44.8253],[-0.0392,44.8112],[-0.1512,44.8169],[-0.2338,44.8609],[-0.2788,44.8574],[-0.2998,44.8751],[-0.3383,44.8697],[-0.3702,44.894],[-0.4432,44.9033],[-0.495,44.9217],[-0.503,44.8892],[-0.449,44.8969],[-0.3756,44.8834],[-0.3491,44.8661],[-0.2906,44.8517],[-0.2066,44.8164],[-0.1674,44.8213],[-0.1479,44.8056],[-0.1168,44.8096],[-0.0549,44.7839],[0.0011,44.816],[0.1013,44.7912],[0.1277,44.7727],[0.129,44.7426],[0.1697,44.741],[0.1982,44.7035],[0.1263,44.7114],[0.1152,44.6933],[0.0757,44.6852],[0.0736,44.6679],[0.0239,44.6466],[-0.023,44.6441],[-0.0938,44.6198],[-0.1067,44.5863],[-0.027,44.58],[0.0372,44.5668],[0.0815,44.5437],[0.1026,44.5205],[0.1746,44.4914],[0.2451,44.4386],[0.2836,44.4246],[0.3031,44.3893],[0.3306,44.3661],[0.3235,44.3414],[0.4864,44.3921],[0.5335,44.4249],[0.5955,44.443],[0.6505,44.4386],[0.7569,44.4151],[0.8216,44.4256],[0.8328,44.4295],[0.8962,44.4553],[0.9071,44.4645],[0.9185,44.4863],[0.902,44.5429],[0.8815,44.5487],[0.802,44.536],[0.776,44.5465],[0.8159,44.5997],[0.8208,44.6265],[0.8901,44.683],[0.9254,44.6788],[0.9348,44.7022],[0.9064,44.7197],[0.8651,44.6966],[0.8135,44.7143],[0.7858,44.7503],[0.7135,44.7832],[0.6907,44.7739],[0.6567,44.8015],[0.6626,44.8287],[0.635,44.8365],[0.6035,44.8402]],[[0.1562,44.8014],[0.1869,44.7746],[0.1327,44.7649],[0.1149,44.8091],[0.1562,44.8014]]],[[[-0.5232,44.892],[-0.5182,44.9168],[-0.5201,44.9176],[-0.5271,44.887],[-0.5232,44.892]]],[[[1.1836,44.4671],[1.1519,44.4622],[1.0879,44.4251],[0.9676,44.4109],[1.0159,44.4661],[0.999,44.4835],[0.9501,44.4701],[0.9121,44.4461],[0.8908,44.4187],[0.8407,44.3996],[0.7667,44.3847],[0.6692,44.3961],[0.6145,44.3909],[0.5103,44.3648],[0.3909,44.2978],[0.338,44.305],[0.3359,44.304],[0.332,44.2894],[0.3358,44.273],[0.3565,44.2559],[0.4282,44.2399],[0.5307,44.2404],[0.5794,44.2296],[0.6108,44.2097],[0.696,44.1778],[0.7185,44.157],[0.8192,44.1438],[0.8578,44.1276],[0.915,44.1282],[0.9979,44.0929],[1.0407,44.0903],[1.1304,44.1244],[1.1919,44.1137],[1.2288,44.1222],[1.2805,44.102],[1.3075,44.1032],[1.3613,44.0791],[1.3979,44.0872],[1.424,44.1079],[1.4678,44.1162],[1.491,44.1429],[1.549,44.1827],[1.5518,44.1488],[1.5255,44.1474],[1.4815,44.1175],[1.5862,44.1045],[1.6114,44.1108],[1.6097,44.093],[1.6149,44.0745],[1.6381,44.0775],[1.6266,44.1172],[1.5748,44.1788],[1.6137,44.2433],[1.6352,44.2431],[1.6427,44.2797],[1.6208,44.2859],[1.63,44.3178],[1.5677,44.3755],[1.4553,44.4005],[1.4047,44.3891],[1.351,44.4141],[1.2404,44.4185],[1.2008,44.4318],[1.2039,44.4673],[1.1836,44.4671]]],[[[4.768,44.4452],[4.7613,44.4534],[4.7676,44.4329],[4.7847,44.4297],[4.7876,44.433],[4.7813,44.4373],[4.7712,44.4382],[4.768,44.4452]]],[[[2.2313,43.5421],[2.1719,43.5452],[2.1179,43.5862],[2.0999,43.6166],[2.0437,43.6311],[2.0117,43.6485],[1.9665,43.6512],[1.9124,43.6799],[1.8677,43.6895],[1.8174,43.682],[1.7319,43.741],[1.6769,43.7536],[1.6311,43.7467],[1.5532,43.769],[1.5159,43.787],[1.4772,43.8205],[1.4348,43.8299],[1.4054,43.8529],[1.3488,43.8689],[1.3339,43.8939],[1.2742,43.9361],[1.2629,43.9154],[1.2724,43.8713],[1.3118,43.8175],[1.3405,43.7916],[1.4102,43.7629],[1.4775,43.7473],[1.5502,43.7038],[1.6072,43.6805],[1.6552,43.6462],[1.6918,43.6348],[1.6812,43.6145],[1.6162,43.6608],[1.4792,43.7281],[1.4105,43.7533],[1.3944,43.7413],[1.4518,43.6973],[1.4843,43.6516],[1.5255,43.5401],[1.5755,43.4779],[1.6751,43.434],[1.7209,43.4009],[1.6847,43.3925],[1.5443,43.4778],[1.5019,43.5119],[1.4509,43.5707],[1.4095,43.4969],[1.4439,43.4206],[1.4902,43.3431],[1.5302,43.3146],[1.6143,43.2951],[1.7154,43.2486],[1.7523,43.1894],[1.7316,43.1456],[1.7426,43.107],[1.7879,43.0844],[1.7816,43.0706],[1.7208,43.0889],[1.7113,43.1346],[1.6432,43.0408],[1.6078,43.0585],[1.6131,43.0976],[1.5964,43.1199],[1.5863,43.1641],[1.5973,43.2056],[1.5764,43.2343],[1.5242,43.2581],[1.4689,43.2949],[1.4311,43.339],[1.4188,43.3699],[1.3841,43.4067],[1.3742,43.4416],[1.3296,43.4478],[1.3015,43.3794],[1.2562,43.3294],[1.2318,43.2864],[1.1778,43.2706],[1.1683,43.247],[1.134,43.215],[1.0764,43.1943],[1.0003,43.1851],[0.97,43.1713],[0.9876,43.1303],[0.9654,43.1029],[1.0149,43.0377],[1.0526,43.045],[1.1282,43.0257],[1.11,43.0063],[1.0632,43.0386],[1.0009,43.0296],[0.9508,43.0824],[0.9733,43.1384],[0.8995,43.1007],[0.7773,43.0803],[0.7604,43.0934],[0.7158,43.093],[0.6502,43.0684],[0.5948,43.0596],[0.6417,42.9793],[0.6388,42.9452],[0.6007,42.9515],[0.5597,42.9926],[0.5882,43.0159],[0.565,43.0747],[0.6112,43.1169],[0.6932,43.1192],[0.7852,43.1019],[0.8731,43.1096],[0.9451,43.1482],[1.005,43.2218],[1.0595,43.2484],[1.0799,43.2853],[1.1426,43.3349],[1.163,43.3793],[1.1243,43.378],[1.1304,43.442],[1.1512,43.484],[1.1583,43.5437],[1.1888,43.5943],[1.2382,43.6292],[1.2135,43.6566],[1.1543,43.6314],[1.0724,43.605],[0.984,43.5255],[0.9688,43.4982],[0.9397,43.4893],[0.9108,43.4579],[0.8356,43.404],[0.8128,43.4245],[0.849,43.4366],[0.9446,43.5028],[1.0584,43.6088],[1.0942,43.637],[1.1771,43.6653],[1.2217,43.6964],[1.1675,43.7113],[1.1475,43.7692],[1.1391,43.8298],[1.1677,43.852],[1.1828,43.9282],[1.1573,43.9816],[1.1172,43.9853],[1.0724,44.0144],[1.0098,44.0169],[0.9585,44.0467],[0.8223,44.1058],[0.7444,44.1077],[0.674,44.1324],[0.6164,44.1635],[0.5875,44.1616],[0.4689,44.208],[0.3916,44.2114],[0.3542,44.2281],[0.2831,44.2795],[0.2598,44.2627],[0.2363,44.186],[0.2978,44.1438],[0.2358,44.0737],[0.2313,44.0512],[0.176,44.0373],[0.1374,44.0437],[0.1202,44.0028],[0.1412,43.9724],[0.1647,43.9089],[0.1223,43.8722],[0.169,43.8071],[0.169,43.786],[0.1238,43.7764],[0.1326,43.7492],[0.0839,43.7354],[0.0537,43.7128],[0.0224,43.7256],[-0.0224,43.7188],[-0.0065,43.6916],[-0.0286,43.6778],[0.0418,43.6239],[0.0541,43.5963],[0.0216,43.579],[0.0309,43.5499],[0.1523,43.4079],[0.1611,43.3762],[0.1468,43.3631],[0.1299,43.287],[0.1106,43.2645],[0.1256,43.1833],[0.1168,43.1298],[0.1556,43.0776],[0.1753,43.022],[0.2258,42.994],[0.2603,42.9417],[0.2539,42.9398],[0.2289,42.9459],[0.2197,42.9886],[0.1658,43.0246],[0.1536,43.0589],[0.1162,43.098],[0.0999,43.1324],[0.0487,43.1753],[-0.0117,43.1556],[-0.0416,43.0801],[-0.043,43.0241],[-0.0241,42.9808],[-0.0672,42.9508],[-0.0867,42.9659],[-0.1411,42.9784],[-0.1735,42.9412],[-0.2142,42.934],[-0.2266,42.9662],[-0.1834,43.0038],[-0.191,43.0223],[-0.1436,43.0361],[-0.06,43.0437],[-0.043,43.0615],[-0.0564,43.0965],[-0.111,43.108],[-0.074,43.1419],[-0.0591,43.1103],[-0.0217,43.1591],[-0.0417,43.1998],[-0.0242,43.2173],[-0.0153,43.2562],[0.0159,43.2742],[0.0354,43.3233],[0.0305,43.3854],[0.0156,43.3964],[0.0046,43.4953],[-0.0186,43.5264],[-0.0265,43.5603],[-0.0232,43.615],[-0.0925,43.6458],[-0.17,43.6535],[-0.2063,43.677],[-0.2357,43.6781],[-0.3045,43.7244],[-0.3119,43.742],[-0.3631,43.7602],[-0.3857,43.7641],[-0.4421,43.7726],[-0.4654,43.7707],[-0.511,43.7625],[-0.5841,43.7655],[-0.6702,43.7613],[-0.7202,43.7526],[-0.7732,43.758],[-0.8654,43.789],[-0.9083,43.7713],[-0.9261,43.7379],[-0.9711,43.7072],[-1.0474,43.6992],[-1.1197,43.6819],[-1.0813,43.6683],[-1.0819,43.6519],[-1.1733,43.6503],[-1.2123,43.6367],[-1.2127,43.6132],[-1.1712,43.5757],[-1.1948,43.5581],[-1.1087,43.5464],[-0.9448,43.5435],[-0.88,43.5117],[-0.84,43.5149],[-0.8106,43.4843],[-0.7572,43.4839],[-0.6926,43.4573],[-0.6196,43.4134],[-0.5184,43.3782],[-0.4188,43.3263],[-0.4155,43.2965],[-0.478,43.3153],[-0.5301,43.3522],[-0.605,43.3461],[-0.6584,43.4059],[-0.7346,43.4481],[-0.7629,43.4778],[-0.8193,43.4802],[-0.8428,43.5071],[-0.8756,43.5003],[-0.9368,43.5197],[-1.0302,43.5165],[-1.0007,43.4928],[-0.96,43.4777],[-0.9916,43.4545],[-0.9874,43.427],[-0.9382,43.3981],[-0.8389,43.3811],[-0.7953,43.3682],[-0.7347,43.2904],[-0.6833,43.2694],[-0.6775,43.2496],[-0.6051,43.2088],[-0.6232,43.172],[-0.6627,43.1968],[-0.6584,43.2243],[-0.7145,43.25],[-0.7948,43.3364],[-0.8351,43.3679],[-0.8837,43.3785],[-0.9092,43.3555],[-0.9661,43.3821],[-1.0192,43.4532],[-1.0264,43.4922],[-1.0952,43.5339],[-1.1475,43.5358],[-1.171,43.5123],[-1.2027,43.5225],[-1.2251,43.5032],[-1.3034,43.4914],[-1.3949,43.4909],[-1.4673,43.4601],[-1.4485,43.4322],[-1.4656,43.3946],[-1.5013,43.4439],[-1.5467,43.4309],[-1.5916,43.4415],[-1.5861,43.4485],[-1.5896,43.4497],[-1.6288,43.4135],[-1.7741,43.3703],[-1.7297,43.2957],[-1.668,43.3148],[-1.6226,43.3006],[-1.6304,43.2844],[-1.6087,43.2519],[-1.5749,43.2497],[-1.5346,43.2943],[-1.5059,43.2933],[-1.4659,43.2723],[-1.413,43.2733],[-1.3827,43.253],[-1.3818,43.1896],[-1.402,43.1779],[-1.4148,43.1279],[-1.4642,43.0975],[-1.4689,43.0775],[-1.4412,43.0463],[-1.3531,43.0282],[-1.3446,43.094],[-1.2998,43.0921],[-1.3093,43.0687],[-1.247,43.0424],[-1.2293,43.0553],[-1.1807,43.0325],[-1.1145,43.0237],[-1.081,43.0006],[-1.0163,42.9931],[-0.9736,42.9626],[-0.9427,42.9535],[-0.9137,42.9637],[-0.8657,42.951],[-0.8101,42.9518],[-0.753,42.9677],[-0.7244,42.9188],[-0.7331,42.8983],[-0.6023,42.8315],[-0.5434,42.7929],[-0.5098,42.8253],[-0.4401,42.7955],[-0.3949,42.7989],[-0.3481,42.8347],[-0.2767,42.8355],[-0.2383,42.808],[-0.1472,42.7762],[-0.1085,42.7329],[-0.0692,42.7179],[-0.0622,42.6949],[0.0018,42.6858],[0.0486,42.6961],[0.0902,42.7171],[0.1109,42.7103],[0.1772,42.7368],[0.2267,42.7175],[0.2526,42.7187],[0.2644,42.6928],[0.2956,42.6733],[0.3252,42.7051],[0.36,42.7244],[0.3955,42.6994],[0.4372,42.69],[0.5174,42.6913],[0.5292,42.7024],[0.6687,42.6893],[0.6737,42.717],[0.6507,42.7779],[0.6708,42.805],[0.6588,42.838],[0.7089,42.8612],[0.7665,42.8391],[0.8011,42.8416],[0.8582,42.8257],[0.9247,42.7893],[0.9653,42.8034],[1.0383,42.7782],[1.1082,42.7723],[1.1333,42.7279],[1.1663,42.7089],[1.2285,42.7276],[1.2542,42.7149],[1.3261,42.7244],[1.3897,42.6867],[1.4161,42.6547],[1.4393,42.6035],[1.4768,42.6145],[1.4778,42.6512],[1.5747,42.6498],[1.6023,42.6261],[1.6367,42.6305],[1.7377,42.6124],[1.7267,42.5895],[1.7505,42.564],[1.7198,42.5151],[1.7305,42.4924],[1.7865,42.4851],[1.8136,42.4596],[1.8768,42.4574],[1.9578,42.4241],[1.9648,42.3784],[1.9873,42.3617],[2.0587,42.358],[2.1168,42.3834],[2.1289,42.4128],[2.1571,42.4235],[2.2012,42.4165],[2.2571,42.4387],[2.3067,42.4288],[2.3473,42.4082],[2.4129,42.3911],[2.4665,42.3601],[2.4817,42.3404],[2.5421,42.3337],[2.5617,42.3575],[2.6205,42.3518],[2.6447,42.3602],[2.6731,42.4044],[2.7301,42.4225],[2.7647,42.4114],[2.8016,42.4199],[2.8388,42.4595],[2.861,42.4658],[2.9183,42.4566],[2.9452,42.4797],[3.0473,42.4578],[3.0872,42.4251],[3.1209,42.4381],[3.1745,42.4352],[3.1556,42.4772],[3.1314,42.4814],[3.132,42.5133],[3.0598,42.5358],[3.0484,42.5359],[3.0459,42.5364],[3.0337,42.536],[2.9658,42.5277],[2.9485,42.5166],[2.8486,42.5203],[2.8194,42.4987],[2.8167,42.4976],[2.8116,42.489],[2.8041,42.4859],[2.8043,42.4847],[2.8066,42.4821],[2.8036,42.4799],[2.8037,42.4779],[2.768,42.4783],[2.7636,42.4838],[2.7433,42.5002],[2.734,42.5046],[2.7479,42.5062],[2.7487,42.5072],[2.772,42.5505],[2.7359,42.5836],[2.7195,42.6338],[2.7247,42.6377],[2.7177,42.6408],[2.7086,42.6389],[2.7063,42.6422],[2.7019,42.642],[2.6923,42.6496],[2.6882,42.6553],[2.5867,42.6493],[2.5785,42.6505],[2.5757,42.6514],[2.5665,42.648],[2.5699,42.6541],[2.5687,42.659],[2.5724,42.661],[2.586,42.6628],[2.6083,42.6754],[2.631,42.69],[2.6346,42.6928],[2.6445,42.6953],[2.6506,42.7033],[2.6667,42.7017],[2.7868,42.7353],[2.8009,42.7492],[2.7814,42.7536],[2.7433,42.7454],[2.6971,42.7681],[2.7189,42.7986],[2.7964,42.84],[2.7916,42.8693],[2.8204,42.9135],[2.8515,42.943],[2.8689,42.9381],[2.889,42.9218],[2.9741,42.9144],[2.9751,42.9047],[2.98,42.9035],[3.0358,42.9049],[3.0504,42.904],[3.0575,42.907],[3.0403,42.9298],[3.0438,42.9643],[3.0852,43.0569],[3.013,43.0416],[2.9737,43.0704],[2.9911,43.0919],[2.9704,43.1851],[2.9862,43.2201],[2.9386,43.2423],[2.8809,43.2119],[2.8195,43.1599],[2.798,43.1711],[2.8291,43.2201],[2.7703,43.2315],[2.7364,43.2624],[2.6756,43.2454],[2.6169,43.1974],[2.5796,43.1989],[2.5321,43.1818],[2.4468,43.1942],[2.3862,43.2349],[2.3954,43.2995],[2.3891,43.3114],[2.358,43.3276],[2.343,43.3298],[2.2395,43.3296],[2.2173,43.3051],[2.1134,43.346],[2.0663,43.3429],[1.9919,43.3959],[2.0213,43.4244],[2.0874,43.4563],[2.1314,43.469],[2.1688,43.4965],[2.2304,43.4937],[2.2566,43.5103],[2.3282,43.493],[2.4138,43.4871],[2.4937,43.4646],[2.5018,43.4779],[2.4048,43.5043],[2.3945,43.5324],[2.35,43.5491],[2.3501,43.5969],[2.2814,43.6225],[2.2716,43.6361],[2.2824,43.6842],[2.3036,43.7034],[2.3007,43.7326],[2.2468,43.7591],[2.2483,43.7732],[2.2921,43.8174],[2.3053,43.8688],[2.3478,43.8966],[2.3147,43.9248],[2.2477,43.9308],[2.2191,43.9552],[2.2226,43.9621],[2.2713,43.96],[2.2667,44.0086],[2.2516,44.0354],[2.1765,44.0396],[2.1535,44.0576],[2.0728,44.0818],[2.0233,44.0841],[2.0227,44.11],[1.9981,44.137],[1.9117,44.1282],[1.9017,44.1105],[1.889,44.0963],[1.8794,44.1011],[1.8661,44.1014],[1.8612,44.0918],[1.8588,44.0524],[1.7332,44.0507],[1.6827,44.0131],[1.6473,44.0705],[1.6055,44.0733],[1.6013,44.0717],[1.5954,44.0596],[1.4444,44.04],[1.431,44.027],[1.3595,44.0102],[1.3555,43.9888],[1.3714,43.9426],[1.4265,43.9274],[1.4966,43.8792],[1.5235,43.8428],[1.5471,43.8392],[1.6397,43.7847],[1.6818,43.7878],[1.7094,43.8118],[1.7305,43.8483],[1.7768,43.8754],[1.8401,43.8969],[1.8816,43.9214],[1.9676,43.9421],[2.0262,43.9211],[2.1277,43.9543],[2.1846,43.9651],[2.2109,43.9465],[2.2048,43.9252],[2.1195,43.907],[2.0876,43.908],[2.0219,43.8871],[1.9297,43.8807],[1.7784,43.8054],[1.7739,43.7787],[1.7899,43.7541],[1.8256,43.766],[1.8893,43.7642],[1.9823,43.7835],[2.0049,43.7652],[2.0699,43.7722],[2.0694,43.756],[1.9746,43.7609],[1.9042,43.7445],[1.8807,43.75],[1.8431,43.7274],[1.8507,43.7015],[1.9238,43.6925],[1.9516,43.6656],[1.9874,43.6541],[2.0908,43.6448],[2.1652,43.5915],[2.1758,43.5532],[2.239,43.5524],[2.2491,43.537],[2.2313,43.5421]],[[-0.9173,43.6839],[-0.9994,43.6837],[-0.9641,43.7061],[-0.9175,43.712],[-0.9061,43.6862],[-0.9173,43.6839]]],[[[4.1008,43.6873],[4.1201,43.6991],[4.133,43.8205],[4.0645,43.8329],[3.973,43.7569],[3.9488,43.6972],[3.9904,43.6931],[3.9837,43.6776],[3.9566,43.6626],[3.9625,43.6546],[3.9667,43.6564],[3.9666,43.6607],[3.9786,43.6674],[4.0067,43.6754],[4.0397,43.6695],[4.1016,43.6834],[4.1008,43.6873]]],[[[7.0963,43.7332],[7.0425,43.7274],[7.0975,43.7308],[7.0963,43.7332]]],[[[7.0927,43.59],[7.0358,43.5769],[7.0049,43.6238],[7.0182,43.6573],[6.9758,43.6782],[7.0345,43.7014],[6.9885,43.7193],[6.9193,43.6632],[6.8986,43.6675],[6.8433,43.6466],[6.8041,43.6025],[6.7813,43.6218],[6.737,43.626],[6.6442,43.6497],[6.6002,43.6396],[6.5111,43.6343],[6.4323,43.6105],[6.4948,43.5672],[6.4827,43.5449],[6.4366,43.5603],[6.4244,43.5807],[6.3422,43.6017],[6.3198,43.5928],[6.1798,43.5668],[6.1451,43.5338],[6.1297,43.5535],[6.0598,43.5731],[6.0261,43.5632],[5.9633,43.597],[5.9583,43.6453],[5.9159,43.6528],[5.9056,43.6022],[5.8667,43.6048],[5.8599,43.5921],[5.9211,43.5767],[5.9543,43.5324],[5.9567,43.5459],[5.9593,43.5503],[5.9698,43.5592],[5.9742,43.5439],[5.9773,43.5445],[5.975,43.5435],[5.9788,43.5439],[5.9812,43.5346],[5.9877,43.5346],[5.9824,43.5521],[5.9898,43.5558],[6.0284,43.4993],[6.0875,43.5214],[6.1167,43.4985],[6.0822,43.4739],[6.0163,43.4764],[5.9989,43.4486],[6.021,43.4377],[6.1167,43.4288],[6.2514,43.4549],[6.2605,43.4409],[6.1819,43.417],[6.1421,43.4157],[6.1101,43.4242],[6.0206,43.4164],[5.9769,43.3928],[5.9631,43.3522],[5.9844,43.2911],[6.0292,43.3305],[5.9789,43.3372],[5.9867,43.3726],[6.0347,43.3831],[6.1009,43.3778],[6.1397,43.3829],[6.192,43.3648],[6.224,43.4163],[6.2647,43.4212],[6.3212,43.397],[6.2837,43.379],[6.2886,43.3253],[6.2799,43.3119],[6.214,43.2971],[6.1673,43.3019],[6.0945,43.2852],[6.0498,43.247],[6.062,43.23],[6.028,43.1998],[6.0311,43.1964],[6.0682,43.1622],[6.1075,43.1489],[6.148,43.1529],[6.2065,43.1162],[6.275,43.1208],[6.2894,43.1068],[6.3591,43.0892],[6.3679,43.1363],[6.4037,43.1492],[6.4867,43.1511],[6.5615,43.1891],[6.6417,43.1754],[6.6643,43.2118],[6.6636,43.238],[6.6976,43.2665],[6.6777,43.2789],[6.5912,43.263],[6.5498,43.2438],[6.5397,43.2753],[6.5932,43.2833],[6.666,43.3183],[6.6809,43.3408],[6.7161,43.3467],[6.7277,43.3925],[6.6621,43.4379],[6.6061,43.4589],[6.5688,43.458],[6.5565,43.4427],[6.5249,43.4315],[6.5172,43.4289],[6.5494,43.4448],[6.5576,43.4467],[6.5654,43.4656],[6.5701,43.4728],[6.6579,43.4631],[6.6834,43.442],[6.7307,43.4336],[6.7473,43.4191],[6.7821,43.4126],[6.8605,43.416],[6.9184,43.4477],[6.9311,43.4836],[6.9571,43.5006],[6.9434,43.5237],[6.9386,43.5719],[6.9185,43.5884],[6.9252,43.5978],[6.9473,43.5847],[6.9575,43.5635],[6.9653,43.5618],[6.9604,43.5774],[6.9627,43.583],[6.9616,43.5822],[6.9548,43.6],[6.9322,43.6265],[6.9248,43.615],[6.8812,43.6174],[6.8473,43.6309],[6.7957,43.5897],[6.7274,43.5833],[6.6683,43.5623],[6.6654,43.5822],[6.6568,43.5834],[6.5874,43.5759],[6.5526,43.5049],[6.5079,43.4897],[6.4967,43.4649],[6.4226,43.4573],[6.4081,43.412],[6.354,43.4064],[6.3363,43.4364],[6.2876,43.4639],[6.2122,43.4753],[6.2508,43.4929],[6.3126,43.4781],[6.3537,43.4889],[6.409,43.4783],[6.4376,43.499],[6.4673,43.5419],[6.5171,43.5295],[6.5292,43.5485],[6.5181,43.5777],[6.5741,43.5938],[6.6535,43.6298],[6.7098,43.6124],[6.798,43.5957],[6.8686,43.6465],[6.9403,43.6451],[6.9787,43.628],[7.0372,43.5381],[7.0704,43.5636],[7.1148,43.5653],[7.1148,43.5707],[7.1172,43.5762],[7.1049,43.5747],[7.0905,43.5845],[7.0916,43.5867],[7.0927,43.5874],[7.0955,43.5891],[7.0927,43.59]],[[6.3385,43.5582],[6.3744,43.5308],[6.3572,43.5005],[6.2841,43.5218],[6.2636,43.5529],[6.3179,43.5475],[6.3385,43.5582]],[[6.095,43.4005],[6.1592,43.401],[6.1444,43.3881],[6.095,43.4005]],[[6.9987,43.6292],[7.0063,43.6357],[6.9971,43.6177],[6.9987,43.6292]]],[[[3.8464,43.6391],[3.8703,43.6531],[3.9424,43.6718],[3.9174,43.6917],[3.941,43.7416],[3.886,43.7243],[3.8709,43.6995],[3.7852,43.6928],[3.7553,43.6643],[3.6703,43.7119],[3.6397,43.6608],[3.5985,43.7248],[3.5749,43.7113],[3.5701,43.7042],[3.5872,43.6798],[3.5383,43.6351],[3.5046,43.6195],[3.51,43.5935],[3.4811,43.5695],[3.4954,43.5479],[3.4293,43.419],[3.4335,43.416],[3.4731,43.4106],[3.5905,43.4358],[3.6076,43.4347],[3.6043,43.4741],[3.6329,43.5079],[3.5927,43.5216],[3.5803,43.5568],[3.5419,43.5512],[3.5359,43.5521],[3.5886,43.5834],[3.6299,43.6178],[3.7363,43.6354],[3.7847,43.6501],[3.8219,43.6433],[3.823,43.6483],[3.843,43.6472],[3.8464,43.6391]]],[[[3.5128,43.6931],[3.4782,43.7113],[3.4549,43.6856],[3.4432,43.6655],[3.5099,43.6525],[3.5619,43.6896],[3.5538,43.7],[3.555,43.7069],[3.5428,43.7031],[3.5244,43.6966],[3.5128,43.6931]]],[[[-1.2804,43.6125],[-1.334,43.613],[-1.3702,43.5831],[-1.4619,43.5582],[-1.4905,43.5321],[-1.49,43.5253],[-1.4814,43.5027],[-1.43,43.4943],[-1.4182,43.5101],[-1.3224,43.5229],[-1.2761,43.5141],[-1.2468,43.5274],[-1.2319,43.5319],[-1.2095,43.5448],[-1.2177,43.5785],[-1.2714,43.6103],[-1.2804,43.6125]]],[[[6.9721,43.5692],[6.9632,43.5776],[6.9633,43.5726],[6.9721,43.5692]]],[[[7.0185,43.5498],[6.9795,43.5659],[6.975,43.569],[6.9728,43.5669],[6.9843,43.5477],[7.0185,43.5498]]],[[[3.4399,43.6526],[3.4333,43.6573],[3.4315,43.6554],[3.4346,43.652],[3.4399,43.6526]]],[[[3.418,43.4227],[3.4115,43.4618],[3.4349,43.4781],[3.4356,43.5173],[3.468,43.5537],[3.4661,43.5958],[3.4387,43.6438],[3.4342,43.613],[3.4036,43.5759],[3.3852,43.5491],[3.3285,43.5326],[3.2781,43.5017],[3.2769,43.4989],[3.2797,43.4964],[3.2785,43.489],[3.2843,43.4873],[3.2848,43.4782],[3.2938,43.4752],[3.3045,43.4608],[3.3035,43.4491],[3.3292,43.4163],[3.334,43.4137],[3.3999,43.4114],[3.418,43.4227]]],[[[2.5295,43.3251],[2.578,43.2877],[2.5976,43.2872],[2.6725,43.2506],[2.7376,43.2702],[2.7711,43.2359],[2.8312,43.2486],[2.8747,43.2475],[2.8828,43.2633],[2.8632,43.2988],[2.9009,43.3131],[2.9601,43.3035],[2.9484,43.2665],[2.9941,43.2634],[3.0474,43.2733],[3.1011,43.2593],[3.1258,43.269],[3.165,43.2515],[3.1965,43.2524],[3.213,43.2338],[3.2312,43.3096],[3.1754,43.3369],[3.1289,43.397],[3.1361,43.4371],[3.1539,43.4276],[3.1661,43.418],[3.1679,43.4147],[3.1763,43.4113],[3.1833,43.4058],[3.1761,43.4154],[3.2339,43.4114],[3.2384,43.413],[3.3089,43.4166],[3.3064,43.4198],[3.3232,43.4147],[3.3029,43.4478],[3.2972,43.4688],[3.2807,43.4772],[3.2796,43.4868],[3.2774,43.4879],[3.2786,43.496],[3.275,43.4987],[3.2771,43.5017],[3.2027,43.4815],[3.1985,43.5046],[3.1381,43.498],[3.062,43.4707],[3.0364,43.474],[2.9425,43.4226],[2.8304,43.3914],[2.8158,43.3788],[2.748,43.3817],[2.6777,43.3544],[2.6309,43.3609],[2.5932,43.3361],[2.5295,43.3251]]],[[[3.2106,43.4026],[3.191,43.3946],[3.1834,43.4015],[3.1789,43.3816],[3.2134,43.3371],[3.2455,43.3252],[3.2723,43.33],[3.279,43.3689],[3.2536,43.3717],[3.2316,43.3829],[3.2316,43.3986],[3.2106,43.4026]]],[[[3.2763,43.3724],[3.2627,43.3856],[3.2358,43.3971],[3.2357,43.3849],[3.2423,43.3779],[3.2763,43.3724]]],[[[2.5239,43.3258],[2.4221,43.3203],[2.3958,43.3122],[2.3972,43.3004],[2.4,43.2623],[2.4304,43.2414],[2.4436,43.2095],[2.4893,43.1942],[2.5155,43.2026],[2.6151,43.2055],[2.6576,43.2507],[2.5994,43.285],[2.5776,43.2843],[2.5302,43.3205],[2.5239,43.3258]]],[[[6.1382,43.0843],[6.123,43.1114],[6.1548,43.1244],[6.1237,43.1498],[6.0775,43.1417],[6.0475,43.1078],[6.0023,43.1091],[6.0208,43.1388],[6.0613,43.1575],[6.0367,43.1904],[6.0357,43.1892],[6.0115,43.1487],[5.9691,43.1325],[5.8964,43.149],[5.8495,43.1416],[5.7659,43.1546],[5.7576,43.1678],[5.6948,43.1641],[5.6949,43.1436],[5.7791,43.1348],[5.7759,43.117],[5.8139,43.1068],[5.8037,43.0767],[5.8215,43.0537],[5.8587,43.0476],[5.9105,43.1007],[5.9359,43.1069],[6.0063,43.104],[6.0513,43.0789],[6.0867,43.0872],[6.1382,43.0843]]],[[[3.139,43.2441],[3.1247,43.2464],[3.0787,43.2385],[3.0833,43.2111],[3.0614,43.1898],[3.0496,43.1462],[3.065,43.1122],[3.1176,43.1257],[3.197,43.1871],[3.1883,43.224],[3.139,43.2441]]],[[[9.4665,42.9345],[9.4635,42.9866],[9.4181,43.011],[9.3866,42.9992],[9.3882,43.0077],[9.3432,42.9997],[9.3591,42.9456],[9.3548,42.9165],[9.3211,42.8935],[9.339,42.868],[9.3165,42.8441],[9.3419,42.7973],[9.3438,42.7394],[9.3583,42.7123],[9.3391,42.6755],[9.3026,42.6586],[9.2808,42.6751],[9.2578,42.7179],[9.1628,42.7367],[9.1229,42.7312],[9.0702,42.6922],[9.0607,42.6625],[9.0578,42.6594],[9.023,42.6469],[9.0075,42.6408],[8.9222,42.6394],[8.879,42.6291],[8.8766,42.6106],[8.8874,42.6069],[8.8494,42.61],[8.8103,42.5982],[8.8002,42.5673],[8.7773,42.556],[8.7549,42.5716],[8.7165,42.5491],[8.7201,42.5252],[8.6675,42.5162],[8.6748,42.4761],[8.6621,42.4266],[8.6582,42.4196],[8.6055,42.4163],[8.5579,42.3601],[8.6112,42.3496],[8.6149,42.3496],[8.6309,42.3413],[8.6289,42.3393],[8.6389,42.2997],[8.6963,42.2886],[8.6884,42.2817],[8.6877,42.2628],[8.6135,42.2519],[8.5729,42.2385],[8.5867,42.1713],[8.5954,42.1687],[8.5941,42.1432],[8.6644,42.1062],[8.6936,42.1239],[8.701,42.1115],[8.7123,42.0874],[8.7231,42.0708],[8.747,42.0502],[8.7514,42.049],[8.7634,42.0497],[8.7493,42.0444],[8.656,42.0093],[8.6694,41.9843],[8.6487,41.9686],[8.592,41.9644],[8.6234,41.9349],[8.609,41.9099],[8.6758,41.9042],[8.7707,41.9274],[8.8172,41.9288],[8.8026,41.8963],[8.7654,41.8433],[8.7327,41.7798],[8.6844,41.747],[8.722,41.7237],[8.775,41.7414],[8.771,41.7119],[8.8081,41.7152],[8.829,41.7072],[8.8434,41.6969],[8.916,41.6915],[8.9484,41.6958],[8.916,41.682],[8.8795,41.6629],[8.8768,41.6518],[8.7947,41.6329],[8.7849,41.6012],[8.8216,41.5444],[8.8509,41.5397],[8.92,41.4891],[8.9608,41.4926],[8.9815,41.4789],[9.0517,41.459],[9.0763,41.4768],[9.0835,41.4789],[9.0659,41.45],[9.1207,41.4377],[9.0955,41.3943],[9.1426,41.401],[9.1827,41.4267],[9.2234,41.4349],[9.2845,41.4779],[9.2777,41.5064],[9.2964,41.541],[9.33,41.5597],[9.3414,41.594],[9.318,41.6048],[9.2964,41.579],[9.2891,41.5874],[9.3077,41.6283],[9.3194,41.6375],[9.296,41.6769],[9.2996,41.6776],[9.3521,41.64],[9.3866,41.6602],[9.3723,41.6793],[9.4,41.7001],[9.375,41.6961],[9.3616,41.6977],[9.4032,41.7086],[9.3991,41.7508],[9.4018,41.7506],[9.394,41.798],[9.4036,41.8353],[9.3742,41.8449],[9.3528,41.871],[9.312,41.8754],[9.2387,41.8552],[9.2608,41.8701],[9.2573,41.8809],[9.2976,41.9221],[9.2922,41.9725],[9.3154,42.0115],[9.2779,42.0488],[9.3222,42.0498],[9.3559,42.0806],[9.4158,42.1758],[9.4205,42.198],[9.5028,42.2714],[9.5445,42.3236],[9.5363,42.3538],[9.5293,42.366],[9.5325,42.3753],[9.5327,42.3849],[9.539,42.4151],[9.486,42.4801],[9.4404,42.5196],[9.4444,42.5479],[9.4267,42.5871],[9.4305,42.5939],[9.4245,42.6264],[9.4338,42.6825],[9.4464,42.6865],[9.4657,42.7579],[9.4906,42.8081],[9.4901,42.8112],[9.4723,42.8329],[9.4718,42.8413],[9.4744,42.8853],[9.474,42.8901],[9.4651,42.9329],[9.4665,42.9345]]],[[[9.2218,41.3728],[9.2608,41.4219],[9.2168,41.4127],[9.1947,41.3675],[9.2151,41.3683],[9.2218,41.3728]]]]},"properties":{"sector_id":67}}
]}